token_id,Background,Skin,Hair Style,Hair Color,Eyes,Nose,Mouth,Suit,Tie,Neckwear,Face Accessory,Broker Badge,Pocket Square
1,Slate,Shadow,Tall,Dark Brown,Violet,Brown - Flat,Smile,Steel,Teal,Tie,Crown,Whale,
2,Slate,Lemon,Wavy,Light Brown,Amber,,Neutral,Navy,Blue,Tie,Gold Rims,Diamond Hands,
3,Sky Blue,Alien,Classic Side,Brown,Navy,Taupe - Wide,Neutral,Slate,Gold,Tie,Bluetooth Headset,,
4,Steel,Marshmallow,Tall,Light Brown,Teal,Dark Brown - Flat,Smirk,Forest,Purple,Tie,Headset,,
5,Pale Blue,Human,Short Crop,Charcoal,Navy,Brown - Wide,Blonde Mustache,Purple,Green,Tie,Bull Horns,,
6,Pale Blue,Human,Long Side,Dark Brown,Teal,Dark Brown - Flat,Neutral,Forest,Teal,Bow Tie,Monocle,,
7,Light Blue,Human,Bald,,Brown,,Smile,Charcoal,Green,Tie,Headset,,
8,Bloomberg Orange,Robot,Classic Side,Brown,Navy,Pink - Flat,Mustache,Charcoal,Purple,Bow Tie,Bluetooth Headset,Diamond Hands,
9,Tan,Devil,Classic Side,Blonde,Blue,Brown - Flat,Beard,Slate,Red,Tie,Headset,,
10,Tan,Marshmallow,Bald,,Brown,Dark Brown - Flat,Neutral,Slate,Teal,Tie,,Diamond Hands,
11,Steel,Human,Bald,,Slate Gray,Pink - Flat,Mustache,Slate,Purple,Tie,Banded Frameless,,
12,Slate,Human,Bald,,Violet,Taupe - Flat,Open,Slate,Red,Bow Tie,Headset,Diamond Hands,
13,Light Blue,Alien,Wide Top,Gray Brown,Slate Gray,Taupe - Flat,Smile,Slate,Red,Tie,3D Glasses,,
14,Tan,Alien,Classic Side,Jet Black,Green,Pink - Wide,Beard,Navy,Green,Tie,Headset,Diamond Hands,
15,Pale Blue,Robot,Tall,Charcoal,Green,Brown - Wide,Smirk,Charcoal,Red,Tie,,Insider,
16,Bloomberg Orange,Human,Wavy,Dark Brown,Violet,Taupe - Flat,Open,Purple,Gold,Tie,Monocle,Insider,
17,Pale Blue,Human,Wide Top,Brown,Slate Gray,,Gray Beard,Charcoal,Blue,Tie,Bluetooth Headset,,
18,Light Blue,Human,Classic Side,Light Brown,Brown,Brown - Wide,Open,Purple,Blue,Tie,Devil Horns,,
19,Steel,Robot,Bald,,Amber,Taupe - Wide,Neutral,Red,Purple,Bow Tie,Bluetooth Headset,,
20,Light Blue,Marshmallow,Wavy,Jet Black,Blue,Pink - Wide,Gray Beard,Steel,Green,Tie,3D Glasses,,
21,Slate,Human,Bald,,Brown,Dark Brown - Wide,Mustache,Forest,Gold,Tie,Bull Horns,,
22,Sky Blue,Human,Short Crop,Brown,Teal,Taupe - Wide,Smile,Purple,Blue,Tie,,,
23,Tan,Human,Wide Top,Gray Brown,Amber,Pink - Wide,Smirk,Slate,Green,Tie,Sunglasses,Diamond Hands,
24,Sky Blue,Human,Wide Top,Jet Black,Navy,,Smile,Navy,Green,Tie,,,
25,Pale Blue,Human,Wide Top,Gray Brown,Teal,Dark Brown - Wide,Neutral,Slate,Purple,Tie,Golden Devil Horns,,
26,Trading Floor Green,Human,Long Side,Dark Brown,Teal,Brown - Flat,Mustache,Steel,Gold,Bow Tie,Headset,Whale,
27,Tan,Shadow,Classic Side,Charcoal,Teal,Pink - Flat,Smile,Purple,Red,Tie,Blue Boom Headset,,
28,Slate,Human,Classic Side,Light Brown,Teal,Light Brown - Wide,Open,Charcoal,Purple,Tie,3D Glasses,,
29,Steel,Human,Tall,Brown,Blue,Pink - Flat,Gold Tooth,Steel,Teal,Bow Tie,Banded Frameless,,
30,Light Blue,Robot,Wide Top,Jet Black,Green,Brown - Wide,Smile,Pink,Green,Bow Tie,Bluetooth Headset,Whale,
31,Sky Blue,Lemon,Tall,Gray Brown,Slate Gray,Taupe - Flat,Mustache,Purple,Gold,Tie,,,
32,Sky Blue,Human,Long Side,Gray Brown,Amber,Dark Brown - Flat,Beard,Purple,Red,Tie,Bluetooth Headset,,
33,Tan,Alien,Wide Top,Blonde,Violet,Brown - Wide,Smile,Forest,Red,Tie,Headset,,
34,Steel,Human,Wide Top,Light Brown,Navy,,Smile,Purple,Blue,Tie,Headset,,
35,Trading Floor Green,Human,Long Side,Gray Brown,Brown,,Neutral,Navy,Teal,Tie,Headset,,
36,Sky Blue,Marshmallow,Wavy,Jet Black,Brown,Dark Brown - Flat,Blond Beard,Slate,Green,Tie,3D Glasses,,
37,Pale Blue,Lemon,Wide Top,Brown,Green,Brown - Wide,Mustache,Forest,Purple,Bow Tie,3D Glasses,Diamond Hands,
38,Sky Blue,Shadow,Long Side,Blonde,Teal,Brown - Wide,Smile,Steel,Purple,Bow Tie,Headset,Diamond Hands,
39,Sky Blue,Shadow,Long Side,Jet Black,Green,Brown - Wide,Smirk,Purple,Green,Tie,Bull Horns,Diamond Hands,
40,Slate,Zombie,Long Side,Charcoal,Slate Gray,Taupe - Flat,Beard,Steel,Red,Bow Tie,Rimless Glasses,Whale,
41,Trading Floor Green,Zombie,Short Crop,Light Brown,Amber,Light Brown - Wide,Mustache,Slate,Gold,Tie,Rimless Glasses,Whale,
42,Light Blue,Human,Tall,Jet Black,Violet,,Neutral,Slate,Blue,Bow Tie,Eye Patch,,
43,Sky Blue,Alien,Classic Side,Brown,Amber,Dark Brown - Wide,Open,Steel,Blue,Tie,Gold Headset,,
44,Pale Blue,Robot,Wavy,Light Brown,Blue,Pink - Wide,Smirk,Purple,Red,Tie,Bluetooth Headset,,
45,Bloomberg Orange,Robot,Bald,,Slate Gray,Dark Brown - Flat,Open,Forest,Red,Bow Tie,Bluetooth Headset,Whale,
46,Pale Blue,Lemon,Long Side,Blonde,Green,Pink - Wide,Beard,Slate,Teal,Bow Tie,Bluetooth Headset,,
47,Bloomberg Orange,Human,Long Side,Jet Black,Brown,Taupe - Wide,Smile,Forest,Red,Tie,Headset,Whale,
48,Pale Blue,Human,Bald,,Navy,Taupe - Flat,Beard,Charcoal,Blue,Tie,Banded Frameless,,
49,Slate,Human,Wavy,Charcoal,Blue,Light Brown - Flat,Smirk,Purple,Red,Tie,Headset,,
50,Steel,Human,Classic Side,Blonde,Navy,Brown - Wide,Beard,Charcoal,Red,Tie,Gold Rims,Diamond Hands,
51,Trading Floor Green,Human,Wavy,Jet Black,Violet,Light Brown - Wide,Open,Navy,Gold,Tie,Monocle,Diamond Hands,
52,Bloomberg Orange,Human,Tall,Gray Brown,Bull Candle,Dark Brown - Flat,Neutral,Slate,Teal,Tie,Crown,,
53,Tan,Shadow,Tall,Dark Brown,Brown,Dark Brown - Wide,Neutral,Charcoal,Blue,Bow Tie,3D Glasses,Diamond Hands,
54,Tan,Human,Classic Side,Blonde,Teal,Brown - Flat,Smirk,Slate,Blue,Tie,Banded Frameless,Insider,
55,Sky Blue,Robot,Short Crop,Jet Black,Green,,Blonde Mustache,Steel,Gold,Tie,Bluetooth Headset,,
56,Tan,Human,Tall,Dark Brown,Violet,Light Brown - Wide,Smirk,Navy,Blue,Tie,Bluetooth Headset,,
57,Pale Blue,Human,Classic Side,Jet Black,Slate Gray,Taupe - Wide,Beard,Charcoal,Green,Tie,Banded Frameless,Diamond Hands,
58,Steel,Human,Short Crop,Dark Brown,Navy,Brown - Wide,Neutral,Charcoal,Teal,Bow Tie,Bluetooth Headset,,
59,Light Blue,Robot,Bald,,Amber,Dark Brown - Flat,Open,Charcoal,Green,Tie,Banded Frameless,,Cream
60,Tan,Marshmallow,Wavy,Brown,Navy,,Beard,Charcoal,Red,Bow Tie,Devil Horns,,
61,Light Blue,Human,Long Side,Brown,Navy,Light Brown - Flat,Smile,Purple,Purple,Tie,Bluetooth Headset,,
62,Sky Blue,Human,Classic Side,Dark Brown,Violet,Taupe - Flat,Mustache,Slate,Green,Bow Tie,Bull Horns,Diamond Hands,
63,Tan,Human,Wide Top,Gray Brown,Slate Gray,Brown - Wide,Neutral,Steel,Blue,Tie,Banded Frameless,,
64,Tan,Devil,Wavy,Charcoal,Green,Taupe - Flat,Gray Beard,Forest,Purple,Tie,,,
65,Tan,Robot,Wavy,Light Brown,Green,Pink - Wide,Open,Navy,Blue,Tie,Blue Boom Headset,,
66,Trading Floor Green,Human,Bald,,Navy,,Neutral,Navy,Blue,Tie,3D Glasses,Insider,
67,Sky Blue,Alien,Short Crop,Brown,Violet,Taupe - Wide,Neutral,Navy,Gold,Tie,Bluetooth Headset,,
68,Pale Blue,Human,Classic Side,Jet Black,Amber,Dark Brown - Wide,Blond Beard,Purple,Red,Bow Tie,Devil Horns,Diamond Hands,
69,Steel,Human,Bald,,Teal,Pink - Wide,Neutral,Slate,Teal,Tie,Devil Horns,,
70,Light Blue,Marshmallow,Long Side,Jet Black,Slate Gray,Pink - Flat,Neutral,Charcoal,Blue,Tie,Bluetooth Headset,,
71,Steel,Zombie,Wide Top,Jet Black,Slate Gray,Taupe - Flat,Neutral,Charcoal,Blue,Tie,Gold Banded Frameless,,
72,Sky Blue,Human,Bald,,Slate Gray,Dark Brown - Flat,Blond Beard,Steel,Red,Tie,Bull Horns,,
73,Sky Blue,Lemon,Bald,,Slate Gray,,Beard,Charcoal,Green,Tie,,,
74,Sky Blue,Shadow,Bald,,Brown,Dark Brown - Wide,Open,Forest,Gold,Tie,3D Glasses,,
75,Slate,Alien,Classic Side,Jet Black,Green,Taupe - Wide,Mustache,Charcoal,Teal,Tie,3D Glasses,Diamond Hands,
76,Slate,Human,Long Side,Blonde,Blue,Pink - Wide,Smile,Slate,Blue,Tie,Eye Patch,,
77,Slate,Human,Short Crop,Light Brown,Amber,Brown - Flat,Beard,Charcoal,Teal,Bow Tie,Rimless Glasses,Diamond Hands,
78,Steel,Zombie,Short Crop,Dark Brown,Navy,Dark Brown - Flat,Mustache,Slate,Gold,Tie,Bluetooth Headset,,
79,Slate,Lemon,Bald,,Blue,Brown - Wide,Mustache,Purple,Green,Tie,Bluetooth Headset,,
80,Slate,Shadow,Short Crop,Gray Brown,Navy,Dark Brown - Wide,Gray Beard,Steel,Red,Bow Tie,,,
81,Slate,Alien,Tall,Charcoal,Bull Candle,Taupe - Wide,Beard,Forest,Blue,Tie,Bull Horns,,
82,Light Blue,Human,Short Crop,Blonde,Violet,Taupe - Wide,Neutral,Steel,Red,Tie,Bull Horns,,
83,Sky Blue,Human,Short Crop,Jet Black,Slate Gray,Light Brown - Wide,Smile,Forest,Purple,Tie,Sunglasses,,
84,Sky Blue,Human,Tall,Charcoal,Blue,Dark Brown - Flat,Neutral,Steel,Teal,Bow Tie,Headset,,
85,Sky Blue,Human,Short Crop,Jet Black,Green,Pink - Wide,Beard,Charcoal,Green,Tie,Bluetooth Headset,,
86,Light Blue,Devil,Tall,Blonde,Navy,,Smile,Charcoal,Purple,Tie,Blue Boom Headset,Insider,
87,Tan,Human,Tall,Dark Brown,Navy,Pink - Flat,Open,Rainbow,Teal,Tie,Devil Horns,Diamond Hands,
88,Light Blue,Human,Bald,,Brown,Pink - Flat,Smile,Navy,Purple,Bow Tie,Sunglasses,Diamond Hands,
89,Bloomberg Orange,Human,Bald,,Teal,Taupe - Wide,Beard,Rainbow,Red,Tie,Crown,,
90,Slate,Human,Tall,Gray Brown,Green,Brown - Flat,Neutral,Forest,Green,Bow Tie,Crown,,
91,Sky Blue,Human,Long Side,Charcoal,Teal,Light Brown - Flat,Smile,Forest,Teal,Bow Tie,Banded Frameless,Whale,
92,Tan,Marshmallow,Wide Top,Charcoal,Violet,Taupe - Flat,Smile,Purple,Green,Bow Tie,Headset,Diamond Hands,
93,Trading Floor Green,Human,Tall,Jet Black,Navy,Light Brown - Wide,Mustache,Purple,Red,Tie,Rimless Glasses,Insider,
94,Sky Blue,Devil,Classic Side,Charcoal,Amber,Light Brown - Wide,Smile,Charcoal,Blue,Bow Tie,Sunglasses,Whale,
95,Sky Blue,Human,Short Crop,Dark Brown,Brown,Pink - Wide,Open,Rainbow,Red,Tie,Golden Bull Horns,,
96,Pale Blue,Alien,Long Side,Charcoal,Violet,,Mustache,Steel,Red,Tie,,,
97,Sky Blue,Robot,Tall,Gray Brown,Green,,Neutral,Steel,Blue,Tie,Golden Bull Horns,Insider,
98,Tan,Alien,Tall,Jet Black,Navy,Pink - Wide,Mustache,Slate,Purple,Bow Tie,Sunglasses,,
99,Light Blue,Human,Wavy,Charcoal,Navy,Light Brown - Flat,Neutral,Navy,Green,Tie,Eye Patch,Insider,
100,Sky Blue,Human,Short Crop,Gray Brown,Teal,Brown - Flat,Smirk,Purple,Teal,Bow Tie,Headset,Diamond Hands,
101,Sky Blue,Lemon,Wavy,Blonde,Green,Dark Brown - Wide,Open,Purple,Gold,Tie,Headset,,
102,Tan,Marshmallow,Classic Side,Brown,Violet,Brown - Wide,Smirk,Purple,Purple,Tie,Devil Horns,Whale,
103,Bloomberg Orange,Human,Tall,Brown,Brown,Brown - Flat,Neutral,Purple,Red,Tie,Headset,,
104,Steel,Marshmallow,Wavy,Brown,Amber,Light Brown - Wide,Neutral,Navy,Red,Tie,Sunglasses,Insider,
105,Slate,Lemon,Bald,,Navy,Taupe - Wide,Open,Charcoal,Gold,Tie,Bull Horns,,
106,Slate,Human,Classic Side,Brown,Teal,Taupe - Wide,Mustache,Steel,Red,Bow Tie,,,
107,Trading Floor Green,Devil,Short Crop,Brown,Slate Gray,,Smirk,Charcoal,Gold,Tie,Crown,Diamond Hands,
108,Bloomberg Orange,Human,Wavy,Blonde,Blue,Pink - Flat,Smirk,Slate,Red,Bow Tie,,,
109,Sky Blue,Shadow,Long Side,Light Brown,Blue,Light Brown - Wide,Open,Forest,Purple,Tie,Bull Horns,,
110,Tan,Human,Bald,,Brown,Dark Brown - Flat,Beard,Charcoal,Red,Tie,Bluetooth Headset,,
111,Light Blue,Human,Tall,Brown,Navy,Dark Brown - Wide,Smile,Forest,Green,Tie,Headset,Whale,
112,Sky Blue,Lemon,Wide Top,Brown,Navy,Dark Brown - Flat,Mustache,Purple,Teal,Tie,3D Glasses,Whale,
113,Pale Blue,Alien,Short Crop,Charcoal,Teal,Brown - Wide,Smirk,Navy,Purple,Tie,Bluetooth Headset,Insider,
114,Tan,Marshmallow,Tall,Gray Brown,Navy,Pink - Flat,Gray Beard,Forest,Red,Bow Tie,Sunglasses,,
115,Tan,Human,Wide Top,Charcoal,Brown,Dark Brown - Flat,Blonde Mustache,Navy,Purple,Tie,Bluetooth Headset,,
116,Pale Blue,Human,Tall,Jet Black,Blue,,Blonde Mustache,Forest,Green,Bow Tie,Bluetooth Headset,Diamond Hands,
117,Tan,Human,Short Crop,Jet Black,Blue,Light Brown - Flat,Smile,Steel,Blue,Tie,Headset,Insider,
118,Trading Floor Green,Human,Wavy,Dark Brown,Slate Gray,Brown - Wide,Smirk,Forest,Gold,Tie,Crown,,
119,Bloomberg Orange,Human,Wavy,Gray Brown,Brown,,Mustache,Charcoal,Purple,Tie,Crown,Insider,
120,Bloomberg Orange,Lemon,Short Crop,Blonde,Green,Dark Brown - Flat,Open,Steel,Purple,Tie,Banded Frameless,Diamond Hands,
121,Pale Blue,Robot,Bald,,Slate Gray,Brown - Wide,Open,Steel,Red,Tie,3D Glasses,Diamond Hands,
122,Slate,Human,Bald,,Teal,,Smile,Navy,Purple,Tie,Headset,,
123,Sky Blue,Human,Long Side,Dark Brown,Brown,Dark Brown - Flat,Blond Beard,Charcoal,Gold,Tie,,,
124,Sky Blue,Robot,Long Side,Gray Brown,Green,Light Brown - Wide,Beard,Rainbow,Teal,Bow Tie,3D Glasses,,
125,Steel,Human,Long Side,Charcoal,Teal,Pink - Wide,Open,Slate,Gold,Tie,Crown,,
126,Pale Blue,Lemon,Tall,Dark Brown,Amber,Pink - Flat,Blond Beard,Forest,Gold,Tie,Bull Horns,Insider,
127,Bloomberg Orange,Human,Wide Top,Charcoal,Amber,Light Brown - Flat,Beard,Navy,Blue,Tie,,,
128,Slate,Human,Bald,,Teal,Clown Red - Wide,Smirk,Charcoal,Green,Tie,Headset,,
129,Sky Blue,Human,Long Side,Gray Brown,Green,Dark Brown - Wide,Neutral,Steel,Purple,Tie,Gold Headset,,
130,Pale Blue,Zombie,Classic Side,Blonde,Navy,,Beard,Charcoal,Blue,Tie,Bull Horns,Insider,
131,Bloomberg Orange,Human,Tall,Jet Black,Navy,Dark Brown - Wide,Neutral,Charcoal,Purple,Tie,Bluetooth Headset,,
132,Steel,Human,Tall,Blonde,Amber,Taupe - Wide,Gray Beard,Navy,Green,Tie,,,
133,Trading Floor Green,Human,Bald,,Blue,Pink - Wide,Open,Navy,Purple,Bow Tie,Bull Horns,,
134,Slate,Human,Bald,,Green,Dark Brown - Flat,Beard,Steel,Red,Tie,Blue Boom Headset,,Cream
135,Bloomberg Orange,Human,Wide Top,Charcoal,Brown,Light Brown - Flat,Gray Beard,Charcoal,Red,Bow Tie,Headset,,
136,Trading Floor Green,Human,Wavy,Charcoal,Green,Brown - Flat,Neutral,Slate,Blue,Tie,,,
137,Trading Floor Green,Human,Wavy,Gray Brown,Amber,Taupe - Flat,Open,Forest,Purple,Tie,Headset,,
138,Light Blue,Human,Wavy,Gray Brown,Brown,Taupe - Flat,Smirk,Navy,Blue,Tie,Bull Horns,,
139,Tan,Human,Tall,Light Brown,Slate Gray,Brown - Flat,Beard,Charcoal,Gold,Bow Tie,Gold Banded Frameless,,
140,Pale Blue,Alien,Wide Top,Charcoal,Teal,Taupe - Flat,Beard,Purple,Blue,Tie,Rimless Glasses,Insider,
141,Trading Floor Green,Devil,Wide Top,Light Brown,Amber,Brown - Flat,Smile,Slate,Blue,Tie,Gold Banded Frameless,Insider,
142,Steel,Human,Short Crop,Light Brown,Blue,Taupe - Flat,Beard,Navy,Blue,Tie,Rimless Glasses,,
143,Pale Blue,Human,Long Side,Light Brown,Teal,Pink - Wide,Smile,Slate,Gold,Tie,Blue Boom Headset,,
144,Trading Floor Green,Shadow,Classic Side,Jet Black,Blue,Light Brown - Wide,Neutral,Charcoal,Green,Tie,Blue Boom Headset,Whale,
145,Bloomberg Orange,Human,Wavy,Blonde,Violet,Dark Brown - Flat,Gray Beard,Charcoal,Blue,Tie,,Diamond Hands,
146,Steel,Devil,Tall,Charcoal,Slate Gray,Taupe - Flat,Open,Slate,Blue,Tie,Headset,,
147,Light Blue,Lemon,Tall,Jet Black,Green,Pink - Flat,Smirk,Purple,Gold,Tie,Banded Frameless,,
148,Tan,Alien,Short Crop,Charcoal,Slate Gray,Brown - Wide,Neutral,Slate,Red,Bow Tie,Headset,Diamond Hands,
149,Slate,Human,Wide Top,Brown,Violet,Dark Brown - Flat,Smirk,Steel,Red,Tie,Headset,,
150,Steel,Human,Tall,Dark Brown,Amber,,Smile,Charcoal,Purple,Bow Tie,Bluetooth Headset,,
151,Steel,Human,Classic Side,Gray Brown,Blue,Brown - Wide,Neutral,Forest,Gold,Tie,Banded Frameless,Diamond Hands,
152,Slate,Lemon,Long Side,Brown,Green,Light Brown - Wide,Mustache,Slate,Gold,Tie,Bull Horns,,
153,Pale Blue,Alien,Classic Side,Jet Black,Slate Gray,Brown - Flat,Gray Beard,Steel,Purple,Tie,3D Glasses,,
154,Steel,Devil,Long Side,Brown,Amber,Brown - Flat,Beard,Steel,Green,Tie,,,
155,Bloomberg Orange,Human,Tall,Dark Brown,Brown,Dark Brown - Flat,Blonde Mustache,Purple,Purple,Bow Tie,Headset,,
156,Sky Blue,Robot,Bald,,Amber,Taupe - Flat,Smile,Purple,Gold,Tie,Devil Horns,Diamond Hands,
157,Bloomberg Orange,Lemon,Short Crop,Brown,Blue,Brown - Wide,Blond Beard,Steel,Teal,Tie,Bull Horns,,
158,Bloomberg Orange,Marshmallow,Bald,,Blue,Pink - Flat,Neutral,Purple,Teal,Tie,3D Glasses,,
159,Light Blue,Human,Long Side,Charcoal,Green,Taupe - Flat,Open,Forest,Purple,Bow Tie,Banded Frameless,Diamond Hands,
160,Light Blue,Human,Short Crop,Gray Brown,Navy,,Smirk,Steel,Gold,Tie,Crown,,
161,Sky Blue,Devil,Classic Side,Light Brown,Slate Gray,Dark Brown - Wide,Beard,Steel,Teal,Tie,Bluetooth Headset,,
162,Slate,Human,Wavy,Charcoal,Slate Gray,,Smile,Navy,Gold,Tie,Banded Frameless,Insider,
163,Tan,Robot,Short Crop,Jet Black,Violet,Pink - Wide,Neutral,Navy,Green,Tie,Monocle,,
164,Bloomberg Orange,Alien,Wavy,Light Brown,Amber,Light Brown - Flat,Smile,Charcoal,Green,Bow Tie,Rimless Glasses,,
165,Trading Floor Green,Marshmallow,Bald,,Blue,Brown - Wide,Smile,Slate,Teal,Tie,Gold Headset,Whale,
166,Trading Floor Green,Shadow,Long Side,Light Brown,Blue,Light Brown - Flat,Neutral,Steel,Purple,Tie,Crown,,
167,Slate,Alien,Short Crop,Light Brown,Violet,Light Brown - Wide,Mustache,Forest,Teal,Tie,Bluetooth Headset,Insider,
168,Light Blue,Lemon,Bald,,Amber,Pink - Wide,Mustache,Forest,Red,Tie,Monocle,,
169,Trading Floor Green,Human,Wide Top,Jet Black,Amber,,Smirk,Slate,Teal,Tie,Bull Horns,Whale,
170,Slate,Human,Wavy,Light Brown,Amber,Brown - Flat,Smirk,Slate,Blue,Tie,3D Glasses,,
171,Trading Floor Green,Marshmallow,Bald,,Violet,Taupe - Wide,Open,Steel,Purple,Tie,Headset,,
172,Light Blue,Robot,Wavy,Gray Brown,Teal,Pink - Wide,Open,Forest,Blue,Tie,,,
173,Trading Floor Green,Devil,Short Crop,Blonde,Navy,Light Brown - Flat,Beard,Steel,Teal,Tie,Sunglasses,,
174,Bloomberg Orange,Robot,Classic Side,Brown,Navy,Brown - Flat,Gray Beard,Slate,Green,Tie,,,
175,Tan,Human,Wavy,Gray Brown,Bull Candle,Taupe - Flat,Smirk,Navy,Purple,Bow Tie,Bluetooth Headset,,
176,Steel,Zombie,Classic Side,Light Brown,Navy,,Smirk,Forest,Gold,Tie,3D Glasses,,
177,Pale Blue,Human,Short Crop,Blonde,Teal,Taupe - Wide,Blond Beard,Charcoal,Blue,Tie,Headset,Insider,
178,Trading Floor Green,Robot,Wide Top,Brown,Brown,Taupe - Wide,Neutral,Forest,Green,Tie,Rimless Glasses,Whale,
179,Pale Blue,Zombie,Wavy,Light Brown,Blue,Dark Brown - Wide,Blonde Mustache,Purple,Gold,Tie,Bluetooth Headset,Whale,
180,Light Blue,Human,Short Crop,Light Brown,Teal,Taupe - Flat,Gray Beard,Steel,Purple,Tie,Blue Boom Headset,,
181,Light Blue,Shadow,Wide Top,Dark Brown,Slate Gray,Dark Brown - Flat,Mustache,Charcoal,Red,Tie,Monocle,,
182,Light Blue,Human,Wide Top,Blonde,Green,Brown - Wide,Open,Navy,Red,Bow Tie,Headset,Diamond Hands,
183,Light Blue,Human,Wavy,Brown,Green,Pink - Flat,Blonde Mustache,Forest,Purple,Tie,Golden Bull Horns,Insider,
184,Light Blue,Human,Bald,,Navy,Pink - Flat,Beard,Steel,Purple,Bow Tie,Banded Frameless,,
185,Light Blue,Marshmallow,Long Side,Dark Brown,Violet,,Smile,Steel,Blue,Tie,,,
186,Steel,Marshmallow,Classic Side,Gray Brown,Amber,Taupe - Wide,Mustache,Charcoal,Green,Bow Tie,Sunglasses,Insider,
187,Light Blue,Marshmallow,Long Side,Charcoal,Navy,Pink - Wide,Gray Beard,Charcoal,Green,Tie,Sunglasses,,
188,Bloomberg Orange,Human,Bald,,Blue,Brown - Wide,Smile,Steel,Red,Tie,,Diamond Hands,
189,Pale Blue,Human,Tall,Jet Black,Green,Pink - Flat,Smirk,Purple,Gold,Tie,Rimless Glasses,Diamond Hands,
190,Light Blue,Human,Short Crop,Gray Brown,Brown,Pink - Wide,Open,Navy,Blue,Tie,Devil Horns,,
191,Bloomberg Orange,Human,Tall,Light Brown,Violet,Brown - Wide,Smirk,Steel,Blue,Tie,Banded Frameless,Insider,
192,Tan,Zombie,Classic Side,Blonde,Green,,Smile,Charcoal,Green,Tie,Bull Horns,Insider,
193,Slate,Lemon,Short Crop,Brown,Brown,Light Brown - Flat,Blond Beard,Steel,Teal,Tie,Devil Horns,,
194,Bloomberg Orange,Human,Wavy,Jet Black,Navy,Light Brown - Wide,Gray Beard,Navy,Blue,Tie,Bluetooth Headset,,
195,Trading Floor Green,Human,Short Crop,Charcoal,Brown,Taupe - Wide,Beard,Steel,Blue,Tie,,,
196,Steel,Human,Tall,Light Brown,Amber,Light Brown - Wide,Smile,Steel,Green,Tie,Banded Frameless,,
197,Sky Blue,Human,Long Side,Light Brown,Green,Dark Brown - Wide,Mustache,Navy,Blue,Tie,Eye Patch,Diamond Hands,
198,Bloomberg Orange,Alien,Wavy,Blonde,Green,,Open,Steel,Blue,Tie,Sunglasses,,
199,Pale Blue,Zombie,Bald,,Navy,Pink - Flat,Mustache,Forest,Purple,Tie,Bluetooth Headset,,
200,Trading Floor Green,Robot,Bald,,Slate Gray,Dark Brown - Flat,Open,Navy,Red,Bow Tie,Bluetooth Headset,Insider,
201,Slate,Human,Wide Top,Brown,Violet,Dark Brown - Wide,Smile,Steel,Purple,Tie,,,
202,Tan,Human,Wavy,Light Brown,Blue,Taupe - Flat,Open,Slate,Blue,Tie,Crown,Diamond Hands,
203,Tan,Alien,Long Side,Brown,Brown,Light Brown - Flat,Smirk,Charcoal,Blue,Tie,Banded Frameless,,
204,Light Blue,Alien,Bald,,Slate Gray,Taupe - Wide,Smirk,Purple,Gold,Tie,Headset,,
205,Trading Floor Green,Human,Wavy,Charcoal,Navy,Pink - Flat,Smile,Slate,Purple,Bow Tie,Monocle,Insider,
206,Light Blue,Shadow,Bald,,Blue,Pink - Wide,Beard,Steel,Teal,Tie,,,
207,Pale Blue,Lemon,Short Crop,Jet Black,Amber,Brown - Flat,Neutral,Slate,Purple,Tie,3D Glasses,Whale,
208,Bloomberg Orange,Human,Short Crop,Gray Brown,Violet,Brown - Wide,Mustache,Forest,Gold,Tie,Devil Horns,,
209,Light Blue,Human,Short Crop,Light Brown,Amber,Brown - Flat,Mustache,Purple,Gold,Tie,3D Glasses,,
210,Steel,Zombie,Bald,,Teal,Light Brown - Wide,Beard,Slate,Red,Tie,Rimless Glasses,,
211,Bloomberg Orange,Lemon,Wide Top,Blonde,Green,Pink - Flat,Smirk,Charcoal,Red,Bow Tie,Blue Boom Headset,Insider,
212,Tan,Marshmallow,Bald,,Amber,Brown - Wide,Beard,Charcoal,Blue,Tie,Sunglasses,Whale,
213,Steel,Marshmallow,Classic Side,Blonde,Navy,Taupe - Wide,Smirk,Forest,Blue,Bow Tie,,,
214,Trading Floor Green,Human,Wide Top,Gray Brown,Slate Gray,Dark Brown - Wide,Beard,Slate,Red,Bow Tie,3D Glasses,,
215,Bloomberg Orange,Human,Bald,,Navy,Brown - Wide,Open,Purple,Blue,Bow Tie,Gold Rims,Diamond Hands,
216,Pale Blue,Zombie,Short Crop,Gray Brown,Slate Gray,Pink - Wide,Smirk,Slate,Purple,Bow Tie,3D Glasses,,
217,Sky Blue,Human,Wide Top,Blonde,Green,Pink - Wide,Smile,Red,Gold,Bow Tie,Sunglasses,,
218,Pale Blue,Human,Bald,,Green,Dark Brown - Flat,Beard,Purple,Teal,Tie,Sunglasses,Diamond Hands,
219,Slate,Human,Long Side,Light Brown,Green,Pink - Flat,Open,Navy,Red,Tie,,,
220,Tan,Shadow,Tall,Blonde,Green,Brown - Flat,Open,Purple,Red,Bow Tie,,Diamond Hands,
221,Tan,Alien,Wide Top,Blonde,Amber,Dark Brown - Flat,Mustache,Purple,Green,Tie,3D Glasses,,
222,Steel,Human,Long Side,Dark Brown,Brown,Light Brown - Flat,Open,Forest,Green,Tie,Rimless Glasses,,
223,Light Blue,Devil,Long Side,Dark Brown,Navy,Brown - Wide,Smirk,Purple,Red,Tie,Headset,Whale,
224,Bloomberg Orange,Marshmallow,Wavy,Brown,Blue,Light Brown - Flat,Smile,Slate,Gold,Tie,Crown,Insider,
225,Bloomberg Orange,Human,Bald,,Violet,Dark Brown - Flat,Blonde Mustache,Charcoal,Green,Tie,Bull Horns,Diamond Hands,
226,Trading Floor Green,Human,Wavy,Dark Brown,Green,Light Brown - Wide,Mustache,Navy,Purple,Tie,,,
227,Steel,Human,Bald,,Blue,Taupe - Flat,Open,Red,Teal,Tie,Devil Horns,,
228,Trading Floor Green,Shadow,Wide Top,Jet Black,Blue,Dark Brown - Wide,Smile,Red,Red,Tie,3D Glasses,,
229,Trading Floor Green,Human,Wide Top,Jet Black,Navy,Taupe - Flat,Open,Slate,Gold,Tie,Sunglasses,,
230,Tan,Human,Bald,,Violet,Clown Red - Wide,Blond Beard,Charcoal,Green,Tie,Gold Rims,,
231,Tan,Human,Tall,Charcoal,Slate Gray,Pink - Wide,Beard,Forest,Gold,Tie,Headset,,
232,Trading Floor Green,Alien,Short Crop,Charcoal,Teal,Pink - Wide,Smile,Forest,Gold,Tie,Sunglasses,Insider,
233,Sky Blue,Human,Classic Side,Gray Brown,Amber,Light Brown - Flat,Neutral,Steel,Gold,Tie,Bull Horns,,
234,Tan,Marshmallow,Bald,,Teal,Light Brown - Wide,Beard,Charcoal,Gold,Tie,Golden Devil Horns,Insider,
235,Tan,Zombie,Classic Side,Light Brown,Slate Gray,Brown - Wide,Neutral,Forest,Gold,Tie,Bluetooth Headset,,
236,Sky Blue,Devil,Bald,,Violet,Pink - Flat,Smirk,Forest,Purple,Tie,Blue Boom Headset,,
237,Trading Floor Green,Marshmallow,Short Crop,Blonde,Slate Gray,Taupe - Wide,Smirk,Charcoal,Red,Bow Tie,Headset,Whale,
238,Light Blue,Marshmallow,Wavy,Gray Brown,Violet,Dark Brown - Flat,Open,Purple,Purple,Tie,Rimless Glasses,,
239,Slate,Devil,Bald,,Teal,Pink - Wide,Mustache,Forest,Teal,Tie,Monocle,Whale,
240,Slate,Human,Short Crop,Gray Brown,Brown,Light Brown - Wide,Smile,Charcoal,Blue,Bow Tie,Blue Boom Headset,,
241,Pale Blue,Lemon,Tall,Light Brown,Green,,Open,Steel,Green,Tie,Headset,Whale,
242,Steel,Human,Tall,Dark Brown,Violet,Light Brown - Wide,Mustache,Charcoal,Teal,Tie,3D Glasses,,
243,Steel,Shadow,Wide Top,Gray Brown,Navy,Taupe - Flat,Beard,Navy,Red,Bow Tie,,,
244,Pale Blue,Lemon,Bald,,Navy,Dark Brown - Wide,Smile,Navy,Blue,Bow Tie,,,
245,Slate,Alien,Bald,,Teal,Light Brown - Wide,Beard,Navy,Red,Tie,Rimless Glasses,,
246,Pale Blue,Devil,Classic Side,Jet Black,Navy,Dark Brown - Flat,Smirk,Slate,Blue,Tie,Headset,,
247,Bloomberg Orange,Marshmallow,Classic Side,Light Brown,Navy,Taupe - Flat,Mustache,Navy,Blue,Tie,,,
248,Tan,Zombie,Tall,Jet Black,Navy,Taupe - Wide,Mustache,Forest,Gold,Tie,Bull Horns,,
249,Bloomberg Orange,Shadow,Long Side,Brown,Green,Light Brown - Wide,Smile,Charcoal,Teal,Tie,Bluetooth Headset,,
250,Tan,Human,Tall,Dark Brown,Brown,Dark Brown - Wide,Smirk,Steel,Gold,Tie,Rimless Glasses,Insider,
251,Slate,Zombie,Classic Side,Light Brown,Slate Gray,Taupe - Wide,Neutral,Purple,Teal,Bow Tie,Headset,,
252,Trading Floor Green,Human,Wide Top,Jet Black,Green,Light Brown - Wide,Open,Forest,Green,Tie,Headset,,
253,Tan,Marshmallow,Bald,,Brown,Brown - Wide,Mustache,Forest,Purple,Bow Tie,Monocle,Whale,
254,Tan,Marshmallow,Classic Side,Dark Brown,Navy,Dark Brown - Flat,Beard,Slate,Blue,Tie,Rimless Glasses,Diamond Hands,
255,Trading Floor Green,Human,Wide Top,Blonde,Amber,Light Brown - Wide,Open,Navy,Green,Tie,Crown,,
256,Slate,Human,Short Crop,Jet Black,Navy,Light Brown - Flat,Gray Beard,Forest,Blue,Bow Tie,Blue Boom Headset,,
257,Tan,Lemon,Classic Side,Brown,Brown,,Neutral,Steel,Blue,Tie,Rimless Glasses,,
258,Steel,Alien,Bald,,Teal,Taupe - Flat,Open,Charcoal,Blue,Bow Tie,Rimless Glasses,,
259,Sky Blue,Zombie,Short Crop,Dark Brown,Violet,,Gold Tooth,Navy,Blue,Bow Tie,Bluetooth Headset,Insider,
260,Pale Blue,Human,Tall,Dark Brown,Blue,Dark Brown - Flat,Blond Beard,Charcoal,Green,Tie,Crown,Diamond Hands,
261,Sky Blue,Devil,Wavy,Jet Black,Amber,Brown - Wide,Beard,Slate,Teal,Tie,3D Glasses,Diamond Hands,
262,Slate,Marshmallow,Classic Side,Charcoal,Brown,Pink - Flat,Smile,Navy,Blue,Tie,Bluetooth Headset,,
263,Tan,Human,Classic Side,Jet Black,Brown,Light Brown - Flat,Open,Steel,Blue,Tie,Eye Patch,,
264,Trading Floor Green,Zombie,Short Crop,Blonde,Navy,Brown - Wide,Neutral,Forest,Teal,Bow Tie,Rimless Glasses,Whale,
265,Tan,Human,Classic Side,Jet Black,Blue,Light Brown - Flat,Smile,Steel,Gold,Bow Tie,Blue Boom Headset,,
266,Tan,Human,Tall,Blonde,Blue,,Open,Slate,Gold,Tie,,Whale,
267,Trading Floor Green,Human,Wide Top,Brown,Teal,Light Brown - Flat,Smirk,Forest,Purple,Tie,Bluetooth Headset,Diamond Hands,
268,Bloomberg Orange,Human,Classic Side,Charcoal,Amber,Pink - Flat,Neutral,Charcoal,Red,Bow Tie,Sunglasses,Whale,
269,Trading Floor Green,Alien,Tall,Charcoal,Teal,Brown - Wide,Open,Steel,Green,Tie,Headset,,
270,Slate,Robot,Wide Top,Brown,Green,Taupe - Wide,Blond Beard,Purple,Teal,Tie,Blue Boom Headset,,
271,Trading Floor Green,Alien,Wavy,Gray Brown,Green,Taupe - Wide,Open,Steel,Purple,Tie,Crown,,
272,Steel,Zombie,Short Crop,Blonde,Teal,,Open,Charcoal,Purple,Tie,Bull Horns,Whale,
273,Pale Blue,Human,Tall,Charcoal,Teal,Brown - Flat,Neutral,Purple,Teal,Tie,Bluetooth Headset,Whale,
274,Sky Blue,Robot,Short Crop,Dark Brown,Violet,Brown - Wide,Smile,Charcoal,Blue,Tie,Eye Patch,,
275,Sky Blue,Marshmallow,Wavy,Brown,Green,Dark Brown - Wide,Smile,Steel,Red,Tie,Sunglasses,,
276,Trading Floor Green,Alien,Bald,,Teal,Pink - Wide,Smile,Charcoal,Gold,Tie,Banded Frameless,,
277,Bloomberg Orange,Devil,Classic Side,Light Brown,Amber,Taupe - Wide,Open,Navy,Blue,Bow Tie,Rimless Glasses,Diamond Hands,
278,Pale Blue,Human,Wide Top,Gray Brown,Slate Gray,Pink - Wide,Blond Beard,Charcoal,Teal,Bow Tie,Rimless Glasses,,
279,Light Blue,Human,Tall,Light Brown,Amber,,Open,Navy,Blue,Tie,Bull Horns,,
280,Tan,Human,Wavy,Blonde,Navy,Brown - Wide,Open,Charcoal,Purple,Tie,Headset,Whale,
281,Slate,Robot,Tall,Dark Brown,Navy,Light Brown - Wide,Smirk,Slate,Blue,Tie,Bluetooth Headset,,
282,Steel,Marshmallow,Short Crop,Light Brown,Brown,Pink - Flat,Neutral,Navy,Purple,Tie,,Diamond Hands,
283,Bloomberg Orange,Human,Short Crop,Dark Brown,Violet,Light Brown - Flat,Beard,Forest,Teal,Bow Tie,Crown,,
284,Light Blue,Human,Long Side,Jet Black,Navy,Dark Brown - Wide,Gold Tooth,Navy,Teal,Bow Tie,Devil Horns,,
285,Bloomberg Orange,Human,Bald,,Brown,Taupe - Wide,Neutral,Slate,Purple,Tie,Headset,Whale,
286,Trading Floor Green,Human,Wavy,Gray Brown,Violet,Dark Brown - Flat,Beard,Slate,Red,Tie,Bluetooth Headset,,
287,Trading Floor Green,Human,Bald,,Green,Dark Brown - Wide,Neutral,Navy,Gold,Tie,Headset,Whale,
288,Sky Blue,Human,Classic Side,Brown,Violet,Dark Brown - Flat,Mustache,Charcoal,Teal,Tie,Crown,Whale,
289,Sky Blue,Human,Bald,,Green,Brown - Flat,Smile,Forest,Gold,Bow Tie,Rimless Glasses,,
290,Slate,Human,Short Crop,Blonde,Amber,Light Brown - Wide,Gray Beard,Navy,Green,Tie,Crown,,
291,Sky Blue,Lemon,Short Crop,Gray Brown,Navy,Light Brown - Wide,Mustache,Navy,Blue,Tie,Blue Boom Headset,Whale,
292,Light Blue,Human,Tall,Brown,Green,Brown - Flat,Blonde Mustache,Charcoal,Gold,Tie,Bull Horns,,
293,Pale Blue,Robot,Wavy,Blonde,Navy,Dark Brown - Wide,Gray Beard,Purple,Red,Tie,Bluetooth Headset,,
294,Slate,Human,Bald,,Navy,,Mustache,Slate,Green,Tie,Headset,,
295,Bloomberg Orange,Human,Wavy,Brown,Navy,Pink - Flat,Neutral,Charcoal,Blue,Tie,Monocle,,
296,Sky Blue,Robot,Tall,Light Brown,Brown,Brown - Wide,Smirk,Navy,Teal,Tie,Gold Headset,,
297,Slate,Robot,Bald,,Amber,Light Brown - Wide,Open,Forest,Red,Tie,Headset,Diamond Hands,
298,Pale Blue,Zombie,Wide Top,Brown,Slate Gray,Brown - Flat,Open,Steel,Red,Tie,Bluetooth Headset,Diamond Hands,
299,Light Blue,Lemon,Short Crop,Jet Black,Violet,Dark Brown - Flat,Neutral,Navy,Blue,Tie,Headset,,
300,Sky Blue,Human,Short Crop,Charcoal,Violet,Brown - Wide,Mustache,Charcoal,Blue,Tie,Banded Frameless,,
301,Sky Blue,Zombie,Wide Top,Blonde,Teal,,Neutral,Slate,Red,Tie,Crown,,
302,Trading Floor Green,Devil,Tall,Charcoal,Slate Gray,Pink - Flat,Smile,Forest,Green,Tie,Bull Horns,,Cream
303,Pale Blue,Devil,Wide Top,Brown,Slate Gray,Brown - Wide,Mustache,Rainbow,Teal,Tie,Headset,,
304,Light Blue,Zombie,Bald,,Green,,Open,Charcoal,Red,Tie,Sunglasses,Diamond Hands,
305,Pale Blue,Zombie,Short Crop,Blonde,Teal,Light Brown - Wide,Smirk,Forest,Red,Bow Tie,3D Glasses,,
306,Steel,Human,Short Crop,Brown,Teal,Brown - Flat,Blonde Mustache,Navy,Green,Bow Tie,Blue Boom Headset,,
307,Bloomberg Orange,Devil,Bald,,Green,Light Brown - Flat,Smile,Steel,Purple,Tie,Headset,,
308,Bloomberg Orange,Human,Tall,Brown,Violet,Taupe - Wide,Smirk,Forest,Red,Bow Tie,Rimless Glasses,,
309,Tan,Human,Wavy,Charcoal,Brown,,Open,Charcoal,Blue,Bow Tie,Gold Headset,Insider,
310,Light Blue,Human,Bald,,Teal,Clown Red - Wide,Smile,Charcoal,Gold,Bow Tie,Banded Frameless,Diamond Hands,
311,Light Blue,Human,Long Side,Blonde,Violet,Pink - Flat,Mustache,Purple,Gold,Bow Tie,Blue Boom Headset,,
312,Light Blue,Shadow,Classic Side,Light Brown,Slate Gray,Dark Brown - Flat,Neutral,Slate,Green,Bow Tie,Rimless Glasses,Whale,
313,Bloomberg Orange,Robot,Tall,Dark Brown,Brown,Light Brown - Flat,Smirk,Navy,Red,Tie,Sunglasses,,
314,Tan,Lemon,Wide Top,Blonde,Brown,Brown - Wide,Beard,Forest,Green,Tie,Banded Frameless,,
315,Steel,Human,Tall,Blonde,Navy,Dark Brown - Flat,Smile,Navy,Teal,Tie,Bluetooth Headset,,
316,Bloomberg Orange,Zombie,Tall,Gray Brown,Green,Dark Brown - Flat,Blonde Mustache,Forest,Green,Bow Tie,Sunglasses,,
317,Light Blue,Shadow,Bald,,Violet,Taupe - Wide,Smirk,Steel,Green,Tie,,Diamond Hands,
318,Tan,Human,Classic Side,Brown,Blue,,Open,Forest,Red,Bow Tie,Gold Banded Frameless,,
319,Trading Floor Green,Zombie,Long Side,Dark Brown,Blue,Pink - Wide,Smirk,Charcoal,Blue,Tie,Blue Boom Headset,Insider,
320,Sky Blue,Alien,Short Crop,Charcoal,Brown,Light Brown - Wide,Mustache,Charcoal,Green,Bow Tie,Bull Horns,,
321,Pale Blue,Human,Long Side,Light Brown,Violet,Dark Brown - Flat,Beard,Purple,Blue,Tie,Bull Horns,,
322,Slate,Human,Long Side,Jet Black,Brown,Dark Brown - Flat,Beard,Steel,Teal,Tie,Crown,,
323,Slate,Human,Short Crop,Blonde,Amber,Brown - Wide,Open,Charcoal,Teal,Tie,Headset,,
324,Light Blue,Lemon,Wavy,Blonde,Blue,Brown - Wide,Beard,Steel,Purple,Tie,Crown,Insider,
325,Tan,Shadow,Bald,,Brown,Brown - Wide,Mustache,Forest,Blue,Bow Tie,Blue Boom Headset,Insider,
326,Tan,Shadow,Bald,,Blue,Dark Brown - Wide,Open,Steel,Blue,Tie,Headset,Insider,
327,Trading Floor Green,Devil,Short Crop,Gray Brown,Brown,Taupe - Wide,Beard,Navy,Teal,Tie,Crown,,
328,Trading Floor Green,Zombie,Short Crop,Jet Black,Navy,Light Brown - Wide,Open,Steel,Teal,Tie,Banded Frameless,,
329,Light Blue,Human,Wavy,Brown,Teal,Dark Brown - Flat,Smile,Forest,Red,Bow Tie,Sunglasses,,
330,Sky Blue,Zombie,Short Crop,Gray Brown,Slate Gray,Dark Brown - Wide,Neutral,Navy,Blue,Tie,Banded Frameless,Insider,
331,Steel,Devil,Long Side,Jet Black,Green,Brown - Wide,Mustache,Slate,Blue,Bow Tie,,,
332,Slate,Alien,Wide Top,Blonde,Teal,Light Brown - Wide,Open,Steel,Teal,Tie,Headset,Insider,
333,Steel,Alien,Wavy,Gray Brown,Violet,Dark Brown - Flat,Neutral,Forest,Red,Tie,3D Glasses,Insider,
334,Bloomberg Orange,Human,Short Crop,Brown,Teal,Brown - Wide,Beard,Steel,Green,Tie,Headset,,
335,Pale Blue,Lemon,Classic Side,Charcoal,Teal,Light Brown - Wide,Beard,Navy,Blue,Tie,Gold Headset,Diamond Hands,
336,Steel,Human,Wide Top,Gray Brown,Slate Gray,Pink - Wide,Blond Beard,Purple,Purple,Bow Tie,Gold Banded Frameless,Diamond Hands,
337,Steel,Human,Wide Top,Light Brown,Brown,Brown - Flat,Smirk,Slate,Purple,Tie,Bluetooth Headset,,
338,Slate,Marshmallow,Long Side,Dark Brown,Green,Taupe - Flat,Beard,Purple,Red,Bow Tie,Headset,,
339,Light Blue,Devil,Long Side,Gray Brown,Green,Brown - Flat,Open,Charcoal,Teal,Tie,Crown,Diamond Hands,
340,Slate,Human,Classic Side,Light Brown,Blue,Light Brown - Wide,Mustache,Steel,Teal,Tie,Headset,,
341,Steel,Human,Tall,Jet Black,Teal,Light Brown - Flat,Neutral,Navy,Green,Bow Tie,Headset,,
342,Tan,Robot,Short Crop,Gray Brown,Amber,Dark Brown - Flat,Open,Navy,Red,Tie,Sunglasses,,
343,Pale Blue,Marshmallow,Wavy,Brown,Blue,Taupe - Flat,Mustache,Purple,Green,Tie,Bull Horns,Insider,
344,Sky Blue,Zombie,Tall,Blonde,Blue,Taupe - Flat,Smirk,Charcoal,Purple,Tie,Monocle,,
345,Tan,Human,Wavy,Gray Brown,Blue,Light Brown - Wide,Smirk,Forest,Teal,Bow Tie,,Whale,
346,Bloomberg Orange,Human,Bald,,Amber,Light Brown - Flat,Gray Beard,Slate,Purple,Tie,Crown,,
347,Steel,Human,Classic Side,Jet Black,Violet,Light Brown - Flat,Smile,Purple,Green,Tie,Headset,Diamond Hands,
348,Slate,Human,Classic Side,Gray Brown,Violet,Pink - Flat,Mustache,Forest,Purple,Bow Tie,3D Glasses,,
349,Bloomberg Orange,Human,Long Side,Brown,Violet,Pink - Wide,Beard,Steel,Green,Tie,Golden Devil Horns,,
350,Trading Floor Green,Alien,Tall,Gray Brown,Slate Gray,Pink - Flat,Open,Charcoal,Teal,Tie,Bull Horns,Diamond Hands,
351,Pale Blue,Human,Wavy,Dark Brown,Brown,Dark Brown - Flat,Open,Forest,Green,Tie,Bull Horns,,
352,Pale Blue,Zombie,Classic Side,Dark Brown,Teal,Taupe - Wide,Open,Navy,Purple,Bow Tie,Crown,,
353,Steel,Human,Wavy,Blonde,Slate Gray,Taupe - Wide,Mustache,Navy,Gold,Bow Tie,Eye Patch,Insider,
354,Light Blue,Human,Tall,Brown,Green,Taupe - Flat,Smile,Steel,Green,Tie,3D Glasses,Whale,
355,Trading Floor Green,Devil,Classic Side,Brown,Amber,,Mustache,Charcoal,Red,Tie,Golden Devil Horns,Whale,
356,Steel,Human,Wavy,Dark Brown,Teal,Dark Brown - Flat,Smile,Forest,Gold,Tie,Eye Patch,,
357,Bloomberg Orange,Zombie,Wide Top,Brown,Green,Taupe - Flat,Beard,Forest,Blue,Bow Tie,Bluetooth Headset,Diamond Hands,
358,Sky Blue,Shadow,Wide Top,Dark Brown,Slate Gray,Pink - Flat,Blond Beard,Purple,Red,Tie,Headset,Insider,
359,Light Blue,Human,Long Side,Charcoal,Slate Gray,Taupe - Flat,Smirk,Navy,Green,Bow Tie,Bull Horns,,
360,Pale Blue,Human,Long Side,Gray Brown,Green,Taupe - Wide,Beard,Charcoal,Purple,Tie,Banded Frameless,Whale,
361,Sky Blue,Shadow,Wide Top,Light Brown,Green,Light Brown - Flat,Beard,Charcoal,Blue,Tie,Headset,Diamond Hands,
362,Trading Floor Green,Human,Short Crop,Gray Brown,Brown,,Beard,Purple,Teal,Tie,3D Glasses,Whale,
363,Sky Blue,Human,Wavy,Light Brown,Navy,Taupe - Flat,Beard,Purple,Green,Tie,,,
364,Tan,Human,Classic Side,Light Brown,Amber,Dark Brown - Flat,Open,Slate,Red,Bow Tie,Blue Boom Headset,,
365,Trading Floor Green,Lemon,Classic Side,Jet Black,Blue,Taupe - Flat,Neutral,Charcoal,Gold,Tie,,,
366,Tan,Human,Wavy,Brown,Blue,Pink - Wide,Beard,Navy,Purple,Tie,Rimless Glasses,,
367,Trading Floor Green,Robot,Classic Side,Dark Brown,Navy,Light Brown - Wide,Neutral,Slate,Red,Tie,Bluetooth Headset,,
368,Steel,Human,Classic Side,Dark Brown,Amber,Light Brown - Flat,Open,Forest,Red,Tie,Sunglasses,,
369,Bloomberg Orange,Human,Short Crop,Charcoal,Blue,Pink - Flat,Open,Slate,Red,Bow Tie,Bluetooth Headset,,
370,Tan,Robot,Wavy,Dark Brown,Amber,Pink - Wide,Smile,Slate,Green,Tie,Bull Horns,Insider,
371,Light Blue,Zombie,Wide Top,Jet Black,Green,Taupe - Flat,Mustache,Steel,Teal,Bow Tie,Rimless Glasses,Whale,
372,Light Blue,Human,Bald,,Teal,Taupe - Flat,Smile,Steel,Purple,Bow Tie,,,
373,Steel,Robot,Tall,Brown,Green,Dark Brown - Flat,Smile,Purple,Red,Tie,3D Glasses,,
374,Pale Blue,Human,Long Side,Blonde,Brown,Brown - Flat,Beard,Steel,Gold,Tie,Headset,Insider,
375,Tan,Human,Rainbow Afro,Rainbow,Navy,Pink - Flat,Smirk,Forest,Red,Tie,Bull Horns,Insider,
376,Slate,Human,Long Side,Dark Brown,Violet,Light Brown - Wide,Beard,Navy,Purple,Bow Tie,3D Glasses,,
377,Steel,Human,Short Crop,Brown,Slate Gray,Taupe - Flat,Blonde Mustache,Navy,Teal,Tie,Devil Horns,Diamond Hands,
378,Slate,Alien,Wide Top,Blonde,Brown,Dark Brown - Wide,Smile,Steel,Teal,Bow Tie,Rimless Glasses,,
379,Sky Blue,Human,Tall,Brown,Teal,Taupe - Wide,Mustache,Steel,Purple,Bow Tie,,Whale,
380,Light Blue,Human,Long Side,Brown,Slate Gray,Brown - Flat,Smile,Forest,Green,Tie,Crown,,
381,Bloomberg Orange,Human,Long Side,Gray Brown,Navy,Pink - Flat,Beard,Red,Blue,Tie,Bluetooth Headset,,
382,Tan,Zombie,Wavy,Blonde,Slate Gray,Pink - Flat,Open,Purple,Gold,Bow Tie,Headset,Diamond Hands,
383,Sky Blue,Marshmallow,Tall,Dark Brown,Teal,Taupe - Wide,Smile,Steel,Red,Tie,Banded Frameless,Insider,
384,Pale Blue,Human,Wide Top,Brown,Navy,,Open,Forest,Red,Bow Tie,Headset,,
385,Tan,Alien,Classic Side,Blonde,Green,Light Brown - Wide,Smile,Slate,Gold,Bow Tie,Sunglasses,,
386,Steel,Human,Short Crop,Blonde,Teal,Brown - Wide,Gray Beard,Steel,Blue,Tie,Bull Horns,,
387,Pale Blue,Alien,Bald,,Brown,Pink - Flat,Open,Navy,Gold,Bow Tie,,,
388,Trading Floor Green,Human,Short Crop,Dark Brown,Teal,Light Brown - Wide,Open,Slate,Purple,Tie,Bluetooth Headset,,
389,Slate,Human,Short Crop,Light Brown,Slate Gray,Brown - Flat,Neutral,Steel,Gold,Bow Tie,Headset,,
390,Pale Blue,Marshmallow,Short Crop,Gray Brown,Navy,Pink - Wide,Beard,Steel,Teal,Tie,Crown,,
391,Bloomberg Orange,Human,Short Crop,Blonde,Teal,Dark Brown - Wide,Beard,Charcoal,Blue,Bow Tie,Headset,,
392,Trading Floor Green,Human,Short Crop,Blonde,Amber,Light Brown - Flat,Open,Steel,Purple,Tie,Golden Devil Horns,,
393,Sky Blue,Lemon,Wavy,Dark Brown,Green,Pink - Flat,Open,Slate,Teal,Tie,,,
394,Light Blue,Alien,Wide Top,Light Brown,Slate Gray,Pink - Flat,Smirk,Navy,Teal,Tie,,,
395,Bloomberg Orange,Robot,Tall,Blonde,Brown,Taupe - Wide,Mustache,Steel,Blue,Tie,,Diamond Hands,
396,Trading Floor Green,Human,Wide Top,Brown,Violet,Pink - Wide,Mustache,Charcoal,Teal,Tie,Rimless Glasses,,
397,Steel,Lemon,Bald,,Slate Gray,Taupe - Flat,Neutral,Slate,Teal,Bow Tie,Devil Horns,,
398,Bloomberg Orange,Marshmallow,Tall,Brown,Blue,Brown - Wide,Blond Beard,Navy,Purple,Tie,Banded Frameless,,
399,Sky Blue,Human,Tall,Blonde,Slate Gray,Brown - Wide,Smirk,Purple,Gold,Tie,Bluetooth Headset,,
400,Pale Blue,Zombie,Bald,,Blue,Dark Brown - Wide,Mustache,Charcoal,Gold,Tie,Headset,,
401,Trading Floor Green,Human,Wide Top,Gray Brown,Blue,,Mustache,Navy,Purple,Tie,Bluetooth Headset,,
402,Bloomberg Orange,Human,Wide Top,Jet Black,Teal,Brown - Flat,Mustache,Steel,Purple,Tie,Banded Frameless,Diamond Hands,
403,Bloomberg Orange,Human,Classic Side,Jet Black,Brown,Dark Brown - Flat,Beard,Navy,Green,Tie,Bull Horns,,
404,Pale Blue,Human,Bald,,Blue,Brown - Flat,Blonde Mustache,Steel,Purple,Tie,Bluetooth Headset,,
405,Tan,Human,Short Crop,Gray Brown,Slate Gray,Dark Brown - Flat,Beard,Navy,Red,Tie,Gold Rims,,
406,Light Blue,Lemon,Wide Top,Gray Brown,Navy,,Blond Beard,Charcoal,Blue,Tie,Rimless Glasses,,
407,Slate,Robot,Classic Side,Light Brown,Blue,Brown - Flat,Beard,Navy,Red,Tie,Blue Boom Headset,Diamond Hands,
408,Sky Blue,Human,Bald,,Amber,Pink - Wide,Neutral,Forest,Blue,Tie,3D Glasses,,
409,Trading Floor Green,Devil,Wavy,Jet Black,Blue,Dark Brown - Flat,Smile,Purple,Gold,Tie,3D Glasses,Insider,
410,Slate,Lemon,Wide Top,Light Brown,Brown,,Beard,Slate,Green,Tie,Blue Boom Headset,Whale,
411,Sky Blue,Devil,Wide Top,Charcoal,Green,,Beard,Navy,Purple,Bow Tie,Bluetooth Headset,Insider,
412,Steel,Human,Tall,Charcoal,Blue,Pink - Flat,Mustache,Forest,Blue,Tie,Headset,Whale,
413,Bloomberg Orange,Devil,Long Side,Charcoal,Teal,Taupe - Flat,Smirk,Steel,Blue,Tie,Banded Frameless,,
414,Pale Blue,Human,Short Crop,Charcoal,Slate Gray,Brown - Wide,Mustache,Navy,Blue,Bow Tie,Bluetooth Headset,Whale,
415,Bloomberg Orange,Shadow,Tall,Charcoal,Violet,Light Brown - Wide,Smile,Slate,Purple,Tie,3D Glasses,,
416,Steel,Human,Classic Side,Blonde,Brown,Taupe - Wide,Smirk,Forest,Purple,Tie,Headset,,
417,Trading Floor Green,Devil,Short Crop,Dark Brown,Violet,Taupe - Flat,Smirk,Charcoal,Red,Tie,Headset,Diamond Hands,
418,Light Blue,Human,Wide Top,Dark Brown,Blue,Brown - Wide,Beard,Steel,Blue,Tie,Crown,,
419,Steel,Zombie,Wide Top,Light Brown,Teal,Pink - Wide,Mustache,Forest,Purple,Tie,,,
420,Pale Blue,Devil,Wavy,Jet Black,Navy,Taupe - Flat,Gold Tooth,Purple,Purple,Tie,Banded Frameless,,
421,Pale Blue,Human,Bald,,Amber,Brown - Flat,Open,Forest,Blue,Tie,,,
422,Bloomberg Orange,Human,Wide Top,Dark Brown,Violet,Taupe - Wide,Neutral,Forest,Red,Tie,Bluetooth Headset,Diamond Hands,
423,Pale Blue,Alien,Long Side,Dark Brown,Amber,Pink - Wide,Neutral,Forest,Red,Bow Tie,Gold Rims,,
424,Pale Blue,Human,Tall,Gray Brown,Navy,Pink - Wide,Smirk,Steel,Red,Tie,Headset,,
425,Trading Floor Green,Human,Long Side,Gray Brown,Blue,,Blond Beard,Forest,Teal,Bow Tie,3D Glasses,,
426,Tan,Human,Short Crop,Dark Brown,Slate Gray,Dark Brown - Flat,Open,Forest,Blue,Tie,3D Glasses,Whale,
427,Slate,Human,Long Side,Brown,Brown,Brown - Flat,Beard,Steel,Green,Tie,Bluetooth Headset,,
428,Bloomberg Orange,Human,Wavy,Charcoal,Teal,Brown - Wide,Blond Beard,Forest,Blue,Bow Tie,Bluetooth Headset,Diamond Hands,
429,Steel,Human,Long Side,Light Brown,Navy,Dark Brown - Flat,Smile,Forest,Green,Tie,Rimless Glasses,,
430,Sky Blue,Human,Bald,,Teal,Brown - Wide,Smile,Slate,Purple,Tie,Headset,Diamond Hands,
431,Light Blue,Alien,Wide Top,Gray Brown,Navy,Brown - Flat,Smirk,Steel,Purple,Tie,Eye Patch,Diamond Hands,
432,Sky Blue,Human,Wavy,Charcoal,Blue,,Open,Steel,Red,Tie,Crown,,
433,Tan,Human,Classic Side,Gray Brown,Amber,Pink - Wide,Beard,Purple,Blue,Bow Tie,Rimless Glasses,Diamond Hands,
434,Trading Floor Green,Alien,Short Crop,Gray Brown,Green,Pink - Wide,Open,Charcoal,Teal,Bow Tie,Rimless Glasses,,Cream
435,Steel,Human,Bald,,Brown,Light Brown - Wide,Mustache,Steel,Red,Tie,Bluetooth Headset,,
436,Pale Blue,Lemon,Classic Side,Gray Brown,Teal,Dark Brown - Wide,Neutral,Forest,Red,Tie,Headset,,
437,Steel,Alien,Wide Top,Jet Black,Amber,Light Brown - Wide,Open,Purple,Teal,Tie,Bluetooth Headset,Diamond Hands,
438,Tan,Robot,Bald,,Blue,Taupe - Flat,Neutral,Slate,Teal,Bow Tie,3D Glasses,Whale,Cream
439,Steel,Zombie,Bald,,Blue,Dark Brown - Flat,Beard,Steel,Red,Bow Tie,Bluetooth Headset,,
440,Trading Floor Green,Robot,Classic Side,Light Brown,Navy,Pink - Wide,Smile,Charcoal,Teal,Tie,Rimless Glasses,Diamond Hands,
441,Bloomberg Orange,Human,Wide Top,Dark Brown,Navy,Brown - Wide,Neutral,Forest,Teal,Tie,,,
442,Sky Blue,Alien,Long Side,Brown,Violet,Light Brown - Flat,Open,Slate,Gold,Tie,Rimless Glasses,Whale,
443,Pale Blue,Lemon,Wavy,Gray Brown,Teal,Light Brown - Wide,Beard,Navy,Teal,Tie,Banded Frameless,,
444,Bloomberg Orange,Alien,Long Side,Blonde,Amber,Brown - Flat,Blonde Mustache,Forest,Gold,Tie,3D Glasses,,
445,Bloomberg Orange,Zombie,Tall,Jet Black,Navy,Pink - Wide,Smirk,Purple,Blue,Tie,Rimless Glasses,,
446,Pale Blue,Zombie,Wide Top,Charcoal,Navy,,Open,Steel,Teal,Bow Tie,Rimless Glasses,,
447,Trading Floor Green,Human,Wide Top,Jet Black,Amber,Pink - Flat,Smile,Steel,Teal,Bow Tie,Crown,Insider,
448,Pale Blue,Robot,Tall,Charcoal,Navy,Brown - Wide,Gray Beard,Forest,Red,Tie,Golden Devil Horns,Insider,
449,Tan,Human,Long Side,Charcoal,Brown,Dark Brown - Flat,Beard,Purple,Blue,Bow Tie,Bluetooth Headset,Diamond Hands,
450,Bloomberg Orange,Devil,Wavy,Dark Brown,Amber,Light Brown - Flat,Smile,Navy,Blue,Tie,Crown,,
451,Slate,Human,Bald,,Navy,Taupe - Flat,Mustache,Charcoal,Blue,Tie,Headset,,
452,Tan,Human,Wavy,Jet Black,Brown,Dark Brown - Flat,Smirk,Forest,Red,Tie,Bull Horns,,
453,Slate,Robot,Wide Top,Blonde,Amber,Light Brown - Flat,Open,Charcoal,Gold,Bow Tie,Headset,Diamond Hands,
454,Bloomberg Orange,Zombie,Bald,,Violet,Pink - Wide,Gray Beard,Steel,Red,Tie,Bluetooth Headset,Whale,
455,Light Blue,Human,Short Crop,Jet Black,Green,Pink - Flat,Beard,Steel,Purple,Bow Tie,3D Glasses,Whale,
456,Slate,Human,Classic Side,Brown,Green,Dark Brown - Flat,Smile,Purple,Red,Bow Tie,Blue Boom Headset,,
457,Light Blue,Zombie,Tall,Dark Brown,Teal,Light Brown - Wide,Smirk,Navy,Gold,Bow Tie,Bluetooth Headset,,
458,Tan,Shadow,Bald,,Slate Gray,Taupe - Flat,Beard,Navy,Blue,Tie,3D Glasses,,
459,Pale Blue,Lemon,Wavy,Blonde,Brown,,Smile,Steel,Gold,Bow Tie,Crown,Whale,
460,Trading Floor Green,Human,Short Crop,Dark Brown,Teal,Pink - Wide,Neutral,Purple,Teal,Bow Tie,Headset,,
461,Pale Blue,Robot,Rainbow Afro,Rainbow,Blue,Taupe - Wide,Neutral,Purple,Gold,Tie,Bluetooth Headset,,
462,Slate,Human,Wide Top,Brown,Slate Gray,Pink - Flat,Blonde Mustache,Steel,Teal,Tie,Headset,,
463,Trading Floor Green,Zombie,Wavy,Blonde,Violet,Pink - Flat,Smile,Charcoal,Green,Tie,Blue Boom Headset,,
464,Tan,Shadow,Tall,Jet Black,Brown,Brown - Flat,Smirk,Navy,Teal,Tie,Bluetooth Headset,,
465,Slate,Human,Wavy,Dark Brown,Brown,Pink - Wide,Smile,Navy,Teal,Tie,Bull Horns,Diamond Hands,
466,Sky Blue,Marshmallow,Wide Top,Jet Black,Amber,Pink - Flat,Beard,Steel,Gold,Tie,3D Glasses,Whale,
467,Steel,Human,Wavy,Gray Brown,Green,Pink - Flat,Gray Beard,Navy,Blue,Tie,Bluetooth Headset,,
468,Sky Blue,Human,Classic Side,Charcoal,Teal,,Smirk,Navy,Purple,Tie,Bluetooth Headset,,
469,Sky Blue,Human,Long Side,Gray Brown,Green,Dark Brown - Wide,Smile,Purple,Red,Tie,Banded Frameless,,
470,Trading Floor Green,Shadow,Tall,Gray Brown,Teal,Pink - Wide,Mustache,Forest,Teal,Tie,3D Glasses,,
471,Light Blue,Human,Wide Top,Dark Brown,Slate Gray,Dark Brown - Flat,Neutral,Steel,Gold,Tie,Banded Frameless,,
472,Tan,Human,Wide Top,Dark Brown,Blue,Taupe - Wide,Open,Slate,Teal,Tie,Bluetooth Headset,Diamond Hands,
473,Sky Blue,Devil,Tall,Dark Brown,Green,Taupe - Wide,Neutral,Purple,Teal,Tie,Eye Patch,,
474,Steel,Marshmallow,Classic Side,Jet Black,Brown,Light Brown - Flat,Neutral,Slate,Red,Tie,Monocle,Whale,
475,Light Blue,Lemon,Tall,Dark Brown,Amber,Brown - Wide,Smile,Purple,Gold,Bow Tie,Bluetooth Headset,,
476,Tan,Alien,Wide Top,Light Brown,Violet,Light Brown - Flat,Blonde Mustache,Steel,Red,Tie,Sunglasses,,
477,Pale Blue,Shadow,Long Side,Dark Brown,Green,Pink - Wide,Mustache,Slate,Teal,Tie,Crown,,
478,Tan,Human,Long Side,Jet Black,Violet,Light Brown - Wide,Open,Forest,Teal,Bow Tie,Headset,,
479,Steel,Shadow,Bald,,Violet,Pink - Wide,Mustache,Navy,Purple,Tie,Bluetooth Headset,,
480,Pale Blue,Alien,Bald,,Slate Gray,Light Brown - Flat,Neutral,Slate,Purple,Tie,Headset,Insider,
481,Steel,Human,Bald,,Blue,,Smirk,Forest,Green,Tie,Gold Headset,,
482,Bloomberg Orange,Alien,Bald,,Green,Pink - Flat,Mustache,Steel,Purple,Tie,Sunglasses,Diamond Hands,
483,Tan,Lemon,Wavy,Dark Brown,Blue,Pink - Flat,Beard,Slate,Blue,Tie,Bluetooth Headset,Diamond Hands,
484,Steel,Shadow,Long Side,Jet Black,Blue,Brown - Flat,Open,Purple,Gold,Tie,Headset,,
485,Slate,Human,Classic Side,Dark Brown,Blue,Brown - Flat,Beard,Forest,Teal,Tie,Eye Patch,Diamond Hands,
486,Trading Floor Green,Shadow,Classic Side,Brown,Brown,Taupe - Wide,Beard,Steel,Red,Tie,,,
487,Bloomberg Orange,Robot,Wavy,Charcoal,Teal,Light Brown - Flat,Neutral,Steel,Purple,Bow Tie,Sunglasses,,
488,Slate,Alien,Short Crop,Brown,Brown,Clown Red - Wide,Open,Steel,Red,Tie,Blue Boom Headset,,
489,Bloomberg Orange,Zombie,Wide Top,Brown,Blue,Dark Brown - Wide,Mustache,Slate,Purple,Tie,Sunglasses,Diamond Hands,
490,Trading Floor Green,Shadow,Tall,Dark Brown,Blue,Brown - Wide,Gray Beard,Slate,Purple,Tie,Golden Bull Horns,,
491,Tan,Human,Long Side,Brown,Violet,Brown - Wide,Smirk,Charcoal,Red,Tie,Eye Patch,,
492,Slate,Human,Short Crop,Brown,Brown,Brown - Flat,Beard,Steel,Gold,Bow Tie,,,
493,Light Blue,Human,Wavy,Dark Brown,Slate Gray,Light Brown - Flat,Smirk,Steel,Red,Tie,Bluetooth Headset,Whale,
494,Steel,Human,Wide Top,Brown,Violet,Light Brown - Flat,Blond Beard,Charcoal,Green,Tie,Rimless Glasses,,
495,Pale Blue,Devil,Wavy,Charcoal,Amber,Taupe - Wide,Open,Slate,Teal,Tie,Rimless Glasses,,
496,Slate,Human,Wide Top,Gray Brown,Green,Light Brown - Flat,Neutral,Charcoal,Red,Tie,Bluetooth Headset,Whale,
497,Bloomberg Orange,Robot,Short Crop,Dark Brown,Teal,Taupe - Flat,Smile,Steel,Gold,Tie,Crown,,
498,Pale Blue,Lemon,Wide Top,Charcoal,Teal,Brown - Wide,Smirk,Slate,Teal,Tie,,Whale,
499,Pale Blue,Human,Classic Side,Charcoal,Blue,Brown - Wide,Mustache,Charcoal,Green,Tie,Bluetooth Headset,,
500,Slate,Shadow,Long Side,Blonde,Blue,Light Brown - Wide,Smile,Navy,Blue,Bow Tie,Bluetooth Headset,Diamond Hands,
501,Trading Floor Green,Alien,Tall,Blonde,Navy,Taupe - Wide,Open,Charcoal,Red,Tie,Gold Headset,,
502,Trading Floor Green,Zombie,Classic Side,Charcoal,Teal,Brown - Flat,Mustache,Charcoal,Gold,Tie,Rimless Glasses,Diamond Hands,
503,Slate,Devil,Wavy,Brown,Blue,Pink - Wide,Gray Beard,Navy,Red,Tie,Golden Devil Horns,,
504,Steel,Human,Tall,Dark Brown,Slate Gray,Pink - Flat,Smile,Charcoal,Red,Tie,Blue Boom Headset,,
505,Tan,Marshmallow,Bald,,Brown,,Beard,Navy,Blue,Tie,3D Glasses,,
506,Slate,Zombie,Long Side,Jet Black,Brown,Brown - Wide,Gray Beard,Steel,Teal,Tie,Bluetooth Headset,,
507,Trading Floor Green,Devil,Wide Top,Charcoal,Brown,Taupe - Wide,Neutral,Navy,Red,Tie,Headset,Insider,
508,Tan,Human,Classic Side,Dark Brown,Blue,Brown - Flat,Open,Navy,Red,Bow Tie,Bull Horns,,
509,Steel,Devil,Tall,Jet Black,Violet,Brown - Wide,Blonde Mustache,Purple,Blue,Tie,Banded Frameless,Diamond Hands,
510,Bloomberg Orange,Human,Tall,Jet Black,Green,Dark Brown - Flat,Smirk,Steel,Blue,Tie,Crown,,
511,Pale Blue,Human,Wide Top,Blonde,Green,,Blonde Mustache,Slate,Purple,Tie,3D Glasses,Insider,
512,Tan,Human,Wavy,Light Brown,Amber,,Mustache,Forest,Gold,Tie,Banded Frameless,,
513,Bloomberg Orange,Human,Classic Side,Brown,Blue,,Neutral,Steel,Red,Tie,Eye Patch,,
514,Tan,Human,Bald,,Brown,Dark Brown - Wide,Smirk,Navy,Red,Tie,3D Glasses,Insider,
515,Slate,Human,Wide Top,Blonde,Amber,Pink - Wide,Smile,Charcoal,Gold,Tie,Rimless Glasses,Diamond Hands,
516,Light Blue,Robot,Classic Side,Brown,Slate Gray,Light Brown - Flat,Beard,Slate,Red,Tie,3D Glasses,,
517,Pale Blue,Human,Classic Side,Gray Brown,Teal,Brown - Wide,Neutral,Slate,Purple,Tie,Crown,,
518,Light Blue,Shadow,Short Crop,Charcoal,Blue,Taupe - Wide,Smirk,Steel,Purple,Bow Tie,Bull Horns,Diamond Hands,
519,Light Blue,Human,Tall,Charcoal,Slate Gray,Dark Brown - Wide,Open,Charcoal,Gold,Tie,Sunglasses,,
520,Light Blue,Human,Bald,,Green,,Smile,Purple,Red,Tie,Banded Frameless,Diamond Hands,
521,Pale Blue,Human,Long Side,Charcoal,Navy,Dark Brown - Wide,Smirk,Charcoal,Gold,Tie,Bluetooth Headset,Diamond Hands,
522,Tan,Zombie,Wavy,Jet Black,Amber,,Neutral,Charcoal,Green,Bow Tie,Bluetooth Headset,,
523,Steel,Zombie,Long Side,Brown,Navy,Brown - Flat,Gray Beard,Forest,Red,Tie,Headset,,
524,Trading Floor Green,Human,Wavy,Dark Brown,Teal,Taupe - Wide,Smirk,Slate,Purple,Tie,Rimless Glasses,,
525,Light Blue,Lemon,Bald,,Green,Clown Red - Wide,Beard,Navy,Red,Tie,Headset,,
526,Bloomberg Orange,Human,Bald,,Navy,Light Brown - Flat,Neutral,Steel,Blue,Tie,Sunglasses,Insider,
527,Sky Blue,Zombie,Long Side,Charcoal,Brown,,Mustache,Steel,Gold,Tie,Rimless Glasses,,
528,Tan,Devil,Tall,Jet Black,Navy,Pink - Flat,Smirk,Charcoal,Red,Tie,3D Glasses,,
529,Slate,Human,Classic Side,Light Brown,Teal,,Mustache,Slate,Teal,Tie,,Diamond Hands,
530,Sky Blue,Shadow,Classic Side,Charcoal,Navy,,Gray Beard,Charcoal,Purple,Tie,Crown,,
531,Slate,Zombie,Wide Top,Gray Brown,Slate Gray,Pink - Flat,Neutral,Charcoal,Purple,Tie,Bluetooth Headset,,
532,Steel,Lemon,Tall,Charcoal,Amber,Light Brown - Flat,Neutral,Charcoal,Gold,Tie,3D Glasses,Diamond Hands,
533,Bloomberg Orange,Human,Bald,,Violet,Light Brown - Wide,Open,Steel,Teal,Tie,Golden Devil Horns,Diamond Hands,
534,Trading Floor Green,Human,Long Side,Blonde,Amber,Taupe - Wide,Gray Beard,Charcoal,Red,Tie,,,
535,Light Blue,Lemon,Short Crop,Blonde,Violet,Pink - Wide,Beard,Slate,Gold,Bow Tie,Banded Frameless,,
536,Trading Floor Green,Human,Long Side,Jet Black,Amber,Brown - Wide,Open,Steel,Teal,Bow Tie,,,
537,Pale Blue,Devil,Bald,,Slate Gray,Clown Red - Wide,Open,Steel,Red,Tie,,Whale,
538,Sky Blue,Lemon,Wide Top,Dark Brown,Amber,Brown - Flat,Beard,Steel,Purple,Bow Tie,Banded Frameless,Diamond Hands,
539,Light Blue,Shadow,Short Crop,Jet Black,Brown,Dark Brown - Flat,Smirk,Navy,Purple,Bow Tie,Eye Patch,Diamond Hands,
540,Pale Blue,Devil,Classic Side,Jet Black,Blue,Dark Brown - Flat,Smile,Steel,Teal,Bow Tie,Crown,,
541,Steel,Human,Long Side,Brown,Green,Taupe - Wide,Beard,Steel,Red,Tie,Banded Frameless,,
542,Light Blue,Devil,Tall,Charcoal,Violet,Taupe - Wide,Open,Forest,Purple,Tie,Bluetooth Headset,,
543,Sky Blue,Zombie,Long Side,Jet Black,Brown,Pink - Flat,Open,Red,Gold,Tie,,,
544,Tan,Robot,Bald,,Navy,Brown - Wide,Smile,Slate,Teal,Tie,Headset,Whale,
545,Sky Blue,Human,Wide Top,Jet Black,Teal,Pink - Flat,Smile,Forest,Teal,Tie,Rimless Glasses,Insider,
546,Pale Blue,Human,Bald,,Green,Taupe - Wide,Smile,Purple,Blue,Bow Tie,Bluetooth Headset,Whale,
547,Steel,Zombie,Classic Side,Dark Brown,Brown,Dark Brown - Flat,Beard,Steel,Blue,Tie,Eye Patch,Insider,
548,Sky Blue,Human,Long Side,Blonde,Violet,Pink - Flat,Beard,Forest,Gold,Tie,Bull Horns,Diamond Hands,
549,Bloomberg Orange,Marshmallow,Short Crop,Charcoal,Slate Gray,Brown - Wide,Open,Forest,Gold,Bow Tie,,,
550,Trading Floor Green,Shadow,Long Side,Blonde,Slate Gray,Taupe - Wide,Mustache,Purple,Teal,Bow Tie,Sunglasses,Whale,
551,Pale Blue,Lemon,Wide Top,Brown,Green,Dark Brown - Flat,Open,Steel,Gold,Tie,Gold Rims,Insider,
552,Trading Floor Green,Human,Bald,,Teal,Pink - Flat,Smirk,Navy,Purple,Tie,3D Glasses,,
553,Pale Blue,Robot,Tall,Light Brown,Green,Light Brown - Wide,Mustache,Red,Blue,Tie,Banded Frameless,,
554,Sky Blue,Human,Wavy,Blonde,Slate Gray,,Open,Slate,Blue,Tie,Headset,Whale,
555,Light Blue,Shadow,Wavy,Dark Brown,Navy,Dark Brown - Wide,Neutral,Charcoal,Teal,Tie,Headset,,
556,Slate,Lemon,Long Side,Dark Brown,Amber,Clown Red - Wide,Gray Beard,Slate,Purple,Bow Tie,3D Glasses,,
557,Sky Blue,Devil,Bald,,Amber,Dark Brown - Flat,Open,Slate,Blue,Tie,Sunglasses,,
558,Tan,Alien,Long Side,Light Brown,Brown,Light Brown - Wide,Mustache,Purple,Purple,Bow Tie,Crown,,
559,Slate,Devil,Tall,Charcoal,Teal,Taupe - Wide,Mustache,Slate,Purple,Tie,Headset,,
560,Slate,Robot,Short Crop,Brown,Amber,Taupe - Flat,Beard,Steel,Teal,Bow Tie,Banded Frameless,,
561,Bloomberg Orange,Human,Long Side,Blonde,Green,Taupe - Flat,Neutral,Red,Blue,Tie,Devil Horns,,
562,Light Blue,Human,Long Side,Charcoal,Brown,Taupe - Flat,Mustache,Charcoal,Teal,Tie,,Diamond Hands,
563,Pale Blue,Marshmallow,Short Crop,Jet Black,Brown,Light Brown - Flat,Neutral,Red,Gold,Tie,Headset,Insider,
564,Tan,Robot,Classic Side,Charcoal,Brown,Clown Red - Wide,Smile,Forest,Gold,Tie,Headset,,
565,Sky Blue,Human,Classic Side,Dark Brown,Brown,Taupe - Flat,Beard,Purple,Teal,Tie,Sunglasses,,
566,Sky Blue,Human,Short Crop,Blonde,Brown,,Beard,Purple,Blue,Tie,Headset,,
567,Tan,Human,Wavy,Light Brown,Blue,Dark Brown - Wide,Neutral,Purple,Teal,Tie,Rimless Glasses,,
568,Slate,Devil,Wavy,Gray Brown,Teal,Brown - Flat,Beard,Forest,Blue,Tie,Banded Frameless,,
569,Pale Blue,Human,Short Crop,Gray Brown,Navy,Pink - Wide,Open,Purple,Teal,Tie,Sunglasses,Whale,
570,Slate,Human,Tall,Brown,Amber,Brown - Flat,Neutral,Navy,Teal,Tie,Headset,Diamond Hands,
571,Light Blue,Lemon,Tall,Light Brown,Navy,Light Brown - Wide,Open,Charcoal,Teal,Tie,Bull Horns,Diamond Hands,
572,Tan,Lemon,Bald,,Blue,Light Brown - Wide,Neutral,Steel,Red,Bow Tie,Crown,,
573,Bloomberg Orange,Human,Wavy,Gray Brown,Slate Gray,Pink - Flat,Gray Beard,Charcoal,Green,Tie,Sunglasses,,
574,Sky Blue,Human,Classic Side,Light Brown,Violet,Light Brown - Wide,Smirk,Navy,Gold,Tie,,,
575,Light Blue,Human,Wavy,Gray Brown,Slate Gray,Brown - Wide,Beard,Charcoal,Blue,Tie,Sunglasses,,
576,Tan,Lemon,Wide Top,Dark Brown,Green,Light Brown - Wide,Open,Navy,Green,Tie,Headset,,
577,Trading Floor Green,Human,Wide Top,Jet Black,Slate Gray,Pink - Flat,Mustache,Purple,Gold,Tie,Headset,,
578,Tan,Lemon,Tall,Charcoal,Green,Taupe - Wide,Open,Forest,Green,Tie,Gold Banded Frameless,,
579,Slate,Human,Classic Side,Jet Black,Amber,Brown - Flat,Neutral,Forest,Teal,Bow Tie,Headset,Diamond Hands,
580,Trading Floor Green,Human,Tall,Dark Brown,Amber,Light Brown - Flat,Neutral,Slate,Red,Tie,,,
581,Bloomberg Orange,Shadow,Bald,,Green,Brown - Wide,Smile,Rainbow,Green,Tie,Eye Patch,,
582,Pale Blue,Human,Tall,Charcoal,Amber,Brown - Wide,Gray Beard,Steel,Purple,Bow Tie,Blue Boom Headset,Insider,
583,Sky Blue,Alien,Long Side,Jet Black,Amber,Light Brown - Flat,Smirk,Purple,Green,Tie,Blue Boom Headset,,
584,Pale Blue,Human,Bald,,Blue,Pink - Wide,Beard,Purple,Purple,Tie,Sunglasses,,
585,Pale Blue,Devil,Bald,,Slate Gray,Light Brown - Flat,Mustache,Charcoal,Green,Tie,Bluetooth Headset,,
586,Trading Floor Green,Human,Long Side,Light Brown,Blue,Light Brown - Wide,Mustache,Charcoal,Teal,Tie,Sunglasses,,
587,Steel,Human,Wide Top,Light Brown,Navy,Pink - Flat,Smile,Purple,Red,Bow Tie,Blue Boom Headset,,
588,Bloomberg Orange,Human,Tall,Brown,Amber,Taupe - Flat,Neutral,Slate,Green,Tie,Sunglasses,,
589,Steel,Shadow,Short Crop,Charcoal,Slate Gray,Taupe - Wide,Mustache,Slate,Red,Tie,3D Glasses,,
590,Light Blue,Human,Short Crop,Gray Brown,Amber,Taupe - Wide,Smirk,Navy,Red,Tie,Sunglasses,Whale,
591,Slate,Devil,Classic Side,Charcoal,Green,Dark Brown - Flat,Mustache,Charcoal,Gold,Bow Tie,Rimless Glasses,Diamond Hands,
592,Pale Blue,Zombie,Wide Top,Jet Black,Teal,Pink - Wide,Mustache,Charcoal,Teal,Tie,3D Glasses,,
593,Slate,Human,Short Crop,Dark Brown,Green,Light Brown - Wide,Smile,Purple,Teal,Tie,Headset,,
594,Tan,Lemon,Short Crop,Dark Brown,Blue,Brown - Wide,Neutral,Steel,Green,Tie,Bluetooth Headset,,
595,Pale Blue,Zombie,Bald,,Amber,Light Brown - Flat,Open,Steel,Blue,Bow Tie,Sunglasses,Insider,
596,Tan,Zombie,Classic Side,Jet Black,Amber,Light Brown - Flat,Beard,Steel,Green,Tie,Blue Boom Headset,,
597,Tan,Zombie,Wavy,Gray Brown,Slate Gray,Brown - Wide,Neutral,Steel,Gold,Bow Tie,Bull Horns,,
598,Slate,Lemon,Long Side,Blonde,Teal,Brown - Flat,Beard,Forest,Blue,Bow Tie,,,
599,Tan,Shadow,Bald,,Green,Dark Brown - Wide,Open,Charcoal,Red,Tie,Bluetooth Headset,,
600,Bloomberg Orange,Human,Long Side,Charcoal,Violet,Pink - Flat,Beard,Purple,Teal,Tie,Golden Bull Horns,,
601,Tan,Devil,Classic Side,Dark Brown,Brown,Light Brown - Wide,Beard,Purple,Blue,Tie,Bluetooth Headset,Whale,
602,Pale Blue,Human,Long Side,Jet Black,Violet,Pink - Flat,Neutral,Charcoal,Red,Tie,Bluetooth Headset,Whale,
603,Trading Floor Green,Human,Tall,Blonde,Slate Gray,Dark Brown - Flat,Smirk,Purple,Teal,Tie,Blue Boom Headset,Insider,
604,Slate,Alien,Wide Top,Charcoal,Amber,,Neutral,Navy,Blue,Tie,3D Glasses,,
605,Light Blue,Human,Long Side,Brown,Violet,Taupe - Flat,Blond Beard,Steel,Purple,Bow Tie,Bluetooth Headset,Whale,
606,Light Blue,Human,Bald,,Slate Gray,Taupe - Wide,Gray Beard,Steel,Teal,Tie,Bluetooth Headset,,
607,Slate,Marshmallow,Short Crop,Gray Brown,Brown,Light Brown - Wide,Smile,Slate,Red,Tie,Rimless Glasses,,
608,Trading Floor Green,Zombie,Long Side,Dark Brown,Blue,Pink - Wide,Beard,Forest,Teal,Tie,Headset,,
609,Trading Floor Green,Alien,Long Side,Gray Brown,Brown,Brown - Flat,Smirk,Pink,Gold,Tie,Bluetooth Headset,,
610,Trading Floor Green,Shadow,Bald,,Violet,Pink - Flat,Open,Purple,Blue,Tie,Rimless Glasses,,
611,Pale Blue,Human,Classic Side,Jet Black,Navy,Taupe - Flat,Beard,Forest,Red,Tie,Devil Horns,,
612,Sky Blue,Human,Bald,,Teal,Light Brown - Flat,Smile,Charcoal,Teal,Tie,Eye Patch,Insider,
613,Trading Floor Green,Human,Wide Top,Charcoal,Slate Gray,,Open,Steel,Teal,Tie,Crown,Whale,
614,Steel,Alien,Tall,Jet Black,Amber,,Blonde Mustache,Charcoal,Green,Tie,Bluetooth Headset,,
615,Steel,Robot,Short Crop,Jet Black,Violet,Pink - Flat,Mustache,Purple,Blue,Bow Tie,Bull Horns,,
616,Sky Blue,Zombie,Wavy,Gray Brown,Green,Taupe - Wide,Beard,Purple,Purple,Tie,Gold Rims,,
617,Sky Blue,Human,Short Crop,Gray Brown,Brown,Pink - Wide,Blond Beard,Red,Red,Tie,,,
618,Slate,Human,Classic Side,Dark Brown,Blue,Pink - Flat,Blond Beard,Slate,Red,Bow Tie,Rimless Glasses,Diamond Hands,
619,Tan,Marshmallow,Long Side,Dark Brown,Slate Gray,,Open,Forest,Teal,Tie,Headset,,
620,Light Blue,Human,Long Side,Brown,Blue,Dark Brown - Wide,Mustache,Charcoal,Gold,Tie,Gold Headset,Diamond Hands,
621,Sky Blue,Human,Tall,Jet Black,Green,Brown - Flat,Beard,Purple,Red,Tie,Monocle,,
622,Light Blue,Human,Tall,Charcoal,Teal,Light Brown - Wide,Neutral,Purple,Teal,Bow Tie,,,
623,Sky Blue,Marshmallow,Wavy,Charcoal,Slate Gray,Light Brown - Wide,Neutral,Slate,Gold,Bow Tie,,,
624,Pale Blue,Shadow,Wide Top,Light Brown,Blue,,Smile,Navy,Green,Tie,Devil Horns,Whale,
625,Sky Blue,Human,Short Crop,Blonde,Violet,Pink - Flat,Beard,Purple,Teal,Bow Tie,Crown,Insider,
626,Sky Blue,Human,Wide Top,Dark Brown,Violet,Light Brown - Flat,Open,Steel,Purple,Bow Tie,Banded Frameless,,
627,Tan,Human,Short Crop,Jet Black,Amber,Taupe - Flat,Open,Slate,Purple,Tie,Banded Frameless,Whale,
628,Sky Blue,Marshmallow,Tall,Charcoal,Green,Light Brown - Wide,Beard,Steel,Gold,Tie,Headset,,
629,Pale Blue,Robot,Tall,Blonde,Violet,,Blond Beard,Forest,Blue,Tie,Crown,,
630,Sky Blue,Human,Wavy,Blonde,Blue,Taupe - Flat,Neutral,Forest,Blue,Tie,3D Glasses,,
631,Tan,Human,Short Crop,Charcoal,Slate Gray,Dark Brown - Flat,Smirk,Steel,Gold,Tie,Headset,,
632,Tan,Zombie,Tall,Dark Brown,Brown,Brown - Flat,Gray Beard,Forest,Blue,Tie,,,
633,Slate,Shadow,Long Side,Gray Brown,Blue,Light Brown - Flat,Blond Beard,Slate,Teal,Tie,3D Glasses,,
634,Slate,Alien,Wavy,Jet Black,Brown,Light Brown - Wide,Smirk,Purple,Teal,Bow Tie,Sunglasses,,
635,Tan,Zombie,Classic Side,Gray Brown,Navy,Brown - Wide,Neutral,Slate,Blue,Tie,Sunglasses,,
636,Slate,Devil,Wavy,Light Brown,Teal,,Mustache,Red,Gold,Tie,,,
637,Tan,Zombie,Wide Top,Light Brown,Brown,Taupe - Flat,Gold Tooth,Steel,Teal,Tie,Crown,,
638,Pale Blue,Zombie,Classic Side,Brown,Green,Brown - Wide,Mustache,Navy,Gold,Tie,,,
639,Bloomberg Orange,Human,Tall,Jet Black,Blue,Light Brown - Wide,Beard,Purple,Green,Bow Tie,Headset,Insider,
640,Slate,Devil,Long Side,Light Brown,Amber,Pink - Flat,Gold Tooth,Navy,Green,Tie,Sunglasses,,
641,Trading Floor Green,Shadow,Wide Top,Gray Brown,Slate Gray,Pink - Flat,Smile,Purple,Red,Bow Tie,Banded Frameless,,
642,Steel,Robot,Short Crop,Gray Brown,Violet,Light Brown - Flat,Mustache,Purple,Gold,Tie,,,
643,Tan,Marshmallow,Short Crop,Charcoal,Brown,Light Brown - Flat,Smile,Steel,Green,Bow Tie,Blue Boom Headset,,
644,Light Blue,Alien,Classic Side,Light Brown,Blue,Taupe - Flat,Blonde Mustache,Charcoal,Green,Tie,Blue Boom Headset,Diamond Hands,
645,Bloomberg Orange,Shadow,Wide Top,Blonde,Green,Dark Brown - Wide,Neutral,Purple,Purple,Bow Tie,Sunglasses,Insider,
646,Sky Blue,Human,Short Crop,Blonde,Violet,Light Brown - Flat,Open,Charcoal,Green,Bow Tie,,Diamond Hands,
647,Pale Blue,Shadow,Wavy,Blonde,Navy,Brown - Wide,Smirk,Purple,Blue,Tie,Bull Horns,,
648,Sky Blue,Human,Bald,,Blue,,Smile,Charcoal,Teal,Tie,Bluetooth Headset,Insider,
649,Sky Blue,Human,Tall,Blonde,Navy,Pink - Wide,Mustache,Navy,Teal,Tie,Crown,,
650,Trading Floor Green,Human,Tall,Dark Brown,Teal,Brown - Wide,Open,Slate,Blue,Tie,Crown,,
651,Pale Blue,Lemon,Classic Side,Blonde,Teal,Dark Brown - Wide,Beard,Forest,Teal,Tie,Crown,,
652,Pale Blue,Robot,Bald,,Blue,Light Brown - Flat,Smirk,Steel,Red,Tie,Headset,,
653,Light Blue,Human,Short Crop,Jet Black,Violet,Pink - Flat,Neutral,Steel,Blue,Tie,Headset,Whale,
654,Slate,Alien,Wide Top,Dark Brown,Green,Taupe - Flat,Smile,Purple,Red,Bow Tie,Gold Rims,Whale,
655,Tan,Robot,Classic Side,Dark Brown,Amber,Dark Brown - Flat,Beard,Forest,Red,Tie,Bluetooth Headset,,
656,Sky Blue,Human,Long Side,Dark Brown,Blue,Pink - Wide,Beard,Charcoal,Red,Tie,Bull Horns,Diamond Hands,
657,Sky Blue,Marshmallow,Classic Side,Light Brown,Brown,Dark Brown - Wide,Gray Beard,Forest,Gold,Tie,Headset,Diamond Hands,
658,Bloomberg Orange,Lemon,Wide Top,Brown,Green,Pink - Flat,Beard,Slate,Green,Tie,Banded Frameless,,
659,Steel,Shadow,Long Side,Light Brown,Violet,Dark Brown - Flat,Mustache,Forest,Blue,Bow Tie,Bull Horns,,
660,Sky Blue,Human,Classic Side,Blonde,Amber,Dark Brown - Wide,Mustache,Forest,Red,Bow Tie,Bluetooth Headset,Insider,
661,Slate,Devil,Long Side,Blonde,Blue,Brown - Flat,Open,Slate,Purple,Bow Tie,Sunglasses,,
662,Steel,Lemon,Short Crop,Dark Brown,Blue,Pink - Wide,Neutral,Purple,Blue,Tie,Headset,Whale,
663,Pale Blue,Human,Wide Top,Jet Black,Bull Candle,Taupe - Flat,Neutral,Navy,Gold,Tie,Rimless Glasses,Insider,
664,Pale Blue,Human,Short Crop,Brown,Brown,Dark Brown - Wide,Beard,Charcoal,Gold,Tie,Sunglasses,Whale,
665,Tan,Human,Classic Side,Light Brown,Navy,Taupe - Flat,Neutral,Steel,Teal,Tie,Headset,,
666,Pale Blue,Human,Short Crop,Dark Brown,Green,Brown - Wide,Mustache,Forest,Purple,Tie,,,
667,Tan,Devil,Wide Top,Brown,Amber,Light Brown - Flat,Neutral,Forest,Gold,Bow Tie,Gold Banded Frameless,,
668,Pale Blue,Lemon,Short Crop,Blonde,Navy,,Open,Charcoal,Red,Tie,Headset,Insider,
669,Light Blue,Human,Classic Side,Gray Brown,Brown,Light Brown - Flat,Smile,Slate,Gold,Tie,Sunglasses,Insider,
670,Sky Blue,Shadow,Tall,Charcoal,Amber,Pink - Wide,Mustache,Purple,Red,Bow Tie,Crown,,
671,Steel,Human,Classic Side,Charcoal,Green,Taupe - Flat,Smile,Steel,Green,Bow Tie,Headset,,
672,Light Blue,Marshmallow,Classic Side,Gray Brown,Blue,Dark Brown - Flat,Mustache,Forest,Gold,Tie,,,
673,Slate,Robot,Short Crop,Dark Brown,Violet,Pink - Flat,Smile,Forest,Red,Tie,Bluetooth Headset,,
674,Sky Blue,Human,Bald,,Violet,Brown - Wide,Smirk,Charcoal,Blue,Tie,Sunglasses,Diamond Hands,
675,Steel,Human,Classic Side,Dark Brown,Teal,Light Brown - Wide,Beard,Slate,Purple,Tie,Headset,,
676,Tan,Zombie,Bald,,Blue,,Smile,Purple,Red,Tie,Blue Boom Headset,,
677,Slate,Human,Wide Top,Charcoal,Teal,Taupe - Wide,Smirk,Purple,Red,Tie,Banded Frameless,Insider,
678,Light Blue,Shadow,Wide Top,Gray Brown,Slate Gray,Taupe - Wide,Open,Steel,Purple,Tie,3D Glasses,,
679,Trading Floor Green,Human,Bald,,Blue,Light Brown - Wide,Smirk,Charcoal,Green,Tie,Golden Devil Horns,,
680,Trading Floor Green,Human,Classic Side,Charcoal,Slate Gray,Taupe - Flat,Neutral,Forest,Blue,Bow Tie,Banded Frameless,,
681,Trading Floor Green,Human,Long Side,Dark Brown,Blue,,Beard,Steel,Purple,Bow Tie,Bluetooth Headset,Insider,
682,Slate,Human,Wide Top,Charcoal,Navy,Pink - Wide,Neutral,Navy,Gold,Tie,,,
683,Trading Floor Green,Alien,Wide Top,Blonde,Green,,Mustache,Purple,Teal,Bow Tie,Blue Boom Headset,,
684,Tan,Human,Wavy,Dark Brown,Blue,Dark Brown - Wide,Neutral,Slate,Purple,Tie,Banded Frameless,,
685,Pale Blue,Human,Wavy,Charcoal,Green,Taupe - Flat,Neutral,Purple,Gold,Tie,3D Glasses,Insider,
686,Light Blue,Human,Classic Side,Gray Brown,Amber,Brown - Wide,Smile,Slate,Blue,Tie,Headset,Insider,
687,Bloomberg Orange,Human,Wide Top,Brown,Green,Pink - Flat,Smile,Charcoal,Blue,Tie,Monocle,Diamond Hands,
688,Pale Blue,Human,Wavy,Brown,Teal,Pink - Wide,Blond Beard,Charcoal,Teal,Tie,Monocle,,
689,Pale Blue,Zombie,Tall,Charcoal,Amber,Dark Brown - Wide,Mustache,Slate,Blue,Tie,Sunglasses,Whale,
690,Trading Floor Green,Human,Tall,Blonde,Slate Gray,Dark Brown - Flat,Blonde Mustache,Slate,Gold,Bow Tie,Headset,Diamond Hands,
691,Light Blue,Alien,Short Crop,Brown,Teal,Pink - Flat,Smirk,Steel,Green,Tie,Gold Rims,,
692,Slate,Devil,Classic Side,Jet Black,Navy,Taupe - Wide,Neutral,Steel,Gold,Tie,3D Glasses,,
693,Trading Floor Green,Human,Classic Side,Charcoal,Brown,Dark Brown - Flat,Smile,Navy,Blue,Tie,Bull Horns,,
694,Tan,Human,Long Side,Gray Brown,Slate Gray,Dark Brown - Wide,Gray Beard,Purple,Blue,Tie,Rimless Glasses,,
695,Steel,Human,Classic Side,Dark Brown,Violet,Pink - Wide,Neutral,Navy,Green,Bow Tie,Sunglasses,Diamond Hands,
696,Tan,Alien,Short Crop,Dark Brown,Navy,Taupe - Wide,Gray Beard,Steel,Red,Tie,Crown,,
697,Light Blue,Lemon,Long Side,Blonde,Violet,Dark Brown - Wide,Open,Steel,Purple,Tie,Banded Frameless,Insider,
698,Sky Blue,Shadow,Tall,Blonde,Violet,,Blond Beard,Charcoal,Blue,Bow Tie,Rimless Glasses,,
699,Light Blue,Human,Wide Top,Brown,Navy,,Neutral,Purple,Green,Tie,Gold Headset,Insider,
700,Pale Blue,Marshmallow,Wavy,Brown,Brown,Brown - Flat,Smile,Navy,Gold,Tie,3D Glasses,Insider,
701,Steel,Human,Short Crop,Brown,Blue,Pink - Wide,Neutral,Navy,Green,Tie,Bull Horns,,
702,Sky Blue,Lemon,Classic Side,Jet Black,Amber,Pink - Flat,Smile,Steel,Red,Tie,,Whale,
703,Sky Blue,Human,Classic Side,Brown,Navy,Pink - Flat,Mustache,Slate,Blue,Bow Tie,Rimless Glasses,Whale,
704,Light Blue,Human,Tall,Charcoal,Brown,Light Brown - Flat,Neutral,Charcoal,Gold,Tie,,,
705,Light Blue,Human,Long Side,Dark Brown,Teal,Dark Brown - Flat,Neutral,Forest,Red,Tie,Headset,,
706,Pale Blue,Human,Short Crop,Jet Black,Slate Gray,Taupe - Wide,Open,Navy,Gold,Bow Tie,Rimless Glasses,,
707,Pale Blue,Lemon,Wavy,Charcoal,Violet,,Smirk,Slate,Green,Tie,Headset,,
708,Pale Blue,Human,Long Side,Gray Brown,Blue,Dark Brown - Flat,Open,Slate,Teal,Bow Tie,Gold Rims,Whale,
709,Pale Blue,Marshmallow,Bald,,Navy,Light Brown - Wide,Mustache,Steel,Blue,Tie,Eye Patch,,
710,Trading Floor Green,Human,Wide Top,Dark Brown,Navy,Taupe - Wide,Smile,Charcoal,Green,Tie,Bull Horns,,
711,Tan,Alien,Classic Side,Brown,Teal,Light Brown - Flat,Smirk,Slate,Red,Bow Tie,Crown,,
712,Bloomberg Orange,Zombie,Long Side,Brown,Amber,Pink - Wide,Smile,Slate,Red,Tie,Sunglasses,Whale,
713,Trading Floor Green,Human,Long Side,Brown,Slate Gray,Pink - Wide,Smile,Charcoal,Purple,Tie,Bluetooth Headset,,
714,Steel,Human,Long Side,Dark Brown,Blue,Taupe - Wide,Mustache,Charcoal,Red,Tie,3D Glasses,,
715,Bloomberg Orange,Zombie,Wavy,Light Brown,Violet,Brown - Flat,Open,Forest,Green,Tie,Crown,Diamond Hands,
716,Light Blue,Zombie,Classic Side,Charcoal,Blue,Dark Brown - Flat,Beard,Slate,Green,Bow Tie,Sunglasses,Insider,
717,Sky Blue,Human,Long Side,Blonde,Amber,Taupe - Wide,Beard,Purple,Teal,Tie,Headset,,
718,Tan,Shadow,Long Side,Gray Brown,Brown,Brown - Flat,Smirk,Steel,Green,Tie,Golden Devil Horns,,
719,Pale Blue,Robot,Tall,Gray Brown,Amber,,Mustache,Steel,Gold,Tie,Rimless Glasses,,
720,Steel,Human,Bald,,Amber,Light Brown - Wide,Beard,Charcoal,Teal,Tie,Headset,,Cream
721,Trading Floor Green,Devil,Classic Side,Blonde,Blue,Light Brown - Flat,Mustache,Navy,Blue,Tie,Banded Frameless,,
722,Trading Floor Green,Marshmallow,Wavy,Blonde,Slate Gray,Brown - Wide,Open,Navy,Gold,Bow Tie,Headset,Diamond Hands,
723,Light Blue,Robot,Short Crop,Charcoal,Brown,Brown - Flat,Neutral,Navy,Teal,Bow Tie,Headset,Insider,
724,Slate,Shadow,Classic Side,Brown,Teal,Taupe - Flat,Smile,Slate,Teal,Tie,Headset,,
725,Pale Blue,Zombie,Classic Side,Gray Brown,Brown,Taupe - Wide,Mustache,Steel,Teal,Bow Tie,,Whale,
726,Sky Blue,Human,Wide Top,Jet Black,Teal,Taupe - Wide,Beard,Slate,Red,Tie,Crown,,
727,Bloomberg Orange,Devil,Wide Top,Dark Brown,Teal,Taupe - Wide,Neutral,Navy,Gold,Bow Tie,3D Glasses,Insider,
728,Light Blue,Devil,Classic Side,Jet Black,Blue,Brown - Flat,Neutral,Steel,Teal,Bow Tie,Bluetooth Headset,,
729,Tan,Lemon,Short Crop,Dark Brown,Blue,Brown - Flat,Gray Beard,Slate,Teal,Bow Tie,Rimless Glasses,Diamond Hands,
730,Slate,Human,Wavy,Jet Black,Green,Brown - Flat,Smirk,Slate,Teal,Tie,,,
731,Light Blue,Devil,Tall,Gray Brown,Amber,Brown - Flat,Blonde Mustache,Slate,Blue,Tie,Headset,Diamond Hands,
732,Slate,Shadow,Tall,Light Brown,Amber,Taupe - Flat,Mustache,Rainbow,Purple,Bow Tie,,,
733,Slate,Shadow,Short Crop,Dark Brown,Teal,Light Brown - Flat,Smile,Purple,Purple,Tie,Bluetooth Headset,Diamond Hands,
734,Slate,Lemon,Tall,Jet Black,Teal,Light Brown - Wide,Neutral,Steel,Green,Bow Tie,Bull Horns,,
735,Sky Blue,Human,Classic Side,Jet Black,Violet,Light Brown - Wide,Open,Navy,Teal,Tie,Bluetooth Headset,,
736,Slate,Human,Tall,Gray Brown,Green,,Smirk,Rainbow,Red,Tie,Eye Patch,Whale,
737,Light Blue,Human,Tall,Charcoal,Brown,Dark Brown - Wide,Smirk,Forest,Gold,Tie,Crown,,
738,Tan,Human,Wide Top,Blonde,Blue,,Neutral,Slate,Blue,Tie,,,
739,Trading Floor Green,Zombie,Wavy,Dark Brown,Blue,Dark Brown - Flat,Smirk,Charcoal,Green,Tie,3D Glasses,,
740,Steel,Shadow,Long Side,Blonde,Amber,Light Brown - Flat,Neutral,Navy,Green,Tie,Banded Frameless,Insider,
741,Sky Blue,Shadow,Bald,,Teal,Brown - Wide,Mustache,Steel,Blue,Tie,Sunglasses,,
742,Slate,Shadow,Wavy,Jet Black,Blue,Brown - Wide,Open,Forest,Red,Tie,,Whale,
743,Light Blue,Human,Long Side,Charcoal,Navy,Brown - Flat,Neutral,Purple,Blue,Tie,Crown,,
744,Trading Floor Green,Zombie,Wavy,Gray Brown,Brown,Light Brown - Wide,Smirk,Navy,Red,Tie,Banded Frameless,,
745,Slate,Human,Wide Top,Charcoal,Violet,,Neutral,Charcoal,Gold,Tie,,,
746,Sky Blue,Human,Bald,,Blue,Brown - Flat,Beard,Purple,Purple,Tie,Blue Boom Headset,,
747,Sky Blue,Human,Tall,Dark Brown,Green,Brown - Wide,Mustache,Slate,Red,Tie,Banded Frameless,,
748,Light Blue,Human,Wavy,Light Brown,Amber,,Smirk,Forest,Gold,Bow Tie,,,
749,Bloomberg Orange,Devil,Tall,Brown,Violet,Brown - Wide,Blond Beard,Purple,Green,Bow Tie,Headset,,
750,Bloomberg Orange,Lemon,Bald,,Teal,Brown - Flat,Smirk,Purple,Gold,Tie,Banded Frameless,Whale,
751,Light Blue,Zombie,Tall,Blonde,Slate Gray,Taupe - Flat,Mustache,Steel,Green,Tie,Rimless Glasses,,
752,Trading Floor Green,Human,Classic Side,Dark Brown,Violet,Pink - Flat,Smirk,Charcoal,Teal,Tie,,,
753,Light Blue,Human,Long Side,Light Brown,Brown,Light Brown - Wide,Open,Purple,Gold,Bow Tie,Rimless Glasses,,
754,Bloomberg Orange,Marshmallow,Classic Side,Gray Brown,Slate Gray,Pink - Wide,Smirk,Slate,Blue,Tie,Sunglasses,,
755,Pale Blue,Human,Wavy,Light Brown,Bull Candle,Taupe - Flat,Blond Beard,Slate,Red,Tie,3D Glasses,,
756,Bloomberg Orange,Alien,Classic Side,Dark Brown,Teal,Taupe - Flat,Open,Navy,Teal,Tie,,,
757,Trading Floor Green,Shadow,Classic Side,Charcoal,Blue,Dark Brown - Flat,Smirk,Forest,Teal,Tie,Rimless Glasses,Insider,
758,Bloomberg Orange,Human,Classic Side,Gray Brown,Green,Light Brown - Flat,Beard,Purple,Red,Tie,Sunglasses,,
759,Steel,Human,Classic Side,Charcoal,Navy,Pink - Wide,Smile,Purple,Red,Tie,Eye Patch,,
760,Sky Blue,Human,Tall,Brown,Blue,Taupe - Wide,Open,Forest,Purple,Tie,Banded Frameless,,
761,Steel,Alien,Bald,,Violet,Dark Brown - Wide,Neutral,Steel,Red,Tie,Bluetooth Headset,,
762,Slate,Devil,Classic Side,Jet Black,Teal,Brown - Flat,Smirk,Charcoal,Blue,Tie,Rimless Glasses,,
763,Light Blue,Robot,Classic Side,Brown,Blue,Brown - Wide,Beard,Steel,Green,Tie,Rimless Glasses,Diamond Hands,
764,Bloomberg Orange,Human,Long Side,Light Brown,Amber,Pink - Flat,Open,Navy,Purple,Bow Tie,Banded Frameless,,
765,Trading Floor Green,Devil,Short Crop,Light Brown,Violet,Brown - Flat,Beard,Navy,Green,Tie,3D Glasses,,
766,Pale Blue,Devil,Bald,,Blue,Dark Brown - Wide,Neutral,Navy,Red,Tie,Gold Headset,Diamond Hands,
767,Sky Blue,Human,Wide Top,Light Brown,Brown,Taupe - Flat,Mustache,Forest,Blue,Tie,Crown,,
768,Trading Floor Green,Zombie,Wavy,Brown,Teal,Brown - Flat,Beard,Navy,Purple,Tie,Crown,Diamond Hands,
769,Bloomberg Orange,Lemon,Bald,,Navy,Pink - Flat,Beard,Purple,Blue,Tie,Headset,,
770,Steel,Marshmallow,Short Crop,Brown,Blue,Pink - Wide,Smile,Slate,Teal,Tie,Devil Horns,,
771,Light Blue,Human,Wavy,Gray Brown,Teal,,Mustache,Slate,Purple,Tie,,Diamond Hands,
772,Pale Blue,Human,Bald,,Teal,Pink - Wide,Smile,Purple,Teal,Bow Tie,Golden Bull Horns,,
773,Slate,Human,Classic Side,Brown,Slate Gray,Pink - Wide,Neutral,Steel,Teal,Bow Tie,Headset,Diamond Hands,
774,Slate,Zombie,Bald,,Navy,,Gray Beard,Charcoal,Blue,Bow Tie,Bluetooth Headset,Diamond Hands,
775,Pale Blue,Marshmallow,Tall,Charcoal,Amber,Light Brown - Flat,Beard,Purple,Green,Tie,,Diamond Hands,
776,Pale Blue,Human,Bald,,Amber,Brown - Flat,Open,Forest,Gold,Tie,Bull Horns,Diamond Hands,
777,Trading Floor Green,Lemon,Short Crop,Gray Brown,Brown,Pink - Flat,Smirk,Steel,Green,Bow Tie,Blue Boom Headset,Whale,
778,Bloomberg Orange,Devil,Short Crop,Light Brown,Green,Pink - Wide,Open,Purple,Gold,Tie,Headset,,
779,Steel,Human,Wide Top,Jet Black,Blue,Dark Brown - Wide,Neutral,Navy,Teal,Tie,Headset,,
780,Tan,Marshmallow,Wide Top,Dark Brown,Blue,Taupe - Flat,Smile,Navy,Red,Tie,Blue Boom Headset,Diamond Hands,
781,Trading Floor Green,Lemon,Classic Side,Dark Brown,Violet,,Beard,Navy,Gold,Tie,Sunglasses,Diamond Hands,
782,Pale Blue,Human,Classic Side,Dark Brown,Brown,Brown - Flat,Mustache,Navy,Purple,Bow Tie,Golden Bull Horns,,
783,Trading Floor Green,Zombie,Short Crop,Blonde,Navy,Light Brown - Flat,Beard,Forest,Green,Tie,Gold Banded Frameless,Diamond Hands,
784,Trading Floor Green,Human,Bald,,Teal,,Smirk,Slate,Blue,Tie,Crown,,
785,Trading Floor Green,Devil,Tall,Jet Black,Green,Brown - Flat,Smile,Forest,Gold,Tie,Crown,Whale,
786,Trading Floor Green,Human,Tall,Gray Brown,Teal,Brown - Flat,Mustache,Steel,Red,Bow Tie,Headset,Whale,
787,Bloomberg Orange,Zombie,Bald,,Amber,Light Brown - Wide,Smile,Slate,Red,Tie,Golden Devil Horns,,
788,Trading Floor Green,Zombie,Tall,Jet Black,Teal,Brown - Flat,Smirk,Navy,Green,Tie,Rimless Glasses,,
789,Light Blue,Shadow,Long Side,Gray Brown,Amber,,Open,Steel,Green,Tie,Bull Horns,,
790,Tan,Devil,Bald,,Slate Gray,Dark Brown - Flat,Mustache,Steel,Red,Bow Tie,Bull Horns,,
791,Pale Blue,Alien,Wavy,Light Brown,Teal,Taupe - Flat,Open,Purple,Green,Bow Tie,Headset,,
792,Tan,Devil,Wide Top,Charcoal,Blue,Brown - Flat,Beard,Steel,Green,Bow Tie,Bull Horns,,
793,Light Blue,Human,Short Crop,Brown,Violet,Dark Brown - Flat,Mustache,Purple,Purple,Tie,Crown,Insider,
794,Sky Blue,Alien,Tall,Charcoal,Violet,,Open,Slate,Blue,Tie,Rimless Glasses,,
795,Tan,Robot,Tall,Brown,Amber,Dark Brown - Flat,Mustache,Forest,Gold,Tie,,Diamond Hands,
796,Light Blue,Zombie,Long Side,Light Brown,Navy,Brown - Wide,Neutral,Slate,Teal,Tie,Rimless Glasses,Whale,
797,Pale Blue,Human,Long Side,Dark Brown,Slate Gray,Brown - Wide,Smirk,Steel,Teal,Bow Tie,3D Glasses,,
798,Pale Blue,Shadow,Bald,,Teal,Pink - Wide,Mustache,Slate,Red,Bow Tie,Devil Horns,Insider,
799,Trading Floor Green,Human,Long Side,Dark Brown,Blue,Light Brown - Flat,Open,Charcoal,Red,Tie,Sunglasses,Whale,
800,Steel,Human,Tall,Gray Brown,Violet,Taupe - Wide,Neutral,Charcoal,Gold,Tie,,,
801,Light Blue,Human,Long Side,Brown,Brown,Dark Brown - Wide,Beard,Charcoal,Blue,Tie,Blue Boom Headset,Diamond Hands,
802,Light Blue,Human,Long Side,Charcoal,Teal,Pink - Flat,Neutral,Slate,Purple,Tie,Crown,,
803,Light Blue,Robot,Bald,,Violet,Taupe - Flat,Open,Slate,Green,Bow Tie,Bull Horns,,
804,Steel,Human,Wavy,Dark Brown,Teal,Brown - Flat,Neutral,Forest,Teal,Tie,Gold Rims,,
805,Tan,Human,Wavy,Jet Black,Green,,Open,Steel,Blue,Bow Tie,Sunglasses,Diamond Hands,
806,Light Blue,Robot,Short Crop,Charcoal,Slate Gray,Pink - Wide,Neutral,Purple,Blue,Tie,Bull Horns,,
807,Tan,Human,Short Crop,Blonde,Green,Pink - Flat,Blonde Mustache,Steel,Gold,Tie,Rimless Glasses,,
808,Steel,Robot,Classic Side,Jet Black,Amber,Dark Brown - Wide,Beard,Navy,Purple,Bow Tie,Sunglasses,Whale,
809,Trading Floor Green,Human,Long Side,Dark Brown,Navy,Taupe - Flat,Smile,Navy,Teal,Bow Tie,Sunglasses,,
810,Light Blue,Human,Classic Side,Jet Black,Teal,Brown - Wide,Smirk,Charcoal,Green,Tie,Headset,Diamond Hands,
811,Sky Blue,Devil,Classic Side,Blonde,Amber,Taupe - Flat,Beard,Purple,Red,Tie,Bull Horns,Diamond Hands,
812,Tan,Zombie,Wavy,Brown,Slate Gray,Brown - Flat,Neutral,Navy,Blue,Tie,Bluetooth Headset,Whale,
813,Trading Floor Green,Human,Bald,,Slate Gray,,Smirk,Forest,Blue,Bow Tie,Rimless Glasses,,
814,Light Blue,Zombie,Long Side,Gray Brown,Teal,Light Brown - Wide,Open,Purple,Purple,Tie,,,
815,Bloomberg Orange,Human,Tall,Jet Black,Green,Dark Brown - Wide,Gray Beard,Slate,Teal,Bow Tie,3D Glasses,Whale,
816,Sky Blue,Zombie,Classic Side,Blonde,Navy,Brown - Flat,Mustache,Forest,Purple,Tie,Blue Boom Headset,Insider,
817,Pale Blue,Marshmallow,Wide Top,Light Brown,Violet,,Smirk,Purple,Gold,Tie,Banded Frameless,Insider,
818,Tan,Alien,Wide Top,Gray Brown,Green,Taupe - Wide,Smile,Forest,Gold,Tie,Crown,Insider,
819,Pale Blue,Human,Tall,Jet Black,Green,Pink - Flat,Beard,Purple,Red,Tie,Rimless Glasses,Diamond Hands,
820,Light Blue,Shadow,Bald,,Brown,Brown - Flat,Open,Purple,Green,Tie,,,
821,Steel,Robot,Tall,Charcoal,Teal,,Smile,Forest,Gold,Tie,Sunglasses,,
822,Trading Floor Green,Human,Wavy,Brown,Slate Gray,Brown - Flat,Smirk,Forest,Gold,Bow Tie,Devil Horns,,
823,Light Blue,Shadow,Short Crop,Brown,Green,Dark Brown - Flat,Neutral,Navy,Teal,Tie,Banded Frameless,Insider,
824,Pale Blue,Robot,Wavy,Blonde,Amber,Taupe - Wide,Open,Navy,Gold,Bow Tie,Bluetooth Headset,,
825,Steel,Human,Tall,Light Brown,Green,Pink - Flat,Open,Navy,Red,Tie,Monocle,,
826,Light Blue,Devil,Long Side,Blonde,Navy,Pink - Flat,Beard,Navy,Purple,Tie,Sunglasses,Diamond Hands,
827,Slate,Shadow,Wavy,Dark Brown,Violet,Dark Brown - Flat,Beard,Slate,Gold,Tie,Headset,Insider,
828,Bloomberg Orange,Zombie,Bald,,Navy,,Gray Beard,Forest,Gold,Tie,,,
829,Sky Blue,Human,Long Side,Blonde,Teal,Dark Brown - Flat,Mustache,Slate,Blue,Tie,Crown,,
830,Tan,Human,Short Crop,Brown,Navy,Brown - Wide,Mustache,Charcoal,Red,Tie,Headset,Whale,
831,Light Blue,Human,Tall,Blonde,Blue,Pink - Wide,Smile,Navy,Green,Tie,Sunglasses,,
832,Slate,Human,Wavy,Brown,Violet,Dark Brown - Wide,Smirk,Purple,Teal,Tie,Bull Horns,,
833,Steel,Human,Wavy,Blonde,Green,Light Brown - Wide,Blonde Mustache,Steel,Gold,Tie,Bluetooth Headset,,
834,Bloomberg Orange,Human,Tall,Blonde,Teal,Brown - Flat,Smile,Purple,Green,Tie,Blue Boom Headset,,
835,Pale Blue,Shadow,Classic Side,Blonde,Navy,Light Brown - Flat,Beard,Steel,Red,Bow Tie,3D Glasses,,
836,Trading Floor Green,Robot,Short Crop,Light Brown,Navy,Light Brown - Wide,Mustache,Purple,Purple,Tie,3D Glasses,,
837,Light Blue,Zombie,Long Side,Jet Black,Navy,Taupe - Flat,Open,Purple,Red,Bow Tie,Bluetooth Headset,Insider,
838,Light Blue,Human,Wavy,Brown,Blue,Brown - Flat,Neutral,Purple,Gold,Tie,Blue Boom Headset,Insider,
839,Sky Blue,Human,Long Side,Charcoal,Navy,Pink - Flat,Gray Beard,Steel,Blue,Tie,Bull Horns,,
840,Trading Floor Green,Lemon,Wide Top,Brown,Slate Gray,Light Brown - Wide,Gray Beard,Navy,Blue,Tie,Headset,,
841,Tan,Human,Short Crop,Brown,Green,,Beard,Charcoal,Gold,Tie,Golden Devil Horns,,
842,Steel,Human,Long Side,Blonde,Teal,Brown - Flat,Smile,Charcoal,Red,Bow Tie,Headset,,
843,Trading Floor Green,Human,Long Side,Gray Brown,Brown,Pink - Flat,Beard,Forest,Red,Tie,Bull Horns,,
844,Tan,Shadow,Wide Top,Charcoal,Violet,Light Brown - Wide,Gray Beard,Steel,Teal,Tie,Bull Horns,,
845,Steel,Shadow,Long Side,Blonde,Amber,Light Brown - Flat,Smirk,Slate,Green,Tie,Gold Banded Frameless,Insider,
846,Slate,Human,Wide Top,Dark Brown,Brown,Dark Brown - Flat,Smile,Purple,Teal,Bow Tie,Bluetooth Headset,,
847,Sky Blue,Lemon,Short Crop,Gray Brown,Violet,Dark Brown - Flat,Beard,Navy,Blue,Tie,Sunglasses,Whale,
848,Tan,Human,Long Side,Jet Black,Slate Gray,Taupe - Wide,Smirk,Forest,Red,Tie,Golden Devil Horns,,
849,Steel,Human,Long Side,Gray Brown,Violet,Brown - Flat,Blonde Mustache,Navy,Green,Bow Tie,Sunglasses,,
850,Tan,Human,Short Crop,Gray Brown,Amber,Light Brown - Wide,Mustache,Charcoal,Teal,Bow Tie,Bluetooth Headset,,
851,Bloomberg Orange,Shadow,Tall,Brown,Slate Gray,Brown - Wide,Open,Purple,Purple,Tie,Bull Horns,,
852,Tan,Robot,Short Crop,Blonde,Amber,Light Brown - Flat,Smile,Purple,Teal,Tie,,,
853,Light Blue,Robot,Long Side,Dark Brown,Teal,Brown - Wide,Neutral,Forest,Gold,Bow Tie,Bluetooth Headset,Insider,
854,Trading Floor Green,Marshmallow,Wide Top,Charcoal,Teal,Taupe - Wide,Mustache,Purple,Gold,Tie,3D Glasses,,
855,Tan,Lemon,Classic Side,Brown,Teal,Light Brown - Flat,Smile,Purple,Green,Tie,Eye Patch,,
856,Sky Blue,Human,Bald,,Blue,Pink - Flat,Gray Beard,Navy,Blue,Tie,Headset,,
857,Slate,Human,Long Side,Jet Black,Brown,Brown - Wide,Smile,Forest,Green,Tie,Blue Boom Headset,,
858,Light Blue,Human,Bald,,Teal,Dark Brown - Wide,Mustache,Slate,Blue,Tie,Banded Frameless,,
859,Slate,Zombie,Wavy,Charcoal,Blue,Brown - Flat,Open,Steel,Red,Tie,Monocle,Diamond Hands,
860,Tan,Human,Wide Top,Light Brown,Navy,Dark Brown - Wide,Neutral,Slate,Gold,Bow Tie,Bluetooth Headset,,
861,Sky Blue,Shadow,Wavy,Jet Black,Violet,Dark Brown - Wide,Smirk,Navy,Gold,Bow Tie,Monocle,,
862,Sky Blue,Robot,Bald,,Amber,Dark Brown - Flat,Open,Slate,Purple,Tie,,,
863,Steel,Human,Bald,,Teal,Brown - Wide,Open,Navy,Teal,Tie,Headset,,
864,Sky Blue,Human,Short Crop,Brown,Navy,Pink - Flat,Mustache,Forest,Red,Bow Tie,Monocle,Insider,
865,Pale Blue,Shadow,Long Side,Charcoal,Brown,Brown - Wide,Open,Steel,Purple,Tie,Bluetooth Headset,,
866,Slate,Human,Wavy,Brown,Violet,Pink - Wide,Neutral,Forest,Teal,Tie,Crown,,
867,Bloomberg Orange,Marshmallow,Tall,Charcoal,Teal,Pink - Wide,Open,Purple,Gold,Tie,3D Glasses,,
868,Light Blue,Zombie,Wide Top,Brown,Navy,Taupe - Wide,Beard,Navy,Teal,Bow Tie,Bull Horns,Insider,
869,Trading Floor Green,Human,Long Side,Gray Brown,Navy,Taupe - Wide,Neutral,Slate,Green,Tie,Bull Horns,,
870,Sky Blue,Zombie,Wide Top,Charcoal,Teal,,Beard,Steel,Blue,Bow Tie,Eye Patch,,
871,Bloomberg Orange,Shadow,Long Side,Blonde,Amber,Light Brown - Flat,Open,Purple,Teal,Tie,,,
872,Light Blue,Human,Tall,Dark Brown,Amber,Pink - Flat,Smirk,Navy,Green,Tie,Banded Frameless,,
873,Trading Floor Green,Human,Bald,,Amber,Dark Brown - Flat,Smirk,Purple,Gold,Tie,Headset,Whale,
874,Slate,Lemon,Short Crop,Brown,Amber,Brown - Wide,Smile,Charcoal,Red,Tie,Rimless Glasses,Diamond Hands,
875,Slate,Human,Classic Side,Jet Black,Green,Pink - Wide,Neutral,Slate,Purple,Bow Tie,Devil Horns,,
876,Sky Blue,Human,Classic Side,Brown,Blue,Pink - Flat,Beard,Steel,Green,Bow Tie,Bluetooth Headset,,
877,Trading Floor Green,Robot,Classic Side,Dark Brown,Violet,Brown - Wide,Mustache,Steel,Green,Bow Tie,3D Glasses,,
878,Steel,Human,Wide Top,Light Brown,Blue,Clown Red - Wide,Open,Purple,Blue,Tie,Crown,Diamond Hands,
879,Steel,Alien,Short Crop,Blonde,Amber,Brown - Wide,Neutral,Purple,Blue,Bow Tie,Crown,Insider,
880,Light Blue,Devil,Short Crop,Dark Brown,Green,Taupe - Flat,Blond Beard,Steel,Gold,Bow Tie,,,
881,Sky Blue,Human,Bald,,Amber,,Open,Slate,Blue,Tie,3D Glasses,Whale,
882,Trading Floor Green,Devil,Long Side,Charcoal,Amber,Brown - Wide,Beard,Charcoal,Gold,Tie,Blue Boom Headset,,
883,Pale Blue,Human,Wide Top,Gray Brown,Slate Gray,Taupe - Flat,Blond Beard,Purple,Purple,Bow Tie,Devil Horns,,
884,Sky Blue,Human,Short Crop,Charcoal,Teal,,Smirk,Navy,Purple,Tie,Sunglasses,,
885,Light Blue,Alien,Classic Side,Charcoal,Amber,Dark Brown - Wide,Open,Steel,Blue,Tie,Bluetooth Headset,,
886,Bloomberg Orange,Lemon,Bald,,Amber,Dark Brown - Wide,Open,Forest,Purple,Tie,Bluetooth Headset,,
887,Bloomberg Orange,Shadow,Tall,Charcoal,Navy,Taupe - Wide,Smile,Charcoal,Gold,Tie,Rimless Glasses,,
888,Light Blue,Zombie,Classic Side,Brown,Slate Gray,Light Brown - Wide,Mustache,Steel,Blue,Bow Tie,Blue Boom Headset,Insider,
889,Sky Blue,Human,Bald,,Amber,Light Brown - Flat,Mustache,Navy,Green,Tie,,,
890,Trading Floor Green,Shadow,Tall,Light Brown,Amber,,Beard,Purple,Green,Bow Tie,Headset,,
891,Trading Floor Green,Human,Short Crop,Light Brown,Slate Gray,Dark Brown - Wide,Smile,Steel,Gold,Tie,Rimless Glasses,,
892,Steel,Marshmallow,Wavy,Jet Black,Navy,,Beard,Purple,Gold,Tie,Headset,,
893,Pale Blue,Human,Classic Side,Charcoal,Teal,Pink - Flat,Beard,Navy,Red,Bow Tie,Bull Horns,,
894,Tan,Zombie,Classic Side,Dark Brown,Brown,Light Brown - Wide,Neutral,Charcoal,Teal,Bow Tie,Golden Devil Horns,,
895,Slate,Human,Wavy,Gray Brown,Slate Gray,Light Brown - Wide,Open,Forest,Purple,Bow Tie,Bluetooth Headset,,
896,Tan,Devil,Long Side,Light Brown,Blue,Taupe - Flat,Beard,Navy,Gold,Tie,Headset,,
897,Pale Blue,Alien,Long Side,Light Brown,Slate Gray,Pink - Flat,Open,Steel,Teal,Tie,Headset,,
898,Tan,Human,Long Side,Charcoal,Slate Gray,Taupe - Flat,Beard,Slate,Gold,Tie,Headset,Whale,
899,Bloomberg Orange,Zombie,Wide Top,Gray Brown,Amber,Pink - Flat,Open,Charcoal,Gold,Tie,3D Glasses,,
900,Bloomberg Orange,Human,Classic Side,Light Brown,Teal,Pink - Flat,Open,Steel,Green,Tie,Bluetooth Headset,,
901,Pale Blue,Human,Long Side,Charcoal,Teal,Brown - Wide,Smirk,Forest,Red,Tie,Bluetooth Headset,,
902,Tan,Human,Classic Side,Blonde,Blue,Taupe - Wide,Open,Navy,Gold,Bow Tie,Headset,Diamond Hands,
903,Sky Blue,Human,Bald,,Violet,Brown - Wide,Open,Charcoal,Teal,Tie,,Whale,
904,Slate,Alien,Short Crop,Brown,Green,Pink - Wide,Smile,Forest,Teal,Bow Tie,Bluetooth Headset,,
905,Light Blue,Human,Bald,,Brown,Pink - Wide,Mustache,Navy,Teal,Tie,Bluetooth Headset,,
906,Light Blue,Human,Tall,Charcoal,Navy,Dark Brown - Wide,Beard,Steel,Teal,Tie,Sunglasses,Insider,
907,Sky Blue,Human,Bald,,Slate Gray,Dark Brown - Wide,Smirk,Steel,Blue,Tie,,,
908,Tan,Human,Short Crop,Light Brown,Navy,Brown - Flat,Open,Steel,Teal,Tie,,Whale,
909,Steel,Alien,Long Side,Brown,Navy,Pink - Flat,Blonde Mustache,Charcoal,Teal,Tie,Bull Horns,Insider,
910,Slate,Shadow,Wavy,Light Brown,Amber,Light Brown - Wide,Open,Forest,Red,Tie,,,
911,Tan,Human,Short Crop,Gray Brown,Blue,Brown - Flat,Blond Beard,Forest,Green,Tie,3D Glasses,,
912,Steel,Human,Long Side,Charcoal,Navy,Brown - Flat,Blonde Mustache,Steel,Teal,Tie,Devil Horns,,
913,Sky Blue,Human,Bald,,Violet,Dark Brown - Wide,Beard,Charcoal,Green,Tie,Crown,Whale,
914,Trading Floor Green,Human,Short Crop,Dark Brown,Brown,,Open,Steel,Teal,Tie,Headset,,
915,Pale Blue,Shadow,Classic Side,Light Brown,Blue,Brown - Flat,Smile,Steel,Purple,Bow Tie,Monocle,,
916,Light Blue,Zombie,Bald,,Navy,Light Brown - Flat,Neutral,Purple,Purple,Bow Tie,Rimless Glasses,,
917,Trading Floor Green,Alien,Long Side,Blonde,Teal,Light Brown - Wide,Beard,Navy,Gold,Bow Tie,Headset,,
918,Trading Floor Green,Shadow,Wavy,Jet Black,Green,Pink - Flat,Beard,Navy,Gold,Tie,Banded Frameless,,
919,Light Blue,Human,Tall,Brown,Green,Pink - Wide,Beard,Purple,Purple,Tie,Bull Horns,Whale,
920,Trading Floor Green,Human,Short Crop,Charcoal,Green,Dark Brown - Flat,Neutral,Steel,Purple,Tie,Blue Boom Headset,Insider,
921,Steel,Marshmallow,Long Side,Gray Brown,Navy,Taupe - Wide,Mustache,Purple,Blue,Tie,Banded Frameless,Whale,
922,Bloomberg Orange,Human,Wavy,Dark Brown,Green,Light Brown - Wide,Open,Charcoal,Red,Tie,Blue Boom Headset,,
923,Steel,Robot,Short Crop,Light Brown,Green,Brown - Wide,Gray Beard,Navy,Purple,Tie,Bluetooth Headset,Whale,
924,Trading Floor Green,Lemon,Wide Top,Dark Brown,Slate Gray,Brown - Flat,Mustache,Slate,Red,Bow Tie,3D Glasses,,
925,Light Blue,Human,Wide Top,Gray Brown,Violet,Taupe - Flat,Smile,Slate,Red,Bow Tie,Blue Boom Headset,Insider,
926,Pale Blue,Human,Classic Side,Light Brown,Brown,Brown - Wide,Smile,Slate,Teal,Tie,Monocle,Insider,
927,Steel,Human,Wide Top,Gray Brown,Teal,Dark Brown - Wide,Blonde Mustache,Navy,Green,Bow Tie,Bluetooth Headset,,
928,Pale Blue,Human,Classic Side,Brown,Amber,Pink - Flat,Blonde Mustache,Slate,Purple,Tie,Bluetooth Headset,Whale,
929,Light Blue,Human,Bald,,Green,Dark Brown - Wide,Neutral,Slate,Green,Tie,Bluetooth Headset,,
930,Tan,Shadow,Bald,,Navy,Pink - Flat,Mustache,Charcoal,Gold,Bow Tie,Headset,Diamond Hands,
931,Bloomberg Orange,Human,Wide Top,Brown,Slate Gray,Taupe - Flat,Neutral,Forest,Gold,Tie,Banded Frameless,,
932,Bloomberg Orange,Human,Classic Side,Charcoal,Brown,Pink - Flat,Open,Forest,Purple,Bow Tie,Rimless Glasses,,
933,Trading Floor Green,Human,Wide Top,Blonde,Blue,Pink - Wide,Beard,Navy,Green,Tie,Bluetooth Headset,,
934,Bloomberg Orange,Robot,Wavy,Light Brown,Navy,Dark Brown - Flat,Smirk,Purple,Green,Bow Tie,Eye Patch,Insider,
935,Steel,Shadow,Short Crop,Light Brown,Brown,Brown - Flat,Open,Slate,Blue,Tie,Banded Frameless,,
936,Trading Floor Green,Human,Classic Side,Gray Brown,Teal,Brown - Wide,Smirk,Purple,Purple,Tie,Sunglasses,,
937,Slate,Shadow,Tall,Gray Brown,Amber,Light Brown - Wide,Mustache,Charcoal,Teal,Bow Tie,Headset,Insider,
938,Tan,Shadow,Bald,,Brown,Light Brown - Wide,Beard,Navy,Green,Tie,Headset,,
939,Sky Blue,Robot,Short Crop,Gray Brown,Blue,Dark Brown - Flat,Blond Beard,Slate,Gold,Bow Tie,Bull Horns,Diamond Hands,
940,Light Blue,Shadow,Classic Side,Light Brown,Violet,Dark Brown - Wide,Mustache,Navy,Blue,Tie,Headset,Diamond Hands,
941,Bloomberg Orange,Shadow,Long Side,Blonde,Violet,Dark Brown - Flat,Open,Charcoal,Red,Bow Tie,Bluetooth Headset,,
942,Sky Blue,Lemon,Classic Side,Jet Black,Slate Gray,Light Brown - Wide,Smile,Slate,Red,Tie,Bull Horns,Whale,
943,Sky Blue,Human,Tall,Light Brown,Violet,Brown - Flat,Gray Beard,Forest,Gold,Tie,Rimless Glasses,Whale,
944,Sky Blue,Shadow,Tall,Jet Black,Slate Gray,Pink - Wide,Open,Forest,Blue,Bow Tie,Headset,Diamond Hands,
945,Light Blue,Shadow,Short Crop,Light Brown,Violet,Light Brown - Flat,Neutral,Forest,Teal,Bow Tie,Sunglasses,,
946,Tan,Human,Bald,,Violet,,Gold Tooth,Forest,Teal,Bow Tie,Bull Horns,,
947,Bloomberg Orange,Zombie,Long Side,Brown,Blue,Pink - Flat,Smirk,Forest,Green,Bow Tie,3D Glasses,,
948,Tan,Lemon,Short Crop,Jet Black,Teal,Pink - Flat,Mustache,Forest,Red,Tie,Devil Horns,Insider,
949,Steel,Robot,Long Side,Gray Brown,Navy,Pink - Flat,Beard,Forest,Purple,Bow Tie,Gold Banded Frameless,,
950,Light Blue,Human,Bald,,Slate Gray,Dark Brown - Flat,Smirk,Charcoal,Green,Tie,Monocle,Insider,
951,Pale Blue,Marshmallow,Classic Side,Brown,Blue,Light Brown - Flat,Mustache,Purple,Green,Tie,Bluetooth Headset,,
952,Slate,Shadow,Tall,Light Brown,Violet,,Open,Purple,Teal,Tie,,Insider,
953,Tan,Human,Bald,,Slate Gray,Taupe - Flat,Mustache,Slate,Gold,Tie,Monocle,,
954,Tan,Human,Classic Side,Brown,Amber,Dark Brown - Flat,Open,Steel,Purple,Tie,Bluetooth Headset,,
955,Trading Floor Green,Human,Bald,,Brown,Taupe - Flat,Mustache,Steel,Red,Tie,Gold Rims,,
956,Steel,Lemon,Classic Side,Blonde,Slate Gray,Light Brown - Flat,Open,Forest,Blue,Tie,Bluetooth Headset,,
957,Steel,Zombie,Wavy,Light Brown,Teal,Pink - Flat,Neutral,Charcoal,Green,Tie,3D Glasses,,
958,Steel,Robot,Wavy,Brown,Teal,Pink - Wide,Mustache,Charcoal,Red,Tie,Bluetooth Headset,,
959,Tan,Human,Wide Top,Charcoal,Blue,Light Brown - Wide,Open,Slate,Blue,Tie,Bluetooth Headset,,
960,Slate,Human,Long Side,Blonde,Amber,,Open,Slate,Gold,Bow Tie,3D Glasses,,
961,Pale Blue,Human,Tall,Light Brown,Green,Dark Brown - Wide,Beard,Slate,Teal,Bow Tie,Devil Horns,,
962,Slate,Human,Wavy,Blonde,Green,Pink - Flat,Beard,Steel,Teal,Tie,3D Glasses,,
963,Bloomberg Orange,Robot,Classic Side,Brown,Brown,Brown - Flat,Neutral,Purple,Red,Bow Tie,Bluetooth Headset,,
964,Bloomberg Orange,Lemon,Classic Side,Charcoal,Violet,Taupe - Wide,Smirk,Purple,Red,Tie,Bluetooth Headset,Whale,
965,Trading Floor Green,Human,Bald,,Green,Pink - Flat,Smirk,Forest,Blue,Tie,Headset,Diamond Hands,
966,Light Blue,Human,Tall,Gray Brown,Violet,,Smirk,Slate,Blue,Bow Tie,Headset,Diamond Hands,
967,Sky Blue,Robot,Classic Side,Gray Brown,Slate Gray,Brown - Wide,Smile,Purple,Gold,Tie,Headset,,
968,Sky Blue,Marshmallow,Classic Side,Charcoal,Violet,Brown - Wide,Open,Steel,Gold,Bow Tie,,Diamond Hands,
969,Light Blue,Marshmallow,Bald,,Green,Clown Red - Wide,Mustache,Slate,Red,Tie,Bull Horns,Whale,
970,Slate,Human,Wide Top,Charcoal,Violet,,Smile,Navy,Green,Tie,Blue Boom Headset,Insider,
971,Trading Floor Green,Human,Bald,,Blue,Light Brown - Wide,Open,Slate,Purple,Bow Tie,Golden Devil Horns,,
972,Trading Floor Green,Human,Short Crop,Charcoal,Amber,Light Brown - Wide,Mustache,Steel,Teal,Tie,Gold Rims,,
973,Steel,Human,Short Crop,Light Brown,Violet,Taupe - Wide,Open,Purple,Red,Bow Tie,Bluetooth Headset,,
974,Steel,Human,Tall,Blonde,Blue,Dark Brown - Flat,Beard,Forest,Purple,Tie,Rimless Glasses,Whale,
975,Pale Blue,Devil,Bald,,Green,Brown - Wide,Mustache,Steel,Blue,Tie,Headset,,
976,Pale Blue,Human,Long Side,Light Brown,Teal,,Open,Steel,Teal,Tie,Sunglasses,,
977,Bloomberg Orange,Robot,Wavy,Charcoal,Teal,Pink - Wide,Smirk,Forest,Purple,Tie,Sunglasses,,
978,Bloomberg Orange,Zombie,Bald,,Brown,Taupe - Wide,Blond Beard,Steel,Gold,Bow Tie,Bluetooth Headset,,
979,Tan,Marshmallow,Wide Top,Blonde,Teal,Brown - Flat,Beard,Navy,Green,Tie,Headset,,
980,Sky Blue,Human,Wavy,Blonde,Brown,Taupe - Flat,Smile,Slate,Teal,Tie,Headset,,
981,Light Blue,Human,Long Side,Light Brown,Slate Gray,,Open,Navy,Green,Tie,Rimless Glasses,,
982,Sky Blue,Alien,Bald,,Amber,,Neutral,Charcoal,Gold,Tie,Bluetooth Headset,Insider,
983,Tan,Alien,Tall,Dark Brown,Green,Pink - Wide,Smirk,Charcoal,Red,Tie,Crown,,
984,Steel,Human,Classic Side,Dark Brown,Amber,Pink - Wide,Smile,Forest,Blue,Tie,Headset,,
985,Steel,Marshmallow,Classic Side,Brown,Violet,Light Brown - Wide,Smile,Charcoal,Teal,Bow Tie,Bluetooth Headset,,
986,Pale Blue,Human,Long Side,Brown,Brown,,Open,Purple,Teal,Tie,Sunglasses,,
987,Light Blue,Devil,Classic Side,Blonde,Violet,Pink - Flat,Mustache,Steel,Purple,Tie,Headset,,
988,Bloomberg Orange,Devil,Tall,Charcoal,Blue,Dark Brown - Wide,Open,Steel,Purple,Tie,Bull Horns,,
989,Sky Blue,Human,Short Crop,Gray Brown,Amber,Taupe - Flat,Gray Beard,Navy,Red,Tie,3D Glasses,,
990,Sky Blue,Zombie,Wide Top,Light Brown,Blue,Taupe - Flat,Open,Navy,Blue,Tie,,,
991,Trading Floor Green,Human,Bald,,Blue,Brown - Wide,Mustache,Charcoal,Purple,Tie,Bull Horns,,
992,Slate,Alien,Short Crop,Jet Black,Slate Gray,,Open,Purple,Red,Tie,Banded Frameless,,
993,Trading Floor Green,Zombie,Bald,,Teal,Light Brown - Flat,Beard,Steel,Teal,Tie,Blue Boom Headset,,
994,Bloomberg Orange,Human,Classic Side,Charcoal,Teal,Light Brown - Flat,Neutral,Navy,Teal,Tie,Sunglasses,,
995,Steel,Human,Classic Side,Blonde,Green,Light Brown - Flat,Smirk,Slate,Green,Tie,Bluetooth Headset,,
996,Pale Blue,Devil,Classic Side,Light Brown,Slate Gray,Dark Brown - Wide,Smile,Navy,Teal,Tie,Bluetooth Headset,,
997,Steel,Shadow,Tall,Dark Brown,Slate Gray,Light Brown - Wide,Mustache,Navy,Teal,Tie,Bluetooth Headset,Insider,
998,Pale Blue,Robot,Bald,,Blue,Light Brown - Wide,Smirk,Charcoal,Purple,Tie,,,
999,Bloomberg Orange,Human,Classic Side,Brown,Navy,Pink - Flat,Open,Navy,Teal,Tie,,,
1000,Slate,Zombie,Classic Side,Jet Black,Brown,Light Brown - Flat,Smile,Slate,Teal,Bow Tie,Banded Frameless,,
1001,Bloomberg Orange,Human,Short Crop,Brown,Amber,Pink - Flat,Beard,Navy,Gold,Tie,Rimless Glasses,,
1002,Trading Floor Green,Human,Wide Top,Blonde,Blue,Brown - Flat,Neutral,Steel,Green,Tie,3D Glasses,,
1003,Bloomberg Orange,Alien,Tall,Jet Black,Slate Gray,Light Brown - Flat,Smirk,Purple,Teal,Tie,Headset,,
1004,Sky Blue,Lemon,Classic Side,Light Brown,Violet,,Neutral,Forest,Gold,Tie,Bull Horns,Diamond Hands,
1005,Tan,Shadow,Classic Side,Gray Brown,Green,Taupe - Wide,Mustache,Navy,Blue,Tie,Golden Bull Horns,Diamond Hands,
1006,Trading Floor Green,Human,Wavy,Charcoal,Brown,Pink - Wide,Mustache,Forest,Blue,Tie,Bluetooth Headset,,
1007,Tan,Lemon,Short Crop,Light Brown,Amber,Light Brown - Flat,Mustache,Purple,Gold,Tie,Headset,,
1008,Sky Blue,Human,Long Side,Gray Brown,Blue,Brown - Flat,Mustache,Purple,Gold,Tie,Headset,,
1009,Tan,Human,Short Crop,Charcoal,Violet,Taupe - Wide,Mustache,Steel,Green,Tie,Headset,,
1010,Sky Blue,Human,Classic Side,Gray Brown,Teal,Dark Brown - Flat,Mustache,Forest,Teal,Tie,Bull Horns,,
1011,Tan,Marshmallow,Bald,,Violet,Brown - Flat,Neutral,Purple,Blue,Tie,Headset,,
1012,Light Blue,Shadow,Wavy,Jet Black,Brown,Pink - Wide,Smile,Navy,Teal,Tie,Sunglasses,,
1013,Light Blue,Human,Tall,Charcoal,Blue,Taupe - Flat,Blonde Mustache,Steel,Purple,Tie,Rimless Glasses,,
1014,Bloomberg Orange,Shadow,Wide Top,Gray Brown,Slate Gray,Pink - Wide,Open,Steel,Red,Bow Tie,Headset,Whale,
1015,Tan,Devil,Long Side,Light Brown,Slate Gray,Brown - Flat,Smile,Navy,Red,Tie,Bluetooth Headset,,
1016,Slate,Marshmallow,Wide Top,Light Brown,Navy,Pink - Wide,Smile,Navy,Purple,Tie,Sunglasses,,
1017,Light Blue,Human,Bald,,Green,Pink - Flat,Neutral,Slate,Gold,Tie,Rimless Glasses,,
1018,Tan,Human,Bald,,Brown,Light Brown - Wide,Gold Tooth,Navy,Blue,Tie,Bluetooth Headset,,
1019,Bloomberg Orange,Robot,Bald,,Teal,Dark Brown - Wide,Neutral,Forest,Blue,Tie,,Whale,
1020,Pale Blue,Lemon,Classic Side,Gray Brown,Brown,Dark Brown - Wide,Blond Beard,Forest,Teal,Tie,Bull Horns,,
1021,Steel,Human,Tall,Charcoal,Green,Taupe - Wide,Mustache,Slate,Purple,Tie,Monocle,Whale,
1022,Steel,Human,Tall,Blonde,Slate Gray,,Smirk,Rainbow,Red,Bow Tie,Banded Frameless,Diamond Hands,
1023,Tan,Zombie,Wide Top,Dark Brown,Brown,Brown - Flat,Open,Purple,Purple,Tie,,Diamond Hands,
1024,Pale Blue,Shadow,Tall,Blonde,Blue,,Neutral,Purple,Red,Tie,Bluetooth Headset,,
1025,Pale Blue,Marshmallow,Tall,Jet Black,Violet,Brown - Wide,Neutral,Purple,Purple,Tie,Banded Frameless,Insider,
1026,Pale Blue,Human,Tall,Blonde,Blue,Brown - Wide,Smirk,Charcoal,Red,Bow Tie,Headset,Whale,
1027,Trading Floor Green,Human,Bald,,Brown,Light Brown - Flat,Open,Charcoal,Teal,Bow Tie,Headset,,
1028,Sky Blue,Human,Wide Top,Dark Brown,Slate Gray,Brown - Flat,Open,Navy,Teal,Tie,Devil Horns,Diamond Hands,
1029,Trading Floor Green,Human,Tall,Jet Black,Teal,,Blonde Mustache,Purple,Red,Tie,Gold Headset,Diamond Hands,
1030,Bloomberg Orange,Marshmallow,Short Crop,Blonde,Violet,Light Brown - Flat,Beard,Forest,Blue,Tie,Sunglasses,Diamond Hands,
1031,Slate,Human,Wavy,Dark Brown,Amber,Light Brown - Wide,Beard,Slate,Blue,Tie,Headset,Whale,
1032,Pale Blue,Lemon,Wavy,Light Brown,Slate Gray,Taupe - Flat,Neutral,Forest,Gold,Tie,Bluetooth Headset,Insider,
1033,Bloomberg Orange,Marshmallow,Tall,Light Brown,Amber,Brown - Flat,Mustache,Purple,Blue,Tie,,,
1034,Slate,Human,Short Crop,Gray Brown,Violet,Dark Brown - Flat,Gray Beard,Navy,Teal,Tie,3D Glasses,,
1035,Trading Floor Green,Lemon,Bald,,Violet,Taupe - Wide,Mustache,Purple,Purple,Tie,Headset,,
1036,Light Blue,Marshmallow,Bald,,Navy,Pink - Flat,Smirk,Navy,Gold,Bow Tie,Headset,,
1037,Sky Blue,Human,Bald,,Amber,Brown - Wide,Gray Beard,Charcoal,Red,Tie,Blue Boom Headset,,
1038,Sky Blue,Human,Long Side,Blonde,Blue,,Smirk,Slate,Teal,Tie,Bluetooth Headset,,
1039,Steel,Shadow,Wide Top,Charcoal,Violet,Dark Brown - Flat,Open,Navy,Teal,Tie,3D Glasses,,
1040,Steel,Alien,Wavy,Dark Brown,Green,Light Brown - Wide,Neutral,Steel,Gold,Tie,Headset,Diamond Hands,
1041,Bloomberg Orange,Zombie,Classic Side,Blonde,Amber,Taupe - Flat,Beard,Slate,Purple,Bow Tie,3D Glasses,,
1042,Tan,Human,Bald,,Blue,Dark Brown - Flat,Mustache,Steel,Teal,Bow Tie,3D Glasses,,
1043,Sky Blue,Robot,Bald,,Amber,Light Brown - Flat,Open,Charcoal,Green,Tie,Monocle,,
1044,Light Blue,Lemon,Bald,,Green,Pink - Flat,Blond Beard,Forest,Purple,Tie,Sunglasses,Whale,
1045,Slate,Zombie,Short Crop,Dark Brown,Teal,Brown - Flat,Smirk,Slate,Blue,Tie,Sunglasses,,
1046,Sky Blue,Marshmallow,Wavy,Gray Brown,Slate Gray,Pink - Flat,Open,Purple,Blue,Tie,Monocle,,
1047,Tan,Marshmallow,Wavy,Dark Brown,Slate Gray,,Smile,Slate,Green,Tie,Bluetooth Headset,,
1048,Tan,Human,Classic Side,Blonde,Navy,Taupe - Flat,Beard,Charcoal,Red,Tie,Eye Patch,,
1049,Pale Blue,Lemon,Bald,,Slate Gray,Taupe - Wide,Smirk,Steel,Teal,Tie,Banded Frameless,,
1050,Trading Floor Green,Marshmallow,Wide Top,Blonde,Blue,Pink - Flat,Smirk,Charcoal,Gold,Tie,Bull Horns,,
1051,Trading Floor Green,Human,Classic Side,Light Brown,Slate Gray,Brown - Flat,Neutral,Charcoal,Green,Bow Tie,Bull Horns,,
1052,Sky Blue,Human,Wavy,Light Brown,Slate Gray,Brown - Flat,Blond Beard,Slate,Purple,Tie,Blue Boom Headset,,
1053,Trading Floor Green,Alien,Tall,Charcoal,Teal,Taupe - Wide,Open,Slate,Teal,Tie,3D Glasses,,
1054,Sky Blue,Lemon,Long Side,Dark Brown,Green,Light Brown - Flat,Blond Beard,Rainbow,Gold,Tie,3D Glasses,,
1055,Pale Blue,Devil,Wide Top,Charcoal,Blue,Light Brown - Flat,Neutral,Steel,Gold,Bow Tie,3D Glasses,,
1056,Tan,Human,Wavy,Blonde,Navy,Dark Brown - Flat,Neutral,Steel,Purple,Tie,Monocle,Diamond Hands,
1057,Steel,Human,Bald,,Violet,Brown - Flat,Neutral,Forest,Blue,Bow Tie,,Diamond Hands,
1058,Sky Blue,Zombie,Classic Side,Jet Black,Teal,Light Brown - Wide,Mustache,Navy,Green,Tie,Sunglasses,Diamond Hands,
1059,Slate,Human,Classic Side,Light Brown,Teal,Brown - Flat,Neutral,Forest,Purple,Tie,,,
1060,Pale Blue,Lemon,Wide Top,Dark Brown,Navy,,Smirk,Slate,Purple,Tie,Monocle,Insider,
1061,Bloomberg Orange,Marshmallow,Classic Side,Charcoal,Teal,Taupe - Wide,Smile,Forest,Red,Tie,,Insider,
1062,Bloomberg Orange,Robot,Wide Top,Dark Brown,Violet,Light Brown - Wide,Smirk,Navy,Purple,Tie,Banded Frameless,,
1063,Steel,Alien,Short Crop,Gray Brown,Slate Gray,Pink - Flat,Blond Beard,Charcoal,Green,Tie,Crown,,
1064,Slate,Lemon,Wide Top,Gray Brown,Navy,Pink - Wide,Smile,Forest,Blue,Tie,Headset,,
1065,Tan,Devil,Tall,Light Brown,Brown,Brown - Flat,Smirk,Steel,Gold,Tie,Devil Horns,,
1066,Light Blue,Alien,Long Side,Gray Brown,Violet,Taupe - Flat,Smirk,Charcoal,Red,Bow Tie,3D Glasses,,
1067,Tan,Lemon,Tall,Charcoal,Brown,Brown - Flat,Beard,Navy,Teal,Bow Tie,3D Glasses,,
1068,Pale Blue,Robot,Bald,,Amber,Pink - Flat,Beard,Charcoal,Gold,Bow Tie,3D Glasses,Insider,
1069,Pale Blue,Human,Wavy,Blonde,Amber,Light Brown - Flat,Smirk,Slate,Teal,Tie,Gold Headset,Diamond Hands,
1070,Tan,Robot,Bald,,Amber,Light Brown - Wide,Open,Steel,Teal,Tie,Rimless Glasses,,
1071,Pale Blue,Devil,Bald,,Slate Gray,Light Brown - Flat,Mustache,Purple,Purple,Bow Tie,Bluetooth Headset,Insider,
1072,Slate,Robot,Wavy,Light Brown,Blue,Dark Brown - Flat,Neutral,Slate,Purple,Tie,Sunglasses,Diamond Hands,
1073,Trading Floor Green,Alien,Tall,Charcoal,Blue,Taupe - Wide,Open,Charcoal,Teal,Bow Tie,3D Glasses,Whale,
1074,Slate,Shadow,Wavy,Brown,Teal,,Open,Charcoal,Purple,Tie,Bull Horns,,
1075,Steel,Shadow,Wavy,Jet Black,Amber,Taupe - Flat,Open,Steel,Purple,Tie,Bull Horns,,
1076,Bloomberg Orange,Human,Wide Top,Brown,Slate Gray,Brown - Flat,Neutral,Forest,Purple,Tie,Bull Horns,Whale,
1077,Slate,Human,Wide Top,Light Brown,Navy,Taupe - Wide,Smile,Steel,Green,Tie,Sunglasses,,
1078,Trading Floor Green,Devil,Short Crop,Jet Black,Green,Brown - Wide,Smile,Forest,Purple,Tie,,Insider,
1079,Tan,Shadow,Bald,,Green,Brown - Flat,Smile,Forest,Red,Bow Tie,Devil Horns,,
1080,Pale Blue,Human,Long Side,Charcoal,Blue,Dark Brown - Flat,Beard,Navy,Red,Bow Tie,Rimless Glasses,,
1081,Bloomberg Orange,Human,Classic Side,Light Brown,Slate Gray,Light Brown - Flat,Mustache,Forest,Gold,Tie,Headset,,
1082,Tan,Alien,Bald,,Navy,Dark Brown - Flat,Beard,Purple,Teal,Tie,Banded Frameless,,
1083,Slate,Devil,Long Side,Brown,Blue,Taupe - Flat,Open,Steel,Teal,Tie,Sunglasses,Insider,
1084,Trading Floor Green,Human,Classic Side,Dark Brown,Teal,Pink - Flat,Smirk,Charcoal,Green,Tie,Headset,Insider,
1085,Bloomberg Orange,Shadow,Wavy,Gray Brown,Navy,Brown - Wide,Neutral,Slate,Teal,Tie,Rimless Glasses,Insider,
1086,Sky Blue,Zombie,Bald,,Blue,Dark Brown - Flat,Mustache,Forest,Teal,Tie,Bull Horns,,
1087,Sky Blue,Human,Wide Top,Gray Brown,Teal,Brown - Wide,Beard,Slate,Green,Tie,Bluetooth Headset,,
1088,Steel,Human,Tall,Jet Black,Navy,Taupe - Flat,Mustache,Charcoal,Green,Bow Tie,Banded Frameless,,
1089,Steel,Robot,Wavy,Jet Black,Green,Brown - Wide,Smirk,Navy,Green,Bow Tie,Rimless Glasses,Diamond Hands,
1090,Sky Blue,Devil,Wide Top,Blonde,Teal,Light Brown - Flat,Open,Navy,Gold,Bow Tie,Rimless Glasses,,
1091,Steel,Devil,Wavy,Blonde,Green,Light Brown - Wide,Mustache,Navy,Teal,Tie,Banded Frameless,,
1092,Trading Floor Green,Marshmallow,Wide Top,Brown,Slate Gray,Pink - Wide,Smirk,Charcoal,Teal,Tie,Sunglasses,,
1093,Tan,Devil,Tall,Brown,Brown,Brown - Wide,Beard,Slate,Red,Tie,Headset,,
1094,Steel,Human,Tall,Gray Brown,Navy,Taupe - Flat,Smirk,Charcoal,Teal,Tie,3D Glasses,,
1095,Tan,Robot,Bald,,Teal,Light Brown - Flat,Neutral,Charcoal,Gold,Tie,Banded Frameless,Diamond Hands,
1096,Tan,Alien,Short Crop,Brown,Teal,Dark Brown - Flat,Smirk,Forest,Red,Tie,3D Glasses,,
1097,Bloomberg Orange,Human,Tall,Brown,Violet,Taupe - Flat,Neutral,Purple,Gold,Tie,Headset,,
1098,Sky Blue,Zombie,Long Side,Charcoal,Amber,Taupe - Wide,Smirk,Navy,Gold,Tie,Headset,Whale,
1099,Steel,Human,Tall,Brown,Green,Pink - Wide,Smile,Slate,Red,Tie,Rimless Glasses,Diamond Hands,
1100,Trading Floor Green,Robot,Long Side,Jet Black,Amber,Pink - Wide,Beard,Forest,Green,Tie,Blue Boom Headset,,
1101,Tan,Lemon,Wavy,Dark Brown,Green,Pink - Flat,Neutral,Forest,Gold,Tie,3D Glasses,,
1102,Steel,Alien,Bald,,Navy,Light Brown - Wide,Open,Slate,Green,Tie,Bluetooth Headset,,
1103,Tan,Zombie,Wide Top,Jet Black,Blue,Brown - Flat,Beard,Steel,Red,Tie,Bluetooth Headset,,
1104,Pale Blue,Shadow,Tall,Charcoal,Green,,Smile,Navy,Green,Tie,3D Glasses,Diamond Hands,
1105,Slate,Human,Wide Top,Blonde,Violet,Taupe - Flat,Gold Tooth,Steel,Teal,Tie,Crown,,
1106,Slate,Marshmallow,Long Side,Brown,Navy,Light Brown - Wide,Mustache,Navy,Red,Tie,Bluetooth Headset,,
1107,Steel,Devil,Long Side,Light Brown,Green,Taupe - Flat,Mustache,Navy,Teal,Tie,Gold Rims,,
1108,Bloomberg Orange,Shadow,Bald,,Green,Taupe - Flat,Mustache,Charcoal,Teal,Tie,Sunglasses,,
1109,Slate,Alien,Short Crop,Dark Brown,Teal,,Open,Charcoal,Red,Tie,3D Glasses,Insider,
1110,Sky Blue,Human,Short Crop,Charcoal,Green,Dark Brown - Wide,Beard,Navy,Teal,Bow Tie,3D Glasses,,
1111,Sky Blue,Human,Long Side,Jet Black,Teal,Pink - Flat,Beard,Forest,Blue,Tie,Bull Horns,Diamond Hands,
1112,Trading Floor Green,Robot,Long Side,Dark Brown,Teal,Light Brown - Flat,Smile,Forest,Gold,Tie,Banded Frameless,,
1113,Pale Blue,Human,Tall,Charcoal,Amber,Pink - Flat,Mustache,Forest,Green,Bow Tie,Golden Bull Horns,Whale,
1114,Bloomberg Orange,Human,Wavy,Brown,Green,Light Brown - Flat,Open,Navy,Teal,Bow Tie,Bluetooth Headset,,
1115,Slate,Shadow,Short Crop,Blonde,Violet,,Open,Navy,Purple,Tie,Gold Rims,Insider,
1116,Slate,Human,Short Crop,Jet Black,Green,Taupe - Wide,Smirk,Slate,Red,Bow Tie,Rimless Glasses,Diamond Hands,
1117,Bloomberg Orange,Alien,Wavy,Brown,Blue,Pink - Flat,Beard,Navy,Gold,Tie,Sunglasses,Insider,
1118,Trading Floor Green,Robot,Short Crop,Dark Brown,Violet,Light Brown - Flat,Beard,Charcoal,Red,Bow Tie,,Diamond Hands,
1119,Bloomberg Orange,Robot,Bald,,Teal,Taupe - Wide,Beard,Slate,Gold,Bow Tie,Rimless Glasses,,
1120,Steel,Shadow,Tall,Brown,Blue,Taupe - Flat,Open,Forest,Red,Bow Tie,Bluetooth Headset,Whale,
1121,Bloomberg Orange,Human,Bald,,Blue,Light Brown - Flat,Open,Steel,Red,Tie,,Insider,
1122,Bloomberg Orange,Lemon,Long Side,Dark Brown,Teal,Dark Brown - Flat,Open,Slate,Green,Tie,Crown,,
1123,Slate,Human,Tall,Jet Black,Navy,Pink - Wide,Blond Beard,Navy,Green,Tie,Headset,Whale,
1124,Bloomberg Orange,Devil,Tall,Gray Brown,Brown,Light Brown - Wide,Open,Steel,Teal,Tie,,,
1125,Light Blue,Human,Short Crop,Jet Black,Green,Taupe - Wide,Open,Navy,Green,Bow Tie,Bull Horns,,
1126,Steel,Zombie,Bald,,Slate Gray,Dark Brown - Wide,Open,Steel,Green,Tie,Bluetooth Headset,,
1127,Sky Blue,Devil,Bald,,Amber,Light Brown - Flat,Blonde Mustache,Steel,Gold,Tie,,Insider,
1128,Sky Blue,Human,Wide Top,Gray Brown,Green,Dark Brown - Flat,Blonde Mustache,Steel,Teal,Tie,Sunglasses,,
1129,Trading Floor Green,Alien,Bald,,Green,Brown - Wide,Open,Steel,Red,Bow Tie,Monocle,,
1130,Tan,Devil,Classic Side,Jet Black,Slate Gray,Brown - Flat,Neutral,Forest,Gold,Tie,,,
1131,Light Blue,Lemon,Long Side,Charcoal,Teal,Brown - Wide,Smile,Charcoal,Gold,Tie,Headset,,
1132,Light Blue,Robot,Bald,,Brown,Pink - Flat,Smile,Charcoal,Purple,Tie,3D Glasses,Whale,
1133,Pale Blue,Human,Short Crop,Dark Brown,Green,,Neutral,Steel,Gold,Tie,Bull Horns,,
1134,Bloomberg Orange,Robot,Classic Side,Jet Black,Teal,Brown - Flat,Smirk,Forest,Green,Tie,Bull Horns,,
1135,Sky Blue,Human,Wide Top,Dark Brown,Brown,Light Brown - Flat,Mustache,Navy,Blue,Tie,3D Glasses,,
1136,Steel,Zombie,Tall,Light Brown,Slate Gray,Clown Red - Wide,Smirk,Rainbow,Teal,Bow Tie,Blue Boom Headset,,
1137,Tan,Human,Short Crop,Dark Brown,Brown,Pink - Flat,Neutral,Forest,Teal,Tie,Sunglasses,Diamond Hands,
1138,Sky Blue,Human,Wide Top,Blonde,Amber,Pink - Flat,Smirk,Purple,Blue,Bow Tie,Golden Devil Horns,Whale,
1139,Tan,Shadow,Classic Side,Dark Brown,Violet,Light Brown - Wide,Open,Steel,Gold,Bow Tie,Headset,Insider,
1140,Tan,Shadow,Classic Side,Dark Brown,Brown,Taupe - Wide,Open,Forest,Red,Tie,3D Glasses,,
1141,Steel,Human,Tall,Light Brown,Green,Pink - Flat,Open,Forest,Teal,Tie,Rimless Glasses,,
1142,Pale Blue,Robot,Classic Side,Jet Black,Navy,Pink - Wide,Open,Steel,Teal,Bow Tie,Banded Frameless,,
1143,Trading Floor Green,Human,Classic Side,Jet Black,Slate Gray,Light Brown - Flat,Open,Forest,Gold,Tie,Blue Boom Headset,Diamond Hands,
1144,Pale Blue,Marshmallow,Classic Side,Blonde,Amber,Brown - Flat,Smirk,Forest,Gold,Tie,Rimless Glasses,,
1145,Slate,Human,Bald,,Amber,Dark Brown - Flat,Neutral,Forest,Green,Bow Tie,,,
1146,Sky Blue,Human,Tall,Dark Brown,Green,Pink - Flat,Neutral,Steel,Purple,Bow Tie,Sunglasses,Whale,
1147,Trading Floor Green,Human,Bald,,Blue,Taupe - Flat,Gray Beard,Charcoal,Red,Tie,Golden Devil Horns,,
1148,Trading Floor Green,Robot,Classic Side,Charcoal,Amber,Brown - Flat,Open,Charcoal,Purple,Bow Tie,Bull Horns,,
1149,Steel,Shadow,Bald,,Navy,Clown Red - Wide,Beard,Purple,Green,Bow Tie,Bull Horns,,
1150,Pale Blue,Alien,Short Crop,Brown,Brown,Taupe - Flat,Mustache,Charcoal,Gold,Tie,Banded Frameless,Insider,
1151,Trading Floor Green,Human,Tall,Charcoal,Brown,Pink - Wide,Open,Forest,Red,Bow Tie,Banded Frameless,,
1152,Sky Blue,Alien,Wide Top,Jet Black,Brown,Light Brown - Flat,Smirk,Navy,Red,Tie,Headset,Whale,
1153,Tan,Shadow,Tall,Light Brown,Slate Gray,Taupe - Flat,Open,Navy,Gold,Tie,Bluetooth Headset,Insider,
1154,Tan,Human,Wide Top,Light Brown,Brown,,Smirk,Slate,Blue,Bow Tie,Blue Boom Headset,,
1155,Tan,Devil,Wavy,Gray Brown,Slate Gray,Brown - Wide,Open,Purple,Teal,Tie,Headset,,
1156,Steel,Human,Classic Side,Charcoal,Teal,,Gray Beard,Purple,Gold,Tie,Golden Bull Horns,Whale,
1157,Slate,Human,Long Side,Dark Brown,Brown,Light Brown - Flat,Gray Beard,Slate,Green,Tie,3D Glasses,Insider,
1158,Slate,Alien,Classic Side,Gray Brown,Amber,Taupe - Flat,Smirk,Purple,Teal,Tie,Sunglasses,Insider,
1159,Bloomberg Orange,Human,Bald,,Brown,,Gray Beard,Navy,Green,Tie,3D Glasses,Whale,
1160,Trading Floor Green,Human,Bald,,Green,Brown - Flat,Smirk,Slate,Teal,Tie,Crown,,
1161,Sky Blue,Devil,Classic Side,Blonde,Brown,Brown - Wide,Mustache,Slate,Blue,Bow Tie,Headset,,
1162,Trading Floor Green,Robot,Long Side,Blonde,Slate Gray,Taupe - Wide,Beard,Slate,Red,Tie,3D Glasses,,
1163,Steel,Alien,Tall,Gray Brown,Green,,Smirk,Forest,Green,Bow Tie,Sunglasses,,
1164,Bloomberg Orange,Marshmallow,Classic Side,Jet Black,Blue,Pink - Flat,Neutral,Purple,Blue,Tie,Bull Horns,,
1165,Slate,Marshmallow,Classic Side,Brown,Blue,Brown - Flat,Open,Steel,Green,Tie,,,
1166,Sky Blue,Robot,Wide Top,Dark Brown,Green,Taupe - Wide,Neutral,Charcoal,Green,Tie,Blue Boom Headset,,
1167,Bloomberg Orange,Alien,Short Crop,Dark Brown,Navy,Light Brown - Flat,Smirk,Slate,Blue,Tie,,Diamond Hands,
1168,Trading Floor Green,Human,Bald,,Navy,Light Brown - Wide,Smirk,Navy,Red,Tie,,Insider,
1169,Slate,Human,Long Side,Dark Brown,Bull Candle,Dark Brown - Wide,Neutral,Steel,Teal,Tie,Headset,,
1170,Light Blue,Human,Wide Top,Jet Black,Amber,Light Brown - Wide,Beard,Forest,Red,Bow Tie,Blue Boom Headset,,
1171,Tan,Human,Tall,Blonde,Navy,Light Brown - Flat,Open,Purple,Gold,Tie,Rimless Glasses,,
1172,Steel,Human,Wide Top,Blonde,Blue,Taupe - Flat,Blond Beard,Charcoal,Teal,Bow Tie,Gold Headset,,
1173,Pale Blue,Human,Long Side,Blonde,Blue,Pink - Wide,Smile,Slate,Gold,Tie,Banded Frameless,,
1174,Sky Blue,Zombie,Classic Side,Blonde,Slate Gray,Dark Brown - Flat,Smirk,Charcoal,Gold,Bow Tie,Bluetooth Headset,,
1175,Slate,Human,Tall,Gray Brown,Brown,Brown - Flat,Smirk,Navy,Gold,Tie,Gold Banded Frameless,,
1176,Bloomberg Orange,Human,Bald,,Brown,Taupe - Wide,Neutral,Forest,Green,Tie,Banded Frameless,,
1177,Pale Blue,Human,Tall,Blonde,Teal,,Smirk,Charcoal,Gold,Bow Tie,Sunglasses,,
1178,Sky Blue,Shadow,Wide Top,Gray Brown,Slate Gray,Brown - Flat,Neutral,Forest,Teal,Tie,Blue Boom Headset,,
1179,Slate,Human,Bald,,Teal,Dark Brown - Wide,Neutral,Steel,Green,Tie,Sunglasses,,
1180,Tan,Alien,Long Side,Light Brown,Navy,Brown - Wide,Open,Steel,Purple,Bow Tie,3D Glasses,,
1181,Tan,Shadow,Classic Side,Brown,Blue,Dark Brown - Flat,Mustache,Purple,Blue,Tie,Monocle,Insider,
1182,Steel,Marshmallow,Bald,,Amber,Taupe - Flat,Smile,Steel,Blue,Tie,3D Glasses,Insider,
1183,Trading Floor Green,Zombie,Wide Top,Light Brown,Navy,Brown - Wide,Smile,Forest,Blue,Bow Tie,Blue Boom Headset,,
1184,Pale Blue,Devil,Bald,,Blue,Pink - Flat,Neutral,Slate,Teal,Tie,Banded Frameless,,
1185,Sky Blue,Marshmallow,Classic Side,Light Brown,Blue,Light Brown - Flat,Neutral,Slate,Green,Bow Tie,Banded Frameless,,
1186,Light Blue,Human,Bald,,Teal,Light Brown - Wide,Mustache,Purple,Gold,Bow Tie,,,
1187,Bloomberg Orange,Human,Long Side,Light Brown,Green,Pink - Wide,Open,Slate,Teal,Tie,Crown,Whale,
1188,Steel,Shadow,Bald,,Navy,Pink - Flat,Neutral,Slate,Gold,Bow Tie,Headset,,
1189,Tan,Human,Wide Top,Jet Black,Slate Gray,Light Brown - Wide,Smile,Forest,Green,Bow Tie,3D Glasses,,
1190,Bloomberg Orange,Lemon,Wavy,Jet Black,Brown,Brown - Flat,Smirk,Navy,Green,Tie,,Whale,
1191,Tan,Marshmallow,Tall,Dark Brown,Violet,Pink - Flat,Smirk,Steel,Red,Tie,Headset,,
1192,Light Blue,Marshmallow,Bald,,Teal,Pink - Flat,Beard,Red,Red,Tie,Headset,,
1193,Trading Floor Green,Zombie,Tall,Light Brown,Violet,Brown - Flat,Beard,Navy,Green,Tie,Banded Frameless,,
1194,Steel,Lemon,Tall,Light Brown,Brown,Pink - Wide,Mustache,Navy,Purple,Tie,Bluetooth Headset,Diamond Hands,
1195,Slate,Marshmallow,Tall,Charcoal,Violet,Pink - Wide,Open,Forest,Red,Tie,Bluetooth Headset,,
1196,Steel,Human,Wide Top,Brown,Amber,Light Brown - Wide,Neutral,Forest,Purple,Tie,Sunglasses,,
1197,Trading Floor Green,Human,Wavy,Dark Brown,Slate Gray,Light Brown - Flat,Mustache,Forest,Blue,Tie,Banded Frameless,Whale,
1198,Pale Blue,Shadow,Long Side,Charcoal,Teal,Light Brown - Wide,Mustache,Charcoal,Gold,Tie,Bull Horns,,
1199,Light Blue,Lemon,Tall,Blonde,Amber,Brown - Wide,Beard,Purple,Teal,Tie,Headset,Whale,
1200,Light Blue,Devil,Wide Top,Brown,Green,Taupe - Flat,Mustache,Purple,Green,Tie,Golden Devil Horns,Whale,
1201,Tan,Marshmallow,Short Crop,Dark Brown,Green,,Mustache,Forest,Purple,Tie,Crown,,
1202,Slate,Marshmallow,Wide Top,Brown,Brown,Dark Brown - Wide,Mustache,Slate,Teal,Bow Tie,Bull Horns,,
1203,Light Blue,Human,Bald,,Blue,Light Brown - Wide,Mustache,Forest,Green,Tie,Bluetooth Headset,Insider,
1204,Trading Floor Green,Devil,Short Crop,Light Brown,Navy,Dark Brown - Wide,Smirk,Purple,Gold,Tie,3D Glasses,,
1205,Slate,Robot,Short Crop,Dark Brown,Slate Gray,Brown - Flat,Open,Steel,Purple,Tie,Monocle,,
1206,Tan,Human,Bald,,Teal,Brown - Flat,Smirk,Purple,Green,Tie,Devil Horns,Whale,
1207,Tan,Lemon,Wavy,Gray Brown,Green,Pink - Flat,Beard,Slate,Gold,Bow Tie,Bull Horns,,
1208,Light Blue,Zombie,Tall,Dark Brown,Brown,Light Brown - Wide,Beard,Steel,Gold,Tie,Rimless Glasses,,
1209,Bloomberg Orange,Lemon,Wavy,Dark Brown,Navy,Dark Brown - Wide,Beard,Rainbow,Green,Tie,Rimless Glasses,,
1210,Slate,Human,Wide Top,Gray Brown,Navy,Dark Brown - Flat,Beard,Steel,Gold,Tie,Sunglasses,,
1211,Steel,Human,Bald,,Green,Brown - Flat,Mustache,Charcoal,Red,Tie,Bluetooth Headset,,
1212,Tan,Marshmallow,Tall,Charcoal,Amber,Light Brown - Wide,Mustache,Slate,Blue,Tie,Rimless Glasses,,
1213,Sky Blue,Human,Classic Side,Brown,Slate Gray,Brown - Wide,Open,Navy,Red,Tie,,,
1214,Tan,Human,Wide Top,Blonde,Brown,Brown - Wide,Open,Purple,Green,Tie,3D Glasses,,
1215,Steel,Shadow,Tall,Charcoal,Green,Dark Brown - Wide,Beard,Navy,Red,Tie,Bluetooth Headset,,
1216,Tan,Lemon,Classic Side,Jet Black,Blue,Light Brown - Flat,Smirk,Slate,Red,Tie,Rimless Glasses,,
1217,Light Blue,Human,Classic Side,Charcoal,Blue,Taupe - Flat,Neutral,Navy,Blue,Tie,Monocle,,
1218,Light Blue,Marshmallow,Long Side,Charcoal,Slate Gray,Pink - Wide,Neutral,Forest,Blue,Tie,Crown,,
1219,Pale Blue,Human,Bald,,Amber,Taupe - Wide,Beard,Steel,Teal,Tie,Golden Bull Horns,Insider,
1220,Trading Floor Green,Robot,Classic Side,Dark Brown,Violet,Light Brown - Wide,Neutral,Steel,Gold,Tie,Eye Patch,,
1221,Sky Blue,Robot,Tall,Jet Black,Green,,Beard,Slate,Gold,Bow Tie,Monocle,,
1222,Light Blue,Marshmallow,Bald,,Navy,Dark Brown - Flat,Neutral,Steel,Blue,Tie,,,
1223,Sky Blue,Robot,Wavy,Jet Black,Slate Gray,Light Brown - Flat,Smile,Slate,Red,Tie,Golden Devil Horns,Whale,
1224,Bloomberg Orange,Human,Wide Top,Jet Black,Slate Gray,Pink - Flat,Smile,Steel,Red,Tie,3D Glasses,Diamond Hands,
1225,Pale Blue,Alien,Bald,,Brown,Pink - Flat,Mustache,Purple,Blue,Tie,Sunglasses,,
1226,Sky Blue,Devil,Wide Top,Light Brown,Blue,Pink - Flat,Mustache,Steel,Green,Bow Tie,Bull Horns,,
1227,Pale Blue,Zombie,Long Side,Blonde,Navy,Dark Brown - Wide,Smirk,Steel,Green,Tie,Headset,,
1228,Tan,Devil,Short Crop,Blonde,Blue,Pink - Flat,Beard,Slate,Blue,Tie,Sunglasses,Insider,
1229,Bloomberg Orange,Lemon,Wavy,Dark Brown,Blue,Dark Brown - Wide,Blond Beard,Navy,Blue,Tie,3D Glasses,Whale,
1230,Bloomberg Orange,Alien,Classic Side,Dark Brown,Teal,Pink - Flat,Beard,Red,Purple,Bow Tie,Headset,,
1231,Bloomberg Orange,Human,Wavy,Light Brown,Slate Gray,Dark Brown - Wide,Smile,Forest,Blue,Tie,Rimless Glasses,,
1232,Pale Blue,Human,Short Crop,Blonde,Slate Gray,,Beard,Navy,Green,Tie,Bull Horns,Insider,
1233,Pale Blue,Human,Short Crop,Light Brown,Navy,Dark Brown - Flat,Blond Beard,Navy,Purple,Bow Tie,Headset,,
1234,Light Blue,Marshmallow,Classic Side,Light Brown,Blue,Taupe - Flat,Open,Purple,Teal,Tie,Rimless Glasses,,
1235,Tan,Lemon,Short Crop,Jet Black,Violet,,Beard,Slate,Red,Tie,Sunglasses,,
1236,Slate,Marshmallow,Tall,Brown,Green,,Smile,Navy,Gold,Tie,Headset,,
1237,Pale Blue,Human,Tall,Brown,Teal,Dark Brown - Flat,Mustache,Purple,Gold,Bow Tie,Crown,,
1238,Tan,Human,Bald,,Amber,Light Brown - Wide,Blonde Mustache,Forest,Red,Tie,Headset,,
1239,Light Blue,Marshmallow,Wide Top,Charcoal,Violet,Light Brown - Flat,Open,Navy,Purple,Tie,3D Glasses,,
1240,Sky Blue,Human,Classic Side,Dark Brown,Blue,Pink - Flat,Smile,Red,Gold,Tie,,,
1241,Tan,Shadow,Tall,Brown,Navy,,Beard,Navy,Purple,Bow Tie,Headset,,
1242,Steel,Human,Long Side,Charcoal,Amber,Light Brown - Flat,Neutral,Navy,Teal,Tie,Devil Horns,,
1243,Tan,Zombie,Wavy,Jet Black,Violet,Pink - Flat,Open,Purple,Green,Tie,Headset,Insider,
1244,Trading Floor Green,Human,Wavy,Jet Black,Teal,,Mustache,Steel,Blue,Tie,Sunglasses,,
1245,Bloomberg Orange,Zombie,Classic Side,Brown,Green,Taupe - Wide,Neutral,Forest,Green,Bow Tie,Rimless Glasses,Whale,
1246,Tan,Human,Short Crop,Blonde,Violet,Taupe - Flat,Smirk,Forest,Blue,Bow Tie,Gold Banded Frameless,,
1247,Steel,Lemon,Bald,,Teal,Taupe - Wide,Open,Forest,Teal,Tie,,,
1248,Tan,Marshmallow,Classic Side,Charcoal,Violet,Dark Brown - Flat,Mustache,Purple,Blue,Tie,Gold Banded Frameless,Diamond Hands,
1249,Tan,Human,Wide Top,Dark Brown,Violet,Dark Brown - Flat,Open,Purple,Red,Tie,Bull Horns,,
1250,Slate,Marshmallow,Short Crop,Blonde,Bull Candle,Clown Red - Wide,Neutral,Slate,Green,Tie,Monocle,,
1251,Trading Floor Green,Devil,Bald,,Brown,Light Brown - Wide,Open,Navy,Blue,Tie,Sunglasses,Diamond Hands,
1252,Tan,Robot,Wide Top,Jet Black,Brown,Brown - Wide,Smile,Steel,Teal,Tie,Blue Boom Headset,,
1253,Sky Blue,Human,Classic Side,Jet Black,Teal,Dark Brown - Flat,Beard,Navy,Purple,Tie,Blue Boom Headset,Whale,
1254,Light Blue,Human,Tall,Charcoal,Slate Gray,Light Brown - Wide,Open,Navy,Teal,Tie,Sunglasses,Diamond Hands,
1255,Trading Floor Green,Human,Long Side,Blonde,Green,Brown - Flat,Smirk,Steel,Purple,Tie,Banded Frameless,,
1256,Light Blue,Devil,Tall,Blonde,Navy,Dark Brown - Wide,Smirk,Forest,Teal,Tie,3D Glasses,,
1257,Sky Blue,Zombie,Classic Side,Brown,Brown,Clown Red - Wide,Beard,Slate,Blue,Bow Tie,Crown,Diamond Hands,
1258,Sky Blue,Human,Classic Side,Dark Brown,Teal,Taupe - Flat,Open,Navy,Red,Tie,3D Glasses,Diamond Hands,
1259,Light Blue,Zombie,Classic Side,Gray Brown,Amber,Dark Brown - Wide,Open,Slate,Blue,Tie,Golden Bull Horns,,
1260,Steel,Robot,Long Side,Light Brown,Brown,Dark Brown - Flat,Blond Beard,Steel,Green,Tie,Rimless Glasses,,
1261,Bloomberg Orange,Human,Tall,Gray Brown,Amber,Taupe - Wide,Smile,Slate,Red,Tie,Bull Horns,Diamond Hands,
1262,Pale Blue,Lemon,Wide Top,Light Brown,Slate Gray,Brown - Flat,Neutral,Purple,Green,Tie,3D Glasses,,
1263,Tan,Human,Long Side,Charcoal,Bull Candle,Dark Brown - Flat,Beard,Forest,Green,Bow Tie,Bull Horns,,
1264,Steel,Human,Short Crop,Charcoal,Green,Pink - Wide,Neutral,Charcoal,Gold,Tie,Banded Frameless,,
1265,Steel,Zombie,Long Side,Brown,Teal,,Beard,Forest,Blue,Bow Tie,Devil Horns,,
1266,Sky Blue,Human,Wide Top,Dark Brown,Teal,Light Brown - Flat,Smirk,Navy,Blue,Tie,Bluetooth Headset,,
1267,Slate,Human,Long Side,Light Brown,Green,Light Brown - Flat,Neutral,Charcoal,Green,Tie,,,
1268,Trading Floor Green,Robot,Long Side,Light Brown,Blue,Light Brown - Flat,Smirk,Forest,Teal,Bow Tie,Sunglasses,Whale,
1269,Light Blue,Marshmallow,Short Crop,Charcoal,Violet,,Smile,Navy,Green,Tie,Monocle,Diamond Hands,
1270,Steel,Human,Short Crop,Jet Black,Brown,Brown - Flat,Smirk,Forest,Green,Bow Tie,Devil Horns,,
1271,Bloomberg Orange,Human,Short Crop,Gray Brown,Navy,Pink - Wide,Smirk,Purple,Purple,Tie,Rimless Glasses,,
1272,Steel,Human,Classic Side,Brown,Navy,Dark Brown - Wide,Smirk,Forest,Purple,Tie,Rimless Glasses,,
1273,Sky Blue,Alien,Wide Top,Light Brown,Green,Dark Brown - Flat,Beard,Charcoal,Green,Tie,Sunglasses,,
1274,Tan,Human,Long Side,Charcoal,Navy,Taupe - Flat,Neutral,Forest,Green,Bow Tie,3D Glasses,,
1275,Pale Blue,Lemon,Wavy,Jet Black,Violet,Light Brown - Flat,Beard,Slate,Red,Tie,Sunglasses,,
1276,Slate,Robot,Wide Top,Brown,Brown,Taupe - Flat,Neutral,Steel,Blue,Tie,Headset,Whale,
1277,Slate,Robot,Short Crop,Blonde,Teal,Taupe - Wide,Smirk,Steel,Green,Tie,Sunglasses,Whale,
1278,Pale Blue,Human,Long Side,Brown,Blue,Taupe - Wide,Neutral,Forest,Gold,Tie,Monocle,Diamond Hands,
1279,Slate,Human,Classic Side,Blonde,Navy,Dark Brown - Flat,Smile,Navy,Teal,Tie,Bluetooth Headset,,
1280,Trading Floor Green,Human,Short Crop,Brown,Blue,Dark Brown - Wide,Smirk,Steel,Gold,Bow Tie,Headset,,
1281,Steel,Human,Wide Top,Gray Brown,Green,Brown - Flat,Beard,Slate,Gold,Tie,Blue Boom Headset,,
1282,Steel,Robot,Short Crop,Jet Black,Blue,Pink - Flat,Smirk,Slate,Red,Tie,Rimless Glasses,,
1283,Trading Floor Green,Marshmallow,Tall,Jet Black,Green,,Mustache,Purple,Red,Tie,Bluetooth Headset,Diamond Hands,
1284,Sky Blue,Human,Short Crop,Blonde,Teal,,Mustache,Purple,Gold,Tie,Devil Horns,,
1285,Trading Floor Green,Human,Wavy,Light Brown,Slate Gray,Taupe - Wide,Mustache,Navy,Purple,Tie,Golden Devil Horns,,
1286,Steel,Marshmallow,Long Side,Light Brown,Amber,Taupe - Wide,Smirk,Navy,Gold,Bow Tie,,Diamond Hands,
1287,Sky Blue,Shadow,Short Crop,Gray Brown,Green,Brown - Wide,Open,Forest,Gold,Bow Tie,3D Glasses,,
1288,Sky Blue,Devil,Long Side,Light Brown,Blue,Light Brown - Wide,Smirk,Steel,Green,Tie,Headset,,
1289,Steel,Human,Tall,Dark Brown,Blue,Taupe - Flat,Mustache,Charcoal,Green,Tie,Eye Patch,,
1290,Tan,Devil,Classic Side,Jet Black,Brown,,Beard,Navy,Red,Tie,Bluetooth Headset,Diamond Hands,
1291,Trading Floor Green,Human,Short Crop,Light Brown,Amber,Taupe - Wide,Open,Purple,Blue,Tie,Sunglasses,,
1292,Trading Floor Green,Robot,Classic Side,Dark Brown,Blue,Light Brown - Wide,Mustache,Steel,Purple,Bow Tie,Bluetooth Headset,Diamond Hands,
1293,Sky Blue,Marshmallow,Tall,Blonde,Amber,Light Brown - Wide,Mustache,Purple,Teal,Tie,Devil Horns,,
1294,Trading Floor Green,Human,Wide Top,Charcoal,Blue,Taupe - Wide,Mustache,Navy,Red,Bow Tie,,Whale,
1295,Trading Floor Green,Alien,Bald,,Slate Gray,Light Brown - Flat,Blond Beard,Forest,Red,Tie,Rimless Glasses,,
1296,Trading Floor Green,Human,Wavy,Brown,Blue,Taupe - Wide,Open,Forest,Blue,Tie,Headset,,
1297,Slate,Human,Wavy,Jet Black,Brown,Pink - Flat,Smirk,Navy,Purple,Tie,Sunglasses,Insider,
1298,Bloomberg Orange,Robot,Tall,Jet Black,Teal,,Open,Slate,Teal,Tie,Sunglasses,,
1299,Bloomberg Orange,Devil,Wide Top,Gray Brown,Amber,Dark Brown - Flat,Open,Purple,Red,Tie,Sunglasses,,
1300,Bloomberg Orange,Human,Short Crop,Light Brown,Blue,Light Brown - Flat,Open,Purple,Gold,Tie,Bull Horns,,
1301,Slate,Alien,Bald,,Navy,Pink - Flat,Gray Beard,Purple,Blue,Tie,,,
1302,Steel,Human,Bald,,Amber,Light Brown - Flat,Smirk,Steel,Red,Bow Tie,3D Glasses,,
1303,Steel,Human,Short Crop,Dark Brown,Teal,Dark Brown - Wide,Smirk,Navy,Purple,Tie,Blue Boom Headset,,
1304,Slate,Human,Wide Top,Dark Brown,Amber,Dark Brown - Flat,Neutral,Steel,Gold,Tie,Crown,Diamond Hands,
1305,Tan,Human,Short Crop,Jet Black,Brown,,Neutral,Slate,Red,Tie,3D Glasses,Diamond Hands,
1306,Steel,Devil,Short Crop,Charcoal,Navy,,Neutral,Purple,Gold,Bow Tie,,Whale,
1307,Sky Blue,Devil,Wavy,Gray Brown,Blue,Light Brown - Flat,Neutral,Purple,Purple,Tie,3D Glasses,,
1308,Bloomberg Orange,Human,Wide Top,Dark Brown,Violet,Taupe - Wide,Smile,Purple,Green,Tie,Banded Frameless,Insider,
1309,Steel,Human,Bald,,Brown,Taupe - Flat,Beard,Steel,Green,Tie,Headset,Whale,
1310,Tan,Human,Bald,,Violet,,Smirk,Navy,Purple,Tie,Sunglasses,Diamond Hands,Gold
1311,Bloomberg Orange,Zombie,Tall,Brown,Slate Gray,Brown - Wide,Smirk,Charcoal,Gold,Tie,Sunglasses,Diamond Hands,
1312,Tan,Human,Tall,Jet Black,Green,Taupe - Wide,Beard,Charcoal,Green,Tie,Rimless Glasses,,
1313,Pale Blue,Alien,Short Crop,Blonde,Slate Gray,Taupe - Flat,Neutral,Charcoal,Green,Tie,Headset,Whale,
1314,Trading Floor Green,Human,Wavy,Jet Black,Slate Gray,,Beard,Steel,Purple,Tie,Blue Boom Headset,Whale,
1315,Tan,Human,Wide Top,Blonde,Navy,Dark Brown - Wide,Smirk,Purple,Green,Bow Tie,Bull Horns,,
1316,Pale Blue,Zombie,Classic Side,Brown,Blue,Brown - Flat,Smirk,Charcoal,Red,Bow Tie,Bluetooth Headset,Whale,
1317,Tan,Zombie,Wavy,Brown,Amber,Taupe - Wide,Neutral,Purple,Green,Tie,Golden Bull Horns,Diamond Hands,
1318,Sky Blue,Human,Tall,Blonde,Blue,Taupe - Flat,Neutral,Forest,Purple,Tie,3D Glasses,Whale,
1319,Light Blue,Alien,Wide Top,Gray Brown,Blue,Dark Brown - Flat,Mustache,Charcoal,Blue,Bow Tie,Bull Horns,Whale,
1320,Sky Blue,Alien,Short Crop,Charcoal,Teal,Brown - Flat,Neutral,Forest,Green,Tie,3D Glasses,,
1321,Bloomberg Orange,Human,Wavy,Light Brown,Teal,Pink - Wide,Gray Beard,Navy,Gold,Bow Tie,Blue Boom Headset,Insider,
1322,Light Blue,Human,Classic Side,Charcoal,Green,Taupe - Wide,Beard,Slate,Blue,Bow Tie,Headset,,
1323,Light Blue,Human,Bald,,Amber,Brown - Wide,Neutral,Forest,Green,Bow Tie,,Whale,
1324,Bloomberg Orange,Robot,Tall,Charcoal,Slate Gray,Light Brown - Wide,Open,Charcoal,Red,Tie,Blue Boom Headset,,
1325,Sky Blue,Shadow,Long Side,Gray Brown,Teal,Dark Brown - Flat,Smirk,Forest,Teal,Bow Tie,Bluetooth Headset,,
1326,Light Blue,Robot,Short Crop,Light Brown,Green,Light Brown - Wide,Smile,Steel,Red,Bow Tie,Crown,,
1327,Slate,Human,Wide Top,Gray Brown,Green,Pink - Flat,Beard,Forest,Purple,Bow Tie,Bull Horns,,
1328,Bloomberg Orange,Human,Wavy,Light Brown,Teal,Taupe - Flat,Open,Charcoal,Teal,Tie,Rimless Glasses,,
1329,Sky Blue,Devil,Long Side,Blonde,Navy,Pink - Wide,Smile,Charcoal,Gold,Bow Tie,Crown,,
1330,Trading Floor Green,Robot,Tall,Blonde,Brown,Brown - Flat,Open,Slate,Blue,Tie,3D Glasses,,
1331,Sky Blue,Human,Classic Side,Charcoal,Amber,Dark Brown - Wide,Neutral,Navy,Teal,Bow Tie,Rimless Glasses,,
1332,Bloomberg Orange,Shadow,Tall,Gray Brown,Green,Brown - Wide,Smile,Slate,Blue,Bow Tie,Sunglasses,Whale,
1333,Slate,Marshmallow,Tall,Dark Brown,Amber,Taupe - Wide,Beard,Steel,Teal,Tie,,,
1334,Trading Floor Green,Devil,Long Side,Gray Brown,Violet,Light Brown - Flat,Smile,Slate,Teal,Tie,3D Glasses,,
1335,Light Blue,Human,Tall,Blonde,Blue,Pink - Wide,Open,Purple,Blue,Tie,Sunglasses,,
1336,Steel,Human,Tall,Brown,Slate Gray,Taupe - Flat,Mustache,Purple,Teal,Tie,Banded Frameless,,
1337,Pale Blue,Human,Tall,Light Brown,Slate Gray,Brown - Flat,Smile,Steel,Teal,Tie,Crown,,
1338,Trading Floor Green,Human,Tall,Dark Brown,Navy,Dark Brown - Flat,Beard,Charcoal,Red,Bow Tie,Rimless Glasses,Diamond Hands,
1339,Sky Blue,Zombie,Wavy,Dark Brown,Slate Gray,Light Brown - Flat,Smile,Navy,Gold,Tie,Bluetooth Headset,Insider,
1340,Steel,Human,Tall,Dark Brown,Navy,Dark Brown - Wide,Mustache,Navy,Blue,Bow Tie,Rimless Glasses,,
1341,Pale Blue,Robot,Long Side,Brown,Green,Dark Brown - Wide,Beard,Navy,Purple,Bow Tie,3D Glasses,Insider,
1342,Tan,Robot,Long Side,Jet Black,Brown,Brown - Flat,Smirk,Purple,Purple,Tie,Crown,Diamond Hands,
1343,Trading Floor Green,Robot,Wavy,Brown,Blue,Pink - Flat,Beard,Rainbow,Blue,Tie,Rimless Glasses,,
1344,Slate,Human,Wide Top,Dark Brown,Amber,Brown - Flat,Smirk,Steel,Red,Bow Tie,Banded Frameless,,
1345,Bloomberg Orange,Marshmallow,Tall,Light Brown,Brown,Taupe - Flat,Neutral,Purple,Purple,Tie,Gold Headset,,
1346,Tan,Robot,Bald,,Navy,Dark Brown - Wide,Smirk,Navy,Teal,Tie,Rimless Glasses,,
1347,Pale Blue,Human,Classic Side,Blonde,Violet,Dark Brown - Flat,Neutral,Slate,Teal,Tie,Golden Devil Horns,Diamond Hands,
1348,Bloomberg Orange,Devil,Wide Top,Dark Brown,Brown,Taupe - Wide,Smile,Navy,Green,Bow Tie,Crown,,
1349,Light Blue,Human,Long Side,Dark Brown,Teal,Dark Brown - Flat,Blonde Mustache,Steel,Green,Tie,,Whale,
1350,Pale Blue,Human,Long Side,Blonde,Teal,Brown - Wide,Open,Navy,Red,Tie,Banded Frameless,,
1351,Slate,Marshmallow,Short Crop,Charcoal,Blue,Brown - Wide,Open,Forest,Gold,Tie,Banded Frameless,Insider,
1352,Tan,Human,Tall,Charcoal,Brown,Dark Brown - Wide,Neutral,Forest,Teal,Tie,Crown,,
1353,Pale Blue,Marshmallow,Long Side,Brown,Amber,Brown - Wide,Mustache,Purple,Blue,Tie,Headset,,
1354,Sky Blue,Human,Wavy,Blonde,Slate Gray,Pink - Wide,Neutral,Navy,Purple,Tie,Bluetooth Headset,,
1355,Bloomberg Orange,Human,Classic Side,Gray Brown,Navy,Pink - Wide,Smile,Navy,Purple,Tie,Sunglasses,Whale,
1356,Pale Blue,Shadow,Short Crop,Charcoal,Navy,Dark Brown - Wide,Beard,Steel,Purple,Tie,Bluetooth Headset,,
1357,Trading Floor Green,Human,Bald,,Violet,Brown - Wide,Smirk,Navy,Gold,Tie,3D Glasses,,
1358,Steel,Human,Wide Top,Brown,Slate Gray,Pink - Flat,Neutral,Steel,Green,Tie,,,
1359,Tan,Alien,Wavy,Jet Black,Teal,Light Brown - Wide,Smirk,Red,Blue,Tie,Crown,,
1360,Pale Blue,Human,Classic Side,Charcoal,Amber,Taupe - Flat,Neutral,Charcoal,Gold,Tie,Sunglasses,,
1361,Bloomberg Orange,Human,Wide Top,Brown,Blue,Light Brown - Flat,Open,Purple,Purple,Tie,Rimless Glasses,,
1362,Tan,Robot,Wavy,Dark Brown,Brown,Brown - Wide,Open,Forest,Blue,Tie,,,
1363,Pale Blue,Lemon,Wavy,Jet Black,Slate Gray,Light Brown - Wide,Open,Steel,Blue,Bow Tie,,Whale,
1364,Steel,Human,Bald,,Slate Gray,Taupe - Wide,Smile,Charcoal,Gold,Tie,Headset,,
1365,Pale Blue,Marshmallow,Wide Top,Blonde,Teal,Dark Brown - Flat,Gray Beard,Purple,Teal,Bow Tie,Rimless Glasses,,
1366,Bloomberg Orange,Devil,Wide Top,Blonde,Green,Taupe - Flat,Open,Forest,Blue,Tie,Sunglasses,,
1367,Trading Floor Green,Lemon,Long Side,Dark Brown,Slate Gray,Brown - Flat,Neutral,Navy,Teal,Bow Tie,Rimless Glasses,Whale,
1368,Steel,Human,Wide Top,Jet Black,Blue,Taupe - Wide,Smirk,Purple,Gold,Tie,Bluetooth Headset,Insider,
1369,Pale Blue,Robot,Long Side,Blonde,Amber,,Open,Slate,Gold,Tie,Rimless Glasses,,
1370,Tan,Human,Short Crop,Dark Brown,Slate Gray,Brown - Wide,Beard,Steel,Teal,Tie,Sunglasses,Diamond Hands,
1371,Bloomberg Orange,Human,Classic Side,Light Brown,Brown,Dark Brown - Wide,Smile,Forest,Green,Bow Tie,3D Glasses,,
1372,Pale Blue,Alien,Wavy,Jet Black,Slate Gray,Taupe - Flat,Beard,Charcoal,Purple,Tie,,,
1373,Sky Blue,Lemon,Wide Top,Brown,Navy,Dark Brown - Flat,Neutral,Purple,Red,Tie,Sunglasses,Diamond Hands,
1374,Steel,Human,Classic Side,Blonde,Navy,Light Brown - Flat,Smile,Navy,Gold,Tie,Headset,,
1375,Light Blue,Lemon,Wavy,Brown,Teal,Brown - Wide,Open,Steel,Gold,Bow Tie,Headset,,
1376,Tan,Human,Short Crop,Dark Brown,Green,Pink - Wide,Beard,Navy,Teal,Bow Tie,Headset,Diamond Hands,
1377,Tan,Human,Long Side,Blonde,Amber,Pink - Flat,Smile,Purple,Blue,Tie,Blue Boom Headset,Diamond Hands,
1378,Slate,Devil,Wavy,Jet Black,Brown,,Smirk,Navy,Blue,Tie,Sunglasses,Insider,
1379,Tan,Zombie,Tall,Gray Brown,Blue,Dark Brown - Flat,Neutral,Navy,Gold,Tie,Headset,,
1380,Sky Blue,Alien,Bald,,Green,Dark Brown - Wide,Open,Slate,Blue,Tie,Bluetooth Headset,,
1381,Bloomberg Orange,Human,Classic Side,Blonde,Brown,Pink - Wide,Beard,Slate,Green,Tie,Bluetooth Headset,,
1382,Pale Blue,Zombie,Short Crop,Blonde,Amber,Brown - Wide,Smile,Slate,Teal,Tie,Banded Frameless,,
1383,Slate,Human,Long Side,Brown,Teal,Light Brown - Flat,Beard,Navy,Purple,Tie,3D Glasses,,
1384,Steel,Robot,Long Side,Light Brown,Teal,Dark Brown - Wide,Gray Beard,Forest,Red,Tie,Eye Patch,,
1385,Bloomberg Orange,Human,Tall,Charcoal,Green,Light Brown - Flat,Smile,Charcoal,Teal,Tie,3D Glasses,,
1386,Trading Floor Green,Human,Short Crop,Light Brown,Brown,Dark Brown - Wide,Neutral,Purple,Green,Tie,Gold Headset,Whale,
1387,Pale Blue,Lemon,Wide Top,Blonde,Slate Gray,Taupe - Flat,Blonde Mustache,Forest,Gold,Tie,Bluetooth Headset,Diamond Hands,
1388,Steel,Devil,Wide Top,Light Brown,Slate Gray,Brown - Wide,Smile,Navy,Purple,Bow Tie,Bluetooth Headset,,
1389,Tan,Alien,Long Side,Jet Black,Blue,Brown - Flat,Mustache,Slate,Gold,Bow Tie,Sunglasses,,
1390,Bloomberg Orange,Shadow,Tall,Gray Brown,Green,Dark Brown - Wide,Beard,Charcoal,Gold,Tie,Devil Horns,,
1391,Bloomberg Orange,Robot,Wide Top,Brown,Teal,Light Brown - Wide,Smile,Navy,Blue,Bow Tie,Blue Boom Headset,,
1392,Sky Blue,Alien,Short Crop,Gray Brown,Green,Brown - Flat,Open,Charcoal,Teal,Tie,,,
1393,Pale Blue,Human,Wide Top,Light Brown,Blue,Brown - Wide,Smile,Navy,Green,Tie,Headset,Diamond Hands,
1394,Tan,Human,Classic Side,Jet Black,Amber,Brown - Flat,Open,Forest,Red,Tie,,Insider,
1395,Bloomberg Orange,Lemon,Long Side,Charcoal,Brown,Taupe - Flat,Blond Beard,Navy,Purple,Tie,,Whale,
1396,Slate,Zombie,Wide Top,Blonde,Blue,Dark Brown - Flat,Beard,Purple,Gold,Tie,Bull Horns,,
1397,Pale Blue,Human,Classic Side,Gray Brown,Slate Gray,Taupe - Flat,Gray Beard,Charcoal,Green,Bow Tie,Gold Banded Frameless,,
1398,Sky Blue,Human,Long Side,Charcoal,Brown,Taupe - Wide,Beard,Forest,Gold,Tie,Banded Frameless,,
1399,Pale Blue,Marshmallow,Long Side,Gray Brown,Blue,,Open,Purple,Blue,Tie,3D Glasses,Whale,
1400,Light Blue,Zombie,Bald,,Blue,Pink - Flat,Neutral,Forest,Red,Tie,Bull Horns,,
1401,Bloomberg Orange,Human,Tall,Blonde,Violet,Brown - Flat,Beard,Slate,Teal,Tie,Sunglasses,,
1402,Slate,Human,Classic Side,Blonde,Blue,,Blond Beard,Steel,Purple,Tie,Rimless Glasses,,
1403,Slate,Human,Wavy,Brown,Teal,,Neutral,Navy,Red,Tie,,,
1404,Steel,Human,Bald,,Green,Dark Brown - Wide,Open,Steel,Gold,Bow Tie,Blue Boom Headset,,
1405,Slate,Human,Short Crop,Dark Brown,Blue,Dark Brown - Wide,Open,Purple,Gold,Bow Tie,Crown,,
1406,Pale Blue,Human,Bald,,Brown,Dark Brown - Flat,Smirk,Slate,Green,Tie,Crown,,
1407,Steel,Devil,Short Crop,Light Brown,Brown,,Open,Charcoal,Gold,Tie,Headset,,
1408,Bloomberg Orange,Human,Bald,,Green,Dark Brown - Flat,Neutral,Purple,Blue,Tie,Bull Horns,,
1409,Slate,Human,Wavy,Dark Brown,Blue,Brown - Wide,Smile,Forest,Gold,Tie,Rimless Glasses,Diamond Hands,
1410,Bloomberg Orange,Human,Bald,,Blue,Pink - Flat,Beard,Charcoal,Blue,Tie,Sunglasses,,
1411,Sky Blue,Human,Tall,Gray Brown,Green,,Mustache,Charcoal,Blue,Tie,Gold Banded Frameless,,
1412,Sky Blue,Human,Short Crop,Dark Brown,Amber,Taupe - Wide,Smirk,Navy,Blue,Tie,Rimless Glasses,,
1413,Bloomberg Orange,Marshmallow,Bald,,Brown,Dark Brown - Wide,Smirk,Charcoal,Purple,Tie,,,
1414,Pale Blue,Marshmallow,Classic Side,Blonde,Blue,Dark Brown - Flat,Neutral,Purple,Blue,Bow Tie,Headset,Insider,
1415,Pale Blue,Robot,Short Crop,Charcoal,Brown,Light Brown - Flat,Beard,Charcoal,Purple,Tie,,Whale,
1416,Slate,Human,Long Side,Gray Brown,Amber,,Neutral,Navy,Blue,Tie,Devil Horns,Insider,
1417,Trading Floor Green,Human,Long Side,Brown,Bull Candle,Pink - Flat,Mustache,Navy,Red,Tie,3D Glasses,,
1418,Trading Floor Green,Human,Wide Top,Dark Brown,Teal,Pink - Wide,Smirk,Slate,Gold,Tie,Sunglasses,,
1419,Pale Blue,Shadow,Tall,Gray Brown,Brown,Dark Brown - Flat,Open,Forest,Gold,Tie,Gold Headset,Insider,
1420,Slate,Alien,Classic Side,Blonde,Teal,Pink - Wide,Neutral,Slate,Gold,Bow Tie,,,
1421,Sky Blue,Human,Long Side,Charcoal,Violet,Light Brown - Wide,Mustache,Forest,Green,Tie,Golden Devil Horns,,
1422,Pale Blue,Marshmallow,Long Side,Charcoal,Teal,Dark Brown - Flat,Open,Slate,Purple,Tie,Bull Horns,Diamond Hands,
1423,Steel,Devil,Wide Top,Brown,Green,Dark Brown - Flat,Smile,Charcoal,Gold,Bow Tie,Sunglasses,Insider,
1424,Trading Floor Green,Human,Tall,Jet Black,Violet,,Beard,Forest,Purple,Tie,3D Glasses,Insider,
1425,Trading Floor Green,Devil,Wavy,Charcoal,Blue,Pink - Flat,Beard,Purple,Green,Bow Tie,Bluetooth Headset,,
1426,Sky Blue,Human,Short Crop,Gray Brown,Violet,Taupe - Wide,Beard,Steel,Purple,Tie,Rimless Glasses,,
1427,Slate,Marshmallow,Long Side,Gray Brown,Navy,Light Brown - Wide,Beard,Charcoal,Green,Bow Tie,Bull Horns,,
1428,Bloomberg Orange,Human,Long Side,Charcoal,Amber,Dark Brown - Wide,Beard,Purple,Red,Bow Tie,Banded Frameless,,
1429,Slate,Devil,Wavy,Charcoal,Amber,Brown - Flat,Beard,Steel,Gold,Tie,Bull Horns,,
1430,Pale Blue,Robot,Tall,Gray Brown,Slate Gray,Light Brown - Flat,Smirk,Red,Teal,Bow Tie,Golden Devil Horns,Diamond Hands,
1431,Tan,Human,Wavy,Brown,Brown,,Beard,Purple,Purple,Bow Tie,Sunglasses,,
1432,Trading Floor Green,Zombie,Wide Top,Blonde,Brown,Pink - Flat,Beard,Purple,Green,Tie,Bluetooth Headset,,
1433,Steel,Human,Short Crop,Brown,Teal,Brown - Wide,Smile,Charcoal,Gold,Tie,,,
1434,Sky Blue,Devil,Bald,,Teal,Dark Brown - Flat,Blond Beard,Navy,Teal,Tie,Banded Frameless,,
1435,Trading Floor Green,Human,Wavy,Dark Brown,Violet,Pink - Wide,Gray Beard,Steel,Green,Tie,Headset,Insider,
1436,Sky Blue,Marshmallow,Bald,,Violet,Brown - Wide,Smile,Charcoal,Blue,Tie,Golden Bull Horns,,
1437,Pale Blue,Human,Tall,Charcoal,Navy,Taupe - Flat,Smile,Navy,Teal,Tie,Bluetooth Headset,,
1438,Light Blue,Devil,Short Crop,Brown,Green,Brown - Wide,Neutral,Red,Purple,Bow Tie,Crown,,
1439,Steel,Alien,Classic Side,Brown,Navy,Dark Brown - Wide,Neutral,Steel,Red,Bow Tie,Bluetooth Headset,Insider,
1440,Bloomberg Orange,Marshmallow,Wide Top,Jet Black,Navy,Brown - Wide,Smile,Slate,Gold,Tie,Bluetooth Headset,,
1441,Light Blue,Shadow,Wavy,Light Brown,Slate Gray,Dark Brown - Flat,Open,Navy,Teal,Tie,3D Glasses,,
1442,Steel,Human,Wide Top,Light Brown,Blue,,Blonde Mustache,Slate,Red,Tie,3D Glasses,Insider,
1443,Sky Blue,Human,Wide Top,Blonde,Teal,Brown - Flat,Beard,Slate,Teal,Bow Tie,Banded Frameless,Insider,
1444,Pale Blue,Lemon,Tall,Jet Black,Teal,Light Brown - Wide,Smile,Navy,Green,Tie,Headset,,
1445,Bloomberg Orange,Human,Short Crop,Brown,Navy,,Smirk,Purple,Green,Tie,Sunglasses,,
1446,Steel,Devil,Wide Top,Blonde,Teal,Taupe - Flat,Neutral,Slate,Gold,Bow Tie,3D Glasses,,
1447,Slate,Human,Wavy,Brown,Amber,Brown - Flat,Blond Beard,Steel,Teal,Tie,,,
1448,Trading Floor Green,Zombie,Classic Side,Jet Black,Green,,Smirk,Slate,Teal,Tie,Bluetooth Headset,,
1449,Bloomberg Orange,Zombie,Tall,Light Brown,Teal,Taupe - Flat,Neutral,Purple,Blue,Tie,Banded Frameless,,
1450,Sky Blue,Devil,Short Crop,Blonde,Teal,,Smirk,Slate,Gold,Tie,Headset,,
1451,Sky Blue,Devil,Wavy,Gray Brown,Violet,Clown Red - Wide,Open,Charcoal,Teal,Bow Tie,Headset,,
1452,Sky Blue,Human,Wide Top,Gray Brown,Brown,Taupe - Wide,Smirk,Steel,Red,Tie,Monocle,,
1453,Pale Blue,Devil,Wavy,Light Brown,Blue,Brown - Flat,Smirk,Forest,Purple,Bow Tie,Headset,Insider,
1454,Light Blue,Human,Bald,,Slate Gray,Dark Brown - Wide,Open,Slate,Purple,Tie,Banded Frameless,Diamond Hands,
1455,Steel,Zombie,Long Side,Blonde,Violet,Dark Brown - Flat,Beard,Purple,Teal,Bow Tie,Rimless Glasses,,
1456,Steel,Lemon,Short Crop,Jet Black,Violet,Dark Brown - Wide,Beard,Purple,Red,Tie,Bluetooth Headset,,
1457,Tan,Human,Short Crop,Jet Black,Violet,Dark Brown - Flat,Neutral,Forest,Green,Bow Tie,Monocle,,
1458,Bloomberg Orange,Shadow,Short Crop,Light Brown,Navy,Dark Brown - Wide,Smile,Forest,Gold,Tie,Headset,Insider,
1459,Trading Floor Green,Human,Wide Top,Dark Brown,Navy,Brown - Flat,Smirk,Purple,Blue,Tie,Crown,,
1460,Tan,Human,Wide Top,Dark Brown,Navy,Taupe - Flat,Blonde Mustache,Steel,Blue,Tie,Bluetooth Headset,,
1461,Light Blue,Devil,Wavy,Brown,Slate Gray,Dark Brown - Flat,Gray Beard,Forest,Teal,Tie,,Insider,
1462,Slate,Human,Long Side,Blonde,Navy,Brown - Flat,Mustache,Steel,Green,Tie,,Whale,
1463,Trading Floor Green,Human,Tall,Light Brown,Teal,Brown - Wide,Beard,Purple,Red,Tie,3D Glasses,Diamond Hands,
1464,Pale Blue,Devil,Tall,Brown,Blue,Light Brown - Flat,Neutral,Slate,Gold,Tie,Bluetooth Headset,Whale,
1465,Tan,Human,Bald,,Green,Light Brown - Flat,Smile,Forest,Red,Tie,Gold Banded Frameless,Diamond Hands,
1466,Sky Blue,Marshmallow,Short Crop,Dark Brown,Teal,Dark Brown - Flat,Smirk,Purple,Gold,Tie,Sunglasses,,
1467,Light Blue,Human,Long Side,Light Brown,Teal,Dark Brown - Wide,Smile,Steel,Red,Tie,3D Glasses,,
1468,Trading Floor Green,Shadow,Long Side,Gray Brown,Amber,Taupe - Wide,Neutral,Purple,Blue,Tie,Headset,,
1469,Bloomberg Orange,Alien,Classic Side,Gray Brown,Blue,,Neutral,Forest,Purple,Tie,Crown,,
1470,Light Blue,Shadow,Wavy,Blonde,Brown,Light Brown - Wide,Beard,Navy,Green,Tie,Crown,Diamond Hands,
1471,Steel,Human,Tall,Light Brown,Amber,Brown - Wide,Smile,Slate,Green,Tie,Bluetooth Headset,,
1472,Slate,Human,Long Side,Dark Brown,Amber,Pink - Wide,Smirk,Charcoal,Green,Tie,Gold Rims,,
1473,Pale Blue,Lemon,Long Side,Charcoal,Green,Light Brown - Flat,Blonde Mustache,Charcoal,Blue,Tie,Golden Devil Horns,Diamond Hands,
1474,Slate,Human,Wavy,Gray Brown,Brown,Dark Brown - Flat,Smile,Steel,Blue,Tie,Monocle,Whale,
1475,Pale Blue,Marshmallow,Wavy,Jet Black,Navy,Light Brown - Flat,Mustache,Navy,Gold,Tie,Bluetooth Headset,,
1476,Slate,Devil,Wavy,Light Brown,Brown,Dark Brown - Wide,Open,Slate,Red,Tie,Crown,,
1477,Trading Floor Green,Zombie,Tall,Dark Brown,Navy,Light Brown - Wide,Smirk,Charcoal,Red,Tie,,,
1478,Pale Blue,Human,Wavy,Brown,Teal,Taupe - Flat,Gray Beard,Forest,Teal,Tie,Golden Bull Horns,,
1479,Light Blue,Lemon,Long Side,Dark Brown,Navy,Pink - Flat,Beard,Steel,Purple,Tie,3D Glasses,Diamond Hands,
1480,Sky Blue,Robot,Classic Side,Dark Brown,Violet,Dark Brown - Wide,Smirk,Steel,Gold,Tie,Headset,Insider,
1481,Pale Blue,Human,Wavy,Charcoal,Amber,Dark Brown - Flat,Mustache,Charcoal,Blue,Tie,Blue Boom Headset,,
1482,Slate,Devil,Tall,Light Brown,Amber,Dark Brown - Wide,Neutral,Purple,Purple,Bow Tie,Banded Frameless,,
1483,Sky Blue,Human,Wavy,Jet Black,Green,Light Brown - Flat,Mustache,Purple,Purple,Tie,Rimless Glasses,,
1484,Pale Blue,Alien,Tall,Gray Brown,Teal,,Smirk,Steel,Green,Tie,Bull Horns,,
1485,Sky Blue,Human,Long Side,Dark Brown,Navy,Brown - Flat,Open,Slate,Blue,Tie,Headset,,
1486,Tan,Devil,Wavy,Light Brown,Blue,,Smile,Charcoal,Green,Tie,Blue Boom Headset,Whale,
1487,Tan,Human,Short Crop,Gray Brown,Green,Brown - Flat,Beard,Charcoal,Gold,Tie,Sunglasses,,
1488,Tan,Human,Long Side,Charcoal,Navy,,Beard,Purple,Green,Tie,Headset,,
1489,Pale Blue,Human,Wavy,Brown,Brown,Brown - Wide,Smirk,Forest,Blue,Tie,Headset,Insider,
1490,Sky Blue,Zombie,Short Crop,Charcoal,Slate Gray,Dark Brown - Flat,Open,Steel,Gold,Tie,Bluetooth Headset,,
1491,Steel,Human,Tall,Dark Brown,Blue,Pink - Wide,Neutral,Forest,Gold,Bow Tie,Crown,Insider,
1492,Trading Floor Green,Lemon,Classic Side,Charcoal,Brown,Brown - Wide,Mustache,Slate,Red,Tie,Banded Frameless,,
1493,Light Blue,Human,Wide Top,Light Brown,Brown,Light Brown - Flat,Blond Beard,Charcoal,Red,Tie,Rimless Glasses,,
1494,Steel,Robot,Short Crop,Jet Black,Navy,,Open,Navy,Gold,Tie,,Diamond Hands,
1495,Light Blue,Lemon,Bald,,Navy,Light Brown - Flat,Smile,Steel,Red,Bow Tie,Bluetooth Headset,,
1496,Pale Blue,Devil,Tall,Charcoal,Navy,Taupe - Wide,Smile,Charcoal,Gold,Bow Tie,Bluetooth Headset,,Gold
1497,Steel,Zombie,Tall,Dark Brown,Brown,Light Brown - Flat,Mustache,Forest,Red,Tie,Headset,,
1498,Trading Floor Green,Human,Tall,Light Brown,Amber,Dark Brown - Wide,Smirk,Charcoal,Purple,Tie,Bluetooth Headset,,
1499,Bloomberg Orange,Human,Long Side,Light Brown,Blue,Taupe - Flat,Smile,Charcoal,Green,Tie,Rimless Glasses,,
1500,Tan,Human,Tall,Dark Brown,Violet,Pink - Flat,Neutral,Charcoal,Teal,Bow Tie,Sunglasses,,
1501,Sky Blue,Robot,Wavy,Light Brown,Green,Pink - Wide,Blonde Mustache,Forest,Blue,Tie,,,
1502,Bloomberg Orange,Marshmallow,Tall,Light Brown,Slate Gray,Light Brown - Flat,Blond Beard,Charcoal,Purple,Tie,Gold Banded Frameless,,
1503,Sky Blue,Shadow,Tall,Gray Brown,Blue,Dark Brown - Flat,Beard,Charcoal,Purple,Bow Tie,Crown,,
1504,Light Blue,Devil,Wide Top,Dark Brown,Amber,Pink - Wide,Smirk,Purple,Green,Tie,3D Glasses,,
1505,Bloomberg Orange,Human,Classic Side,Jet Black,Violet,Light Brown - Flat,Smile,Purple,Gold,Tie,Bull Horns,Insider,
1506,Light Blue,Human,Classic Side,Jet Black,Teal,Taupe - Wide,Smirk,Navy,Purple,Bow Tie,Rimless Glasses,,
1507,Light Blue,Human,Tall,Light Brown,Slate Gray,Pink - Flat,Open,Forest,Blue,Tie,Rimless Glasses,,
1508,Pale Blue,Human,Bald,,Brown,,Beard,Navy,Purple,Bow Tie,Gold Rims,Diamond Hands,
1509,Bloomberg Orange,Human,Bald,,Teal,Pink - Flat,Open,Steel,Green,Tie,Eye Patch,,
1510,Sky Blue,Human,Tall,Brown,Navy,Brown - Wide,Beard,Forest,Purple,Bow Tie,Bluetooth Headset,,
1511,Light Blue,Shadow,Wavy,Dark Brown,Teal,Pink - Wide,Open,Charcoal,Purple,Bow Tie,Rimless Glasses,Whale,
1512,Slate,Devil,Bald,,Blue,Light Brown - Flat,Beard,Forest,Blue,Tie,Blue Boom Headset,,
1513,Slate,Zombie,Short Crop,Brown,Brown,Light Brown - Flat,Open,Forest,Blue,Tie,Eye Patch,,
1514,Pale Blue,Devil,Wavy,Light Brown,Violet,Light Brown - Wide,Neutral,Navy,Red,Tie,Rimless Glasses,,
1515,Sky Blue,Human,Long Side,Dark Brown,Brown,Dark Brown - Flat,Neutral,Purple,Blue,Tie,Rimless Glasses,,
1516,Light Blue,Shadow,Classic Side,Blonde,Navy,Brown - Flat,Smile,Charcoal,Teal,Tie,3D Glasses,,
1517,Light Blue,Robot,Long Side,Brown,Slate Gray,Brown - Flat,Blond Beard,Navy,Red,Tie,Rimless Glasses,,
1518,Steel,Alien,Wavy,Blonde,Teal,Taupe - Flat,Smile,Navy,Red,Tie,Rimless Glasses,Diamond Hands,
1519,Light Blue,Human,Wide Top,Brown,Blue,Brown - Flat,Beard,Charcoal,Blue,Tie,Headset,,
1520,Sky Blue,Zombie,Wide Top,Light Brown,Amber,Pink - Wide,Neutral,Navy,Blue,Tie,Devil Horns,,
1521,Light Blue,Shadow,Wavy,Dark Brown,Teal,Brown - Flat,Beard,Slate,Blue,Tie,3D Glasses,,
1522,Bloomberg Orange,Human,Wavy,Dark Brown,Blue,Pink - Flat,Smirk,Red,Green,Tie,Rimless Glasses,,
1523,Light Blue,Devil,Wide Top,Gray Brown,Brown,Taupe - Flat,Smirk,Navy,Purple,Tie,Banded Frameless,Insider,
1524,Bloomberg Orange,Human,Long Side,Brown,Slate Gray,Pink - Flat,Smirk,Slate,Green,Tie,3D Glasses,,
1525,Light Blue,Human,Wavy,Gray Brown,Navy,Pink - Wide,Neutral,Forest,Blue,Tie,,Insider,
1526,Bloomberg Orange,Human,Classic Side,Charcoal,Brown,Brown - Wide,Mustache,Navy,Red,Tie,Sunglasses,,
1527,Sky Blue,Robot,Classic Side,Gray Brown,Navy,Light Brown - Flat,Neutral,Charcoal,Teal,Tie,Bull Horns,,
1528,Sky Blue,Human,Tall,Light Brown,Navy,Pink - Wide,Smile,Purple,Purple,Bow Tie,Bluetooth Headset,,
1529,Sky Blue,Zombie,Short Crop,Light Brown,Brown,Light Brown - Wide,Smirk,Slate,Green,Tie,,,
1530,Bloomberg Orange,Marshmallow,Short Crop,Light Brown,Amber,Light Brown - Flat,Neutral,Charcoal,Purple,Tie,Headset,,
1531,Sky Blue,Marshmallow,Tall,Dark Brown,Blue,Pink - Flat,Mustache,Forest,Purple,Tie,Bull Horns,Insider,
1532,Sky Blue,Devil,Wide Top,Jet Black,Teal,,Smile,Charcoal,Green,Bow Tie,,Insider,
1533,Slate,Shadow,Classic Side,Dark Brown,Teal,Brown - Wide,Beard,Slate,Green,Tie,Crown,Insider,
1534,Pale Blue,Alien,Wide Top,Blonde,Teal,Dark Brown - Wide,Beard,Steel,Purple,Tie,Bluetooth Headset,Insider,
1535,Steel,Zombie,Wide Top,Jet Black,Brown,Pink - Flat,Neutral,Purple,Teal,Tie,Banded Frameless,,
1536,Tan,Devil,Long Side,Charcoal,Green,Pink - Flat,Mustache,Navy,Gold,Tie,Headset,,
1537,Light Blue,Human,Classic Side,Gray Brown,Brown,Taupe - Flat,Smile,Purple,Red,Tie,Crown,Insider,
1538,Bloomberg Orange,Devil,Classic Side,Gray Brown,Brown,,Smirk,Forest,Blue,Bow Tie,Headset,,
1539,Light Blue,Robot,Short Crop,Light Brown,Slate Gray,Taupe - Wide,Beard,Navy,Blue,Tie,Crown,Insider,
1540,Pale Blue,Marshmallow,Tall,Dark Brown,Brown,Light Brown - Wide,Open,Forest,Blue,Tie,Bluetooth Headset,,
1541,Pale Blue,Human,Wide Top,Brown,Brown,Taupe - Wide,Neutral,Steel,Teal,Tie,Bluetooth Headset,,
1542,Bloomberg Orange,Human,Wavy,Charcoal,Teal,Brown - Flat,Neutral,Slate,Teal,Tie,Bull Horns,,
1543,Slate,Human,Wavy,Brown,Teal,Taupe - Wide,Smile,Slate,Blue,Tie,Rimless Glasses,Diamond Hands,
1544,Sky Blue,Human,Wide Top,Blonde,Navy,Taupe - Wide,Mustache,Navy,Blue,Tie,3D Glasses,Insider,
1545,Steel,Devil,Classic Side,Jet Black,Teal,Light Brown - Wide,Neutral,Purple,Purple,Bow Tie,3D Glasses,Whale,
1546,Slate,Human,Short Crop,Charcoal,Amber,Dark Brown - Wide,Beard,Forest,Green,Tie,Bluetooth Headset,Diamond Hands,
1547,Trading Floor Green,Devil,Wavy,Dark Brown,Navy,Dark Brown - Wide,Open,Steel,Gold,Tie,Bluetooth Headset,,
1548,Tan,Marshmallow,Wavy,Gray Brown,Brown,Brown - Flat,Neutral,Slate,Red,Tie,Monocle,,
1549,Steel,Lemon,Wide Top,Charcoal,Brown,Light Brown - Flat,Gold Tooth,Purple,Teal,Tie,Bull Horns,,
1550,Sky Blue,Human,Classic Side,Charcoal,Blue,Dark Brown - Flat,Neutral,Charcoal,Teal,Bow Tie,Blue Boom Headset,Whale,
1551,Slate,Alien,Bald,,Blue,,Beard,Slate,Blue,Tie,Rimless Glasses,Insider,
1552,Trading Floor Green,Human,Wide Top,Blonde,Blue,Light Brown - Wide,Smirk,Purple,Gold,Tie,Bull Horns,Insider,
1553,Pale Blue,Lemon,Short Crop,Dark Brown,Violet,Dark Brown - Wide,Beard,Steel,Gold,Bow Tie,Banded Frameless,,
1554,Trading Floor Green,Human,Wide Top,Brown,Slate Gray,Pink - Flat,Beard,Steel,Purple,Bow Tie,Crown,,
1555,Pale Blue,Zombie,Tall,Brown,Teal,Light Brown - Wide,Smirk,Navy,Gold,Bow Tie,Headset,Whale,
1556,Slate,Zombie,Classic Side,Brown,Blue,Dark Brown - Flat,Mustache,Slate,Teal,Tie,,,
1557,Light Blue,Human,Long Side,Light Brown,Brown,Light Brown - Flat,Blonde Mustache,Rainbow,Purple,Bow Tie,Bluetooth Headset,Diamond Hands,
1558,Tan,Alien,Wide Top,Blonde,Slate Gray,Dark Brown - Wide,Open,Purple,Gold,Tie,Bluetooth Headset,,
1559,Bloomberg Orange,Human,Long Side,Jet Black,Blue,Dark Brown - Flat,Open,Steel,Green,Tie,,,
1560,Bloomberg Orange,Devil,Tall,Jet Black,Brown,Pink - Wide,Gold Tooth,Charcoal,Gold,Tie,Crown,Diamond Hands,
1561,Light Blue,Human,Long Side,Blonde,Slate Gray,Dark Brown - Wide,Beard,Steel,Red,Tie,Headset,,
1562,Slate,Human,Long Side,Blonde,Amber,Taupe - Flat,Open,Steel,Purple,Tie,Eye Patch,,
1563,Pale Blue,Robot,Classic Side,Charcoal,Green,Dark Brown - Flat,Mustache,Purple,Green,Tie,3D Glasses,,
1564,Trading Floor Green,Zombie,Wide Top,Dark Brown,Brown,Brown - Wide,Mustache,Navy,Blue,Bow Tie,3D Glasses,,
1565,Trading Floor Green,Human,Classic Side,Jet Black,Amber,Brown - Flat,Mustache,Purple,Red,Tie,,,
1566,Steel,Alien,Long Side,Jet Black,Navy,Light Brown - Wide,Beard,Purple,Red,Tie,Crown,Insider,
1567,Light Blue,Devil,Bald,,Brown,Dark Brown - Flat,Smile,Charcoal,Purple,Tie,Monocle,Whale,
1568,Tan,Zombie,Classic Side,Brown,Amber,Taupe - Flat,Smile,Navy,Teal,Tie,Blue Boom Headset,,
1569,Light Blue,Marshmallow,Wide Top,Jet Black,Blue,Pink - Wide,Beard,Purple,Blue,Bow Tie,3D Glasses,Diamond Hands,
1570,Tan,Human,Short Crop,Blonde,Blue,Taupe - Wide,Open,Navy,Teal,Tie,Headset,Diamond Hands,
1571,Steel,Marshmallow,Long Side,Dark Brown,Navy,Light Brown - Flat,Open,Steel,Red,Tie,Rimless Glasses,Diamond Hands,
1572,Tan,Human,Tall,Blonde,Amber,Brown - Wide,Beard,Slate,Red,Bow Tie,Headset,,
1573,Sky Blue,Human,Tall,Charcoal,Green,Dark Brown - Wide,Smile,Forest,Purple,Bow Tie,Sunglasses,Insider,
1574,Pale Blue,Human,Wavy,Dark Brown,Slate Gray,Brown - Wide,Smirk,Steel,Gold,Tie,Banded Frameless,Diamond Hands,
1575,Slate,Devil,Classic Side,Jet Black,Brown,Light Brown - Flat,Smirk,Forest,Gold,Tie,Rimless Glasses,Insider,
1576,Bloomberg Orange,Human,Wide Top,Charcoal,Teal,,Mustache,Purple,Gold,Bow Tie,Headset,,
1577,Sky Blue,Human,Long Side,Jet Black,Slate Gray,Taupe - Wide,Smirk,Forest,Gold,Tie,Bull Horns,Insider,
1578,Steel,Zombie,Long Side,Charcoal,Violet,Pink - Wide,Gray Beard,Charcoal,Teal,Tie,Rimless Glasses,,
1579,Bloomberg Orange,Alien,Wide Top,Charcoal,Slate Gray,Pink - Flat,Mustache,Charcoal,Red,Bow Tie,Bluetooth Headset,Insider,
1580,Pale Blue,Devil,Wide Top,Dark Brown,Navy,Taupe - Wide,Open,Navy,Purple,Tie,Banded Frameless,,
1581,Tan,Human,Wavy,Brown,Slate Gray,Dark Brown - Flat,Gray Beard,Purple,Teal,Tie,3D Glasses,,
1582,Steel,Human,Long Side,Jet Black,Amber,Light Brown - Wide,Open,Charcoal,Blue,Tie,Headset,Whale,
1583,Sky Blue,Human,Wide Top,Jet Black,Brown,Dark Brown - Flat,Neutral,Forest,Blue,Tie,Eye Patch,Insider,
1584,Tan,Human,Short Crop,Charcoal,Amber,Dark Brown - Wide,Neutral,Slate,Green,Tie,Blue Boom Headset,,
1585,Pale Blue,Human,Wavy,Gray Brown,Slate Gray,Dark Brown - Flat,Smirk,Navy,Teal,Tie,Banded Frameless,Diamond Hands,
1586,Steel,Human,Short Crop,Dark Brown,Teal,Dark Brown - Wide,Open,Steel,Green,Tie,Headset,,
1587,Bloomberg Orange,Lemon,Short Crop,Dark Brown,Teal,Brown - Wide,Smile,Forest,Blue,Tie,Rimless Glasses,Whale,
1588,Light Blue,Human,Classic Side,Brown,Brown,Taupe - Flat,Beard,Slate,Green,Bow Tie,Banded Frameless,,
1589,Sky Blue,Lemon,Wavy,Gray Brown,Brown,Brown - Wide,Blond Beard,Navy,Purple,Tie,Bull Horns,,Gold
1590,Trading Floor Green,Lemon,Classic Side,Charcoal,Violet,Pink - Flat,Smile,Navy,Teal,Tie,Gold Headset,Diamond Hands,
1591,Slate,Lemon,Classic Side,Dark Brown,Navy,Brown - Flat,Blonde Mustache,Purple,Blue,Bow Tie,Sunglasses,,
1592,Trading Floor Green,Human,Tall,Charcoal,Amber,Dark Brown - Wide,Smile,Steel,Purple,Bow Tie,Crown,,
1593,Pale Blue,Human,Short Crop,Charcoal,Slate Gray,Dark Brown - Wide,Gray Beard,Navy,Red,Bow Tie,Monocle,Insider,
1594,Light Blue,Shadow,Classic Side,Light Brown,Slate Gray,Light Brown - Wide,Smile,Steel,Green,Tie,Crown,Insider,
1595,Tan,Devil,Tall,Charcoal,Slate Gray,Pink - Wide,Beard,Slate,Red,Tie,Bull Horns,Diamond Hands,
1596,Light Blue,Marshmallow,Wavy,Charcoal,Green,Taupe - Wide,Smile,Slate,Purple,Tie,Monocle,,
1597,Trading Floor Green,Human,Wide Top,Blonde,Green,Brown - Flat,Gray Beard,Slate,Green,Tie,Bluetooth Headset,,
1598,Light Blue,Zombie,Tall,Jet Black,Green,Pink - Wide,Neutral,Slate,Gold,Tie,Golden Devil Horns,,
1599,Light Blue,Human,Bald,,Slate Gray,Pink - Wide,Neutral,Steel,Gold,Bow Tie,Eye Patch,Diamond Hands,
1600,Slate,Devil,Bald,,Green,,Smirk,Slate,Red,Tie,Bluetooth Headset,,
1601,Trading Floor Green,Marshmallow,Wavy,Blonde,Violet,Pink - Flat,Neutral,Navy,Red,Tie,Bluetooth Headset,Whale,
1602,Tan,Human,Bald,,Amber,Light Brown - Flat,Neutral,Charcoal,Purple,Bow Tie,Headset,Whale,
1603,Slate,Robot,Long Side,Jet Black,Navy,Brown - Flat,Open,Forest,Purple,Tie,Devil Horns,,
1604,Slate,Zombie,Tall,Brown,Blue,Taupe - Flat,Blond Beard,Charcoal,Teal,Tie,Headset,,
1605,Pale Blue,Devil,Long Side,Charcoal,Teal,Dark Brown - Flat,Beard,Forest,Gold,Tie,3D Glasses,,
1606,Trading Floor Green,Human,Wavy,Light Brown,Teal,Brown - Wide,Open,Forest,Purple,Tie,Gold Headset,Diamond Hands,
1607,Light Blue,Human,Bald,,Brown,Light Brown - Flat,Beard,Navy,Blue,Tie,Bull Horns,,
1608,Light Blue,Human,Tall,Charcoal,Teal,Dark Brown - Wide,Smile,Charcoal,Teal,Bow Tie,Rimless Glasses,Diamond Hands,
1609,Steel,Marshmallow,Long Side,Dark Brown,Blue,Pink - Flat,Smile,Navy,Gold,Tie,,Whale,
1610,Slate,Devil,Classic Side,Light Brown,Navy,Brown - Flat,Smirk,Steel,Purple,Bow Tie,,Whale,
1611,Steel,Robot,Wide Top,Light Brown,Green,Brown - Flat,Smile,Steel,Green,Bow Tie,Headset,,
1612,Sky Blue,Human,Wide Top,Jet Black,Brown,Brown - Wide,Mustache,Charcoal,Teal,Tie,,,
1613,Tan,Devil,Wide Top,Charcoal,Slate Gray,Dark Brown - Flat,Neutral,Slate,Gold,Tie,Gold Headset,Whale,
1614,Tan,Zombie,Classic Side,Charcoal,Amber,Light Brown - Wide,Smirk,Forest,Red,Tie,Headset,Whale,
1615,Steel,Shadow,Wide Top,Charcoal,Amber,,Blond Beard,Slate,Teal,Tie,Sunglasses,,
1616,Light Blue,Human,Bald,,Blue,Pink - Flat,Smirk,Purple,Green,Tie,,Insider,
1617,Trading Floor Green,Lemon,Tall,Jet Black,Blue,Taupe - Flat,Neutral,Steel,Purple,Tie,Headset,,
1618,Bloomberg Orange,Alien,Tall,Gray Brown,Navy,Pink - Flat,Beard,Slate,Red,Tie,Eye Patch,,
1619,Trading Floor Green,Devil,Wavy,Blonde,Violet,Light Brown - Flat,Smirk,Slate,Teal,Bow Tie,Blue Boom Headset,Diamond Hands,
1620,Sky Blue,Human,Long Side,Brown,Brown,Dark Brown - Flat,Smirk,Navy,Blue,Bow Tie,Sunglasses,,
1621,Trading Floor Green,Human,Tall,Gray Brown,Brown,Taupe - Flat,Neutral,Forest,Gold,Tie,Bluetooth Headset,,
1622,Trading Floor Green,Human,Short Crop,Light Brown,Brown,Taupe - Wide,Blonde Mustache,Charcoal,Purple,Bow Tie,,Insider,
1623,Steel,Alien,Bald,,Amber,Taupe - Wide,Open,Purple,Red,Tie,Banded Frameless,Diamond Hands,
1624,Slate,Human,Wavy,Brown,Navy,Light Brown - Wide,Blond Beard,Charcoal,Purple,Bow Tie,Blue Boom Headset,Whale,
1625,Steel,Human,Tall,Light Brown,Green,Light Brown - Flat,Beard,Navy,Teal,Tie,,,
1626,Bloomberg Orange,Zombie,Wavy,Charcoal,Amber,Light Brown - Wide,Neutral,Steel,Gold,Tie,Rimless Glasses,,
1627,Tan,Robot,Classic Side,Brown,Navy,Light Brown - Flat,Neutral,Steel,Red,Tie,Banded Frameless,,
1628,Slate,Lemon,Tall,Brown,Green,Light Brown - Flat,Mustache,Charcoal,Blue,Tie,3D Glasses,Insider,
1629,Slate,Marshmallow,Long Side,Brown,Slate Gray,Light Brown - Flat,Neutral,Slate,Purple,Bow Tie,,,
1630,Pale Blue,Human,Wide Top,Light Brown,Violet,,Neutral,Slate,Blue,Tie,Bluetooth Headset,,
1631,Tan,Devil,Wide Top,Brown,Blue,Brown - Wide,Open,Slate,Green,Bow Tie,Banded Frameless,Whale,
1632,Pale Blue,Human,Wavy,Jet Black,Violet,Light Brown - Flat,Smile,Steel,Teal,Tie,,Diamond Hands,
1633,Steel,Human,Wavy,Brown,Brown,Pink - Flat,Smile,Slate,Purple,Tie,Bluetooth Headset,,
1634,Trading Floor Green,Robot,Wide Top,Blonde,Amber,Pink - Wide,Open,Purple,Green,Tie,Banded Frameless,,
1635,Tan,Zombie,Wide Top,Light Brown,Teal,Dark Brown - Flat,Open,Steel,Teal,Bow Tie,Bluetooth Headset,,
1636,Pale Blue,Human,Short Crop,Dark Brown,Brown,Pink - Wide,Open,Purple,Gold,Tie,Headset,Whale,
1637,Pale Blue,Marshmallow,Short Crop,Gray Brown,Teal,Pink - Wide,Neutral,Forest,Blue,Tie,Golden Bull Horns,,
1638,Slate,Human,Bald,,Green,Brown - Flat,Mustache,Navy,Green,Tie,Sunglasses,Insider,
1639,Steel,Human,Classic Side,Gray Brown,Violet,Clown Red - Wide,Smile,Navy,Green,Tie,Crown,Whale,
1640,Bloomberg Orange,Marshmallow,Classic Side,Brown,Violet,Brown - Flat,Neutral,Charcoal,Teal,Tie,Crown,,
1641,Slate,Human,Classic Side,Charcoal,Slate Gray,Taupe - Wide,Gray Beard,Slate,Green,Tie,,,
1642,Light Blue,Shadow,Wide Top,Dark Brown,Slate Gray,Light Brown - Flat,Mustache,Navy,Gold,Tie,Rimless Glasses,,
1643,Tan,Human,Long Side,Gray Brown,Amber,Dark Brown - Flat,Gray Beard,Charcoal,Red,Bow Tie,Crown,,
1644,Tan,Lemon,Tall,Brown,Green,Taupe - Wide,Mustache,Charcoal,Red,Tie,Bluetooth Headset,Insider,
1645,Tan,Zombie,Wavy,Charcoal,Green,Brown - Flat,Smile,Slate,Red,Tie,Headset,,
1646,Pale Blue,Devil,Wide Top,Light Brown,Amber,Brown - Wide,Gold Tooth,Steel,Purple,Bow Tie,Crown,Diamond Hands,
1647,Sky Blue,Human,Short Crop,Gray Brown,Amber,Brown - Flat,Smile,Steel,Red,Tie,Headset,,
1648,Bloomberg Orange,Lemon,Tall,Charcoal,Violet,Taupe - Wide,Smile,Charcoal,Teal,Tie,Bluetooth Headset,,
1649,Bloomberg Orange,Robot,Wide Top,Jet Black,Green,Brown - Wide,Neutral,Navy,Blue,Tie,3D Glasses,,
1650,Pale Blue,Human,Long Side,Dark Brown,Teal,Clown Red - Wide,Beard,Navy,Green,Tie,Sunglasses,,
1651,Trading Floor Green,Human,Long Side,Dark Brown,Teal,Pink - Wide,Neutral,Forest,Red,Tie,Rimless Glasses,,
1652,Light Blue,Human,Classic Side,Blonde,Brown,Taupe - Wide,Smile,Forest,Red,Tie,Eye Patch,Insider,
1653,Light Blue,Lemon,Short Crop,Dark Brown,Slate Gray,Light Brown - Flat,Smirk,Charcoal,Teal,Tie,Blue Boom Headset,Whale,
1654,Tan,Human,Short Crop,Dark Brown,Amber,Clown Red - Wide,Open,Slate,Purple,Tie,Rimless Glasses,,
1655,Trading Floor Green,Zombie,Short Crop,Gray Brown,Teal,,Open,Purple,Blue,Tie,Bull Horns,,
1656,Tan,Marshmallow,Classic Side,Jet Black,Green,Pink - Wide,Smirk,Forest,Purple,Tie,3D Glasses,,
1657,Tan,Zombie,Tall,Dark Brown,Green,Light Brown - Wide,Beard,Navy,Red,Tie,3D Glasses,,
1658,Sky Blue,Human,Wavy,Jet Black,Amber,,Blonde Mustache,Steel,Green,Bow Tie,,,
1659,Trading Floor Green,Human,Bald,,Blue,Brown - Wide,Gold Tooth,Navy,Teal,Bow Tie,Banded Frameless,Insider,
1660,Light Blue,Zombie,Bald,,Teal,Brown - Wide,Open,Forest,Teal,Bow Tie,Bluetooth Headset,,
1661,Pale Blue,Human,Short Crop,Charcoal,Navy,Pink - Wide,Smirk,Slate,Green,Bow Tie,3D Glasses,Insider,
1662,Steel,Zombie,Wide Top,Light Brown,Navy,Taupe - Wide,Beard,Forest,Blue,Tie,Rimless Glasses,Whale,
1663,Slate,Lemon,Short Crop,Brown,Violet,Taupe - Wide,Neutral,Charcoal,Gold,Tie,Headset,,
1664,Sky Blue,Human,Wavy,Charcoal,Brown,Taupe - Wide,Beard,Forest,Gold,Tie,Headset,Insider,
1665,Steel,Devil,Rainbow Afro,Rainbow,Slate Gray,Light Brown - Flat,Smirk,Steel,Green,Bow Tie,Rimless Glasses,Whale,
1666,Trading Floor Green,Alien,Short Crop,Gray Brown,Navy,Pink - Wide,Open,Slate,Blue,Tie,Sunglasses,,
1667,Tan,Human,Wide Top,Light Brown,Slate Gray,,Gold Tooth,Purple,Teal,Bow Tie,Headset,Diamond Hands,
1668,Steel,Human,Tall,Blonde,Amber,Taupe - Flat,Blonde Mustache,Steel,Purple,Tie,Bluetooth Headset,,
1669,Steel,Devil,Short Crop,Charcoal,Violet,Taupe - Flat,Mustache,Steel,Gold,Tie,Sunglasses,,
1670,Slate,Lemon,Wavy,Light Brown,Navy,Taupe - Flat,Beard,Forest,Gold,Bow Tie,Bull Horns,,
1671,Light Blue,Robot,Bald,,Blue,Light Brown - Flat,Smirk,Slate,Teal,Tie,Banded Frameless,,
1672,Tan,Human,Bald,,Slate Gray,Pink - Flat,Beard,Charcoal,Green,Tie,Rimless Glasses,Diamond Hands,
1673,Steel,Robot,Tall,Brown,Teal,Brown - Flat,Neutral,Slate,Teal,Tie,3D Glasses,,
1674,Trading Floor Green,Human,Wide Top,Light Brown,Slate Gray,Light Brown - Flat,Mustache,Steel,Red,Tie,Crown,,
1675,Trading Floor Green,Human,Short Crop,Brown,Teal,Clown Red - Wide,Mustache,Navy,Blue,Tie,Bluetooth Headset,Diamond Hands,
1676,Bloomberg Orange,Devil,Bald,,Green,Taupe - Wide,Mustache,Charcoal,Teal,Tie,Monocle,Insider,
1677,Bloomberg Orange,Human,Wavy,Brown,Amber,Clown Red - Wide,Neutral,Purple,Green,Tie,,Insider,
1678,Steel,Lemon,Long Side,Brown,Slate Gray,,Mustache,Slate,Blue,Bow Tie,3D Glasses,Insider,
1679,Pale Blue,Zombie,Long Side,Gray Brown,Green,Dark Brown - Flat,Mustache,Charcoal,Teal,Tie,Headset,,
1680,Trading Floor Green,Alien,Bald,,Green,Pink - Flat,Smirk,Navy,Blue,Bow Tie,Headset,,
1681,Trading Floor Green,Marshmallow,Short Crop,Dark Brown,Teal,Taupe - Wide,Gray Beard,Navy,Red,Tie,Sunglasses,,
1682,Steel,Devil,Wide Top,Gray Brown,Violet,Taupe - Flat,Open,Charcoal,Green,Bow Tie,Gold Banded Frameless,,
1683,Sky Blue,Shadow,Short Crop,Blonde,Amber,Taupe - Flat,Smile,Forest,Purple,Tie,,,
1684,Trading Floor Green,Lemon,Bald,,Navy,Brown - Flat,Beard,Navy,Teal,Bow Tie,Sunglasses,,
1685,Sky Blue,Human,Bald,,Green,Dark Brown - Flat,Smile,Steel,Red,Tie,Bluetooth Headset,,
1686,Tan,Lemon,Wavy,Light Brown,Slate Gray,,Gray Beard,Purple,Red,Tie,Gold Banded Frameless,,
1687,Slate,Human,Wavy,Charcoal,Blue,Clown Red - Wide,Neutral,Steel,Red,Tie,Eye Patch,,
1688,Bloomberg Orange,Alien,Long Side,Light Brown,Slate Gray,Taupe - Flat,Gray Beard,Slate,Red,Tie,Headset,Diamond Hands,
1689,Slate,Devil,Bald,,Slate Gray,,Beard,Navy,Purple,Tie,Gold Headset,,
1690,Slate,Shadow,Wide Top,Blonde,Brown,Dark Brown - Flat,Neutral,Steel,Blue,Bow Tie,Eye Patch,Whale,
1691,Slate,Human,Tall,Charcoal,Blue,Light Brown - Wide,Smirk,Purple,Red,Tie,Banded Frameless,,
1692,Tan,Devil,Wide Top,Dark Brown,Teal,Dark Brown - Flat,Smirk,Steel,Purple,Bow Tie,Banded Frameless,Diamond Hands,
1693,Bloomberg Orange,Devil,Long Side,Light Brown,Brown,Dark Brown - Flat,Mustache,Purple,Red,Tie,Bluetooth Headset,,Cream
1694,Sky Blue,Lemon,Wavy,Blonde,Brown,,Blond Beard,Slate,Teal,Tie,Crown,Diamond Hands,
1695,Tan,Human,Long Side,Charcoal,Green,Light Brown - Flat,Blond Beard,Steel,Blue,Bow Tie,Crown,,
1696,Trading Floor Green,Human,Long Side,Jet Black,Blue,Taupe - Flat,Beard,Charcoal,Teal,Tie,Headset,,
1697,Light Blue,Human,Classic Side,Jet Black,Teal,Taupe - Flat,Smile,Forest,Green,Tie,Gold Banded Frameless,Insider,
1698,Slate,Shadow,Wavy,Gray Brown,Violet,Light Brown - Flat,Smirk,Steel,Purple,Bow Tie,Bull Horns,,
1699,Trading Floor Green,Human,Short Crop,Charcoal,Green,Light Brown - Wide,Beard,Navy,Blue,Bow Tie,Headset,Whale,
1700,Light Blue,Lemon,Wide Top,Blonde,Navy,Taupe - Flat,Smirk,Forest,Red,Tie,Bluetooth Headset,,
1701,Trading Floor Green,Human,Wide Top,Brown,Blue,Pink - Flat,Smirk,Slate,Green,Tie,Headset,Whale,
1702,Sky Blue,Robot,Classic Side,Charcoal,Green,Pink - Wide,Beard,Forest,Purple,Tie,Banded Frameless,,
1703,Sky Blue,Human,Short Crop,Charcoal,Navy,Pink - Flat,Open,Forest,Red,Tie,Bluetooth Headset,Diamond Hands,
1704,Steel,Human,Short Crop,Jet Black,Blue,Brown - Wide,Smile,Forest,Purple,Bow Tie,Sunglasses,,
1705,Slate,Human,Bald,,Green,Dark Brown - Wide,Neutral,Purple,Blue,Bow Tie,Headset,Insider,
1706,Tan,Shadow,Classic Side,Gray Brown,Teal,Taupe - Wide,Mustache,Forest,Teal,Tie,3D Glasses,Whale,
1707,Bloomberg Orange,Human,Bald,,Navy,Taupe - Flat,Neutral,Pink,Red,Bow Tie,,,
1708,Sky Blue,Human,Bald,,Brown,Light Brown - Flat,Open,Purple,Purple,Tie,3D Glasses,,
1709,Pale Blue,Human,Short Crop,Charcoal,Slate Gray,Dark Brown - Flat,Mustache,Steel,Blue,Tie,Gold Banded Frameless,Diamond Hands,
1710,Light Blue,Shadow,Wide Top,Charcoal,Green,Dark Brown - Wide,Smile,Steel,Teal,Tie,Monocle,Whale,
1711,Light Blue,Lemon,Tall,Dark Brown,Teal,Taupe - Wide,Beard,Forest,Red,Tie,Headset,Whale,
1712,Steel,Robot,Short Crop,Dark Brown,Blue,Pink - Wide,Open,Forest,Red,Tie,Eye Patch,,
1713,Sky Blue,Human,Wide Top,Dark Brown,Amber,,Mustache,Charcoal,Gold,Tie,Headset,,
1714,Bloomberg Orange,Robot,Short Crop,Charcoal,Violet,Dark Brown - Wide,Blonde Mustache,Purple,Teal,Tie,Headset,,
1715,Steel,Human,Bald,,Teal,Dark Brown - Wide,Open,Forest,Blue,Bow Tie,Blue Boom Headset,,
1716,Bloomberg Orange,Lemon,Tall,Dark Brown,Violet,,Mustache,Navy,Blue,Tie,Blue Boom Headset,Diamond Hands,
1717,Sky Blue,Alien,Short Crop,Blonde,Green,Light Brown - Flat,Beard,Purple,Green,Tie,3D Glasses,,
1718,Slate,Human,Wavy,Light Brown,Green,Dark Brown - Wide,Blonde Mustache,Charcoal,Teal,Tie,3D Glasses,,
1719,Trading Floor Green,Human,Classic Side,Light Brown,Slate Gray,Light Brown - Wide,Mustache,Charcoal,Purple,Bow Tie,,,
1720,Pale Blue,Human,Wavy,Brown,Violet,Dark Brown - Wide,Mustache,Navy,Teal,Tie,Headset,Insider,
1721,Sky Blue,Human,Long Side,Gray Brown,Navy,Dark Brown - Wide,Neutral,Forest,Gold,Tie,Headset,,
1722,Pale Blue,Human,Bald,,Green,Pink - Flat,Beard,Purple,Red,Tie,Blue Boom Headset,,
1723,Pale Blue,Shadow,Short Crop,Light Brown,Brown,Taupe - Flat,Open,Purple,Purple,Tie,Rimless Glasses,,
1724,Sky Blue,Zombie,Wavy,Blonde,Violet,,Smirk,Slate,Green,Tie,3D Glasses,Whale,
1725,Slate,Human,Tall,Light Brown,Violet,Brown - Wide,Neutral,Charcoal,Blue,Tie,3D Glasses,Insider,
1726,Sky Blue,Robot,Classic Side,Light Brown,Brown,Light Brown - Flat,Mustache,Steel,Red,Bow Tie,Bull Horns,Diamond Hands,
1727,Bloomberg Orange,Human,Short Crop,Blonde,Navy,Pink - Wide,Smirk,Steel,Red,Bow Tie,Sunglasses,Whale,
1728,Pale Blue,Devil,Short Crop,Gray Brown,Blue,Brown - Flat,Open,Steel,Gold,Tie,Bluetooth Headset,,
1729,Steel,Shadow,Classic Side,Brown,Brown,Taupe - Flat,Beard,Steel,Red,Tie,Devil Horns,,
1730,Slate,Human,Wavy,Dark Brown,Teal,Light Brown - Wide,Neutral,Steel,Red,Tie,Eye Patch,Whale,
1731,Sky Blue,Lemon,Bald,,Brown,Brown - Wide,Beard,Navy,Green,Bow Tie,Bluetooth Headset,,
1732,Tan,Robot,Short Crop,Dark Brown,Blue,Pink - Wide,Neutral,Purple,Gold,Tie,3D Glasses,,
1733,Trading Floor Green,Human,Wide Top,Light Brown,Slate Gray,Light Brown - Flat,Neutral,Navy,Teal,Tie,Bluetooth Headset,,
1734,Slate,Shadow,Classic Side,Blonde,Green,Light Brown - Wide,Mustache,Slate,Red,Tie,Sunglasses,,
1735,Sky Blue,Shadow,Tall,Brown,Violet,Brown - Wide,Smirk,Red,Red,Tie,Headset,,
1736,Trading Floor Green,Human,Bald,,Teal,Pink - Wide,Beard,Charcoal,Red,Bow Tie,Bluetooth Headset,,
1737,Steel,Shadow,Wide Top,Light Brown,Green,Pink - Flat,Open,Steel,Green,Tie,3D Glasses,,
1738,Steel,Alien,Short Crop,Blonde,Slate Gray,Dark Brown - Flat,Blonde Mustache,Slate,Purple,Tie,Bluetooth Headset,,
1739,Pale Blue,Zombie,Wavy,Brown,Slate Gray,Pink - Flat,Mustache,Navy,Blue,Tie,Banded Frameless,Whale,
1740,Light Blue,Zombie,Long Side,Dark Brown,Brown,Pink - Flat,Mustache,Charcoal,Red,Tie,Bull Horns,Whale,
1741,Steel,Devil,Tall,Brown,Green,Pink - Flat,Smirk,Purple,Purple,Tie,Sunglasses,,
1742,Tan,Lemon,Classic Side,Dark Brown,Amber,Pink - Wide,Mustache,Steel,Red,Tie,Crown,,
1743,Tan,Robot,Short Crop,Blonde,Blue,,Gray Beard,Purple,Teal,Tie,Golden Bull Horns,Whale,
1744,Steel,Human,Short Crop,Blonde,Amber,Brown - Flat,Mustache,Slate,Gold,Tie,,,
1745,Bloomberg Orange,Robot,Short Crop,Gray Brown,Green,Pink - Flat,Open,Slate,Green,Tie,Bluetooth Headset,Insider,
1746,Pale Blue,Human,Long Side,Light Brown,Navy,Brown - Flat,Beard,Charcoal,Gold,Bow Tie,Bluetooth Headset,Insider,
1747,Tan,Alien,Tall,Gray Brown,Amber,Taupe - Flat,Mustache,Charcoal,Red,Tie,Banded Frameless,,
1748,Light Blue,Alien,Classic Side,Charcoal,Navy,,Beard,Steel,Teal,Tie,Devil Horns,,
1749,Tan,Human,Short Crop,Jet Black,Blue,Brown - Flat,Smile,Steel,Purple,Tie,Headset,,
1750,Bloomberg Orange,Alien,Classic Side,Charcoal,Teal,Pink - Flat,Mustache,Slate,Green,Bow Tie,,,
1751,Light Blue,Robot,Short Crop,Light Brown,Blue,Dark Brown - Wide,Beard,Navy,Blue,Bow Tie,Devil Horns,Insider,
1752,Slate,Human,Classic Side,Dark Brown,Teal,Pink - Wide,Blonde Mustache,Forest,Purple,Tie,,,
1753,Sky Blue,Zombie,Wide Top,Blonde,Slate Gray,Taupe - Flat,Beard,Steel,Blue,Tie,Bull Horns,,
1754,Slate,Zombie,Classic Side,Blonde,Amber,Light Brown - Wide,Smirk,Forest,Gold,Tie,Crown,Whale,
1755,Bloomberg Orange,Zombie,Bald,,Green,Brown - Flat,Smile,Charcoal,Teal,Tie,,,
1756,Light Blue,Lemon,Wavy,Brown,Brown,Taupe - Flat,Mustache,Charcoal,Green,Tie,Bluetooth Headset,,
1757,Steel,Human,Long Side,Dark Brown,Green,Dark Brown - Wide,Smile,Forest,Green,Tie,Blue Boom Headset,,
1758,Tan,Lemon,Long Side,Light Brown,Violet,,Neutral,Forest,Red,Tie,Bluetooth Headset,,
1759,Slate,Human,Long Side,Dark Brown,Navy,Dark Brown - Flat,Smile,Steel,Green,Tie,,Diamond Hands,
1760,Tan,Devil,Wide Top,Blonde,Brown,Dark Brown - Flat,Neutral,Steel,Purple,Tie,Devil Horns,,
1761,Pale Blue,Human,Short Crop,Gray Brown,Blue,Dark Brown - Wide,Smirk,Steel,Purple,Bow Tie,3D Glasses,Whale,
1762,Bloomberg Orange,Marshmallow,Wavy,Brown,Green,,Mustache,Purple,Green,Tie,Rimless Glasses,Diamond Hands,
1763,Trading Floor Green,Devil,Wide Top,Charcoal,Amber,Light Brown - Flat,Smile,Forest,Purple,Tie,Crown,,
1764,Tan,Marshmallow,Long Side,Brown,Navy,Light Brown - Flat,Smile,Steel,Purple,Bow Tie,Bluetooth Headset,Insider,
1765,Tan,Robot,Wavy,Brown,Teal,Brown - Flat,Blonde Mustache,Purple,Teal,Bow Tie,Bull Horns,Insider,
1766,Bloomberg Orange,Lemon,Tall,Blonde,Brown,,Mustache,Red,Gold,Tie,Eye Patch,,
1767,Tan,Robot,Short Crop,Light Brown,Navy,Dark Brown - Wide,Mustache,Charcoal,Red,Tie,3D Glasses,Whale,
1768,Bloomberg Orange,Alien,Short Crop,Light Brown,Green,Taupe - Wide,Neutral,Steel,Teal,Tie,Blue Boom Headset,,
1769,Pale Blue,Shadow,Tall,Dark Brown,Teal,Light Brown - Wide,Smile,Navy,Blue,Tie,Headset,,
1770,Trading Floor Green,Lemon,Classic Side,Charcoal,Blue,Pink - Wide,Smirk,Forest,Green,Tie,Bull Horns,,
1771,Slate,Zombie,Long Side,Gray Brown,Violet,Brown - Flat,Smile,Slate,Purple,Bow Tie,Crown,,
1772,Sky Blue,Human,Tall,Dark Brown,Brown,Clown Red - Wide,Smile,Purple,Purple,Tie,3D Glasses,Whale,
1773,Light Blue,Human,Wide Top,Jet Black,Slate Gray,Brown - Wide,Beard,Navy,Purple,Tie,Gold Headset,,
1774,Pale Blue,Human,Short Crop,Dark Brown,Teal,Taupe - Flat,Smirk,Charcoal,Red,Tie,Bluetooth Headset,,
1775,Bloomberg Orange,Human,Long Side,Jet Black,Blue,Pink - Flat,Mustache,Purple,Purple,Tie,Crown,Insider,
1776,Bloomberg Orange,Shadow,Classic Side,Charcoal,Navy,Light Brown - Wide,Beard,Steel,Blue,Tie,Banded Frameless,,
1777,Tan,Human,Wide Top,Gray Brown,Green,Taupe - Flat,Open,Navy,Purple,Bow Tie,Bull Horns,,
1778,Steel,Human,Wide Top,Gray Brown,Violet,Pink - Flat,Neutral,Slate,Green,Tie,Bluetooth Headset,,
1779,Steel,Human,Tall,Brown,Violet,Light Brown - Wide,Neutral,Steel,Teal,Tie,Headset,Diamond Hands,
1780,Slate,Human,Short Crop,Dark Brown,Green,Brown - Wide,Neutral,Steel,Purple,Bow Tie,3D Glasses,Diamond Hands,
1781,Trading Floor Green,Marshmallow,Classic Side,Dark Brown,Blue,Dark Brown - Flat,Open,Slate,Green,Tie,Bluetooth Headset,Diamond Hands,
1782,Sky Blue,Zombie,Wide Top,Dark Brown,Green,Dark Brown - Wide,Smile,Slate,Red,Tie,Crown,,
1783,Pale Blue,Marshmallow,Bald,,Teal,Brown - Wide,Open,Slate,Teal,Tie,3D Glasses,,
1784,Tan,Robot,Long Side,Jet Black,Green,,Mustache,Purple,Gold,Bow Tie,Rimless Glasses,,
1785,Sky Blue,Marshmallow,Wavy,Dark Brown,Violet,Taupe - Flat,Open,Purple,Teal,Tie,3D Glasses,Insider,
1786,Light Blue,Alien,Classic Side,Brown,Blue,Brown - Flat,Smile,Purple,Green,Tie,,,
1787,Tan,Human,Wide Top,Dark Brown,Navy,Taupe - Wide,Open,Navy,Red,Tie,Bluetooth Headset,Insider,
1788,Steel,Human,Long Side,Charcoal,Blue,Dark Brown - Flat,Smile,Purple,Gold,Tie,3D Glasses,Whale,
1789,Sky Blue,Lemon,Bald,,Green,Brown - Flat,Smirk,Charcoal,Red,Tie,Bluetooth Headset,Diamond Hands,
1790,Trading Floor Green,Alien,Short Crop,Light Brown,Brown,Light Brown - Wide,Beard,Steel,Gold,Bow Tie,Headset,Diamond Hands,
1791,Pale Blue,Zombie,Classic Side,Dark Brown,Amber,Brown - Flat,Smirk,Charcoal,Purple,Bow Tie,Golden Devil Horns,,
1792,Trading Floor Green,Human,Classic Side,Blonde,Green,Dark Brown - Flat,Mustache,Steel,Green,Tie,Headset,Insider,
1793,Sky Blue,Robot,Long Side,Charcoal,Brown,Light Brown - Wide,Gray Beard,Charcoal,Gold,Bow Tie,3D Glasses,,
1794,Light Blue,Human,Wide Top,Blonde,Blue,Taupe - Flat,Smile,Slate,Green,Tie,Rimless Glasses,,
1795,Light Blue,Shadow,Wavy,Brown,Navy,Taupe - Flat,Blonde Mustache,Forest,Green,Tie,,,
1796,Pale Blue,Marshmallow,Bald,,Teal,Pink - Wide,Beard,Forest,Red,Tie,Sunglasses,,
1797,Sky Blue,Human,Long Side,Dark Brown,Slate Gray,Dark Brown - Flat,Beard,Steel,Green,Tie,Bluetooth Headset,,
1798,Bloomberg Orange,Alien,Long Side,Brown,Slate Gray,Dark Brown - Flat,Beard,Navy,Red,Bow Tie,Headset,Whale,
1799,Bloomberg Orange,Human,Short Crop,Dark Brown,Green,Brown - Flat,Neutral,Red,Teal,Tie,Crown,Diamond Hands,
1800,Steel,Human,Wavy,Charcoal,Navy,Brown - Wide,Smirk,Steel,Purple,Tie,Bluetooth Headset,,
1801,Steel,Marshmallow,Bald,,Amber,Dark Brown - Wide,Smile,Slate,Green,Bow Tie,Bull Horns,,
1802,Tan,Human,Classic Side,Gray Brown,Amber,Pink - Flat,Smile,Forest,Green,Tie,Rimless Glasses,,
1803,Tan,Human,Tall,Light Brown,Violet,Taupe - Wide,Smile,Slate,Green,Tie,Bluetooth Headset,,
1804,Slate,Marshmallow,Tall,Gray Brown,Green,Taupe - Wide,Neutral,Navy,Purple,Bow Tie,3D Glasses,,
1805,Slate,Alien,Short Crop,Jet Black,Navy,Taupe - Flat,Blonde Mustache,Purple,Blue,Tie,Monocle,,
1806,Sky Blue,Marshmallow,Bald,,Slate Gray,Pink - Flat,Open,Purple,Purple,Bow Tie,Blue Boom Headset,,
1807,Trading Floor Green,Human,Bald,,Brown,Pink - Wide,Gray Beard,Navy,Blue,Tie,Headset,,
1808,Light Blue,Human,Wavy,Gray Brown,Brown,,Beard,Charcoal,Red,Tie,3D Glasses,Diamond Hands,
1809,Trading Floor Green,Lemon,Classic Side,Gray Brown,Teal,Dark Brown - Wide,Open,Charcoal,Purple,Tie,Rimless Glasses,Whale,
1810,Tan,Robot,Long Side,Brown,Violet,Brown - Flat,Blonde Mustache,Navy,Purple,Tie,Bull Horns,Diamond Hands,
1811,Trading Floor Green,Zombie,Wavy,Gray Brown,Brown,Pink - Flat,Open,Steel,Gold,Tie,Bluetooth Headset,Insider,
1812,Tan,Alien,Bald,,Brown,Dark Brown - Wide,Open,Charcoal,Gold,Bow Tie,Monocle,Insider,
1813,Light Blue,Human,Classic Side,Light Brown,Green,Taupe - Flat,Open,Purple,Gold,Tie,,Whale,
1814,Bloomberg Orange,Shadow,Bald,,Brown,Pink - Wide,Blonde Mustache,Forest,Gold,Bow Tie,,,
1815,Trading Floor Green,Lemon,Tall,Dark Brown,Violet,Dark Brown - Wide,Smirk,Charcoal,Gold,Bow Tie,Headset,Insider,
1816,Sky Blue,Devil,Classic Side,Dark Brown,Violet,Light Brown - Wide,Smile,Steel,Green,Tie,Headset,,
1817,Steel,Zombie,Bald,,Navy,Brown - Flat,Smile,Charcoal,Green,Tie,Rimless Glasses,,
1818,Slate,Robot,Wavy,Gray Brown,Navy,Clown Red - Wide,Smile,Navy,Gold,Tie,3D Glasses,,
1819,Bloomberg Orange,Human,Wavy,Jet Black,Violet,Light Brown - Wide,Mustache,Navy,Purple,Tie,Headset,,
1820,Trading Floor Green,Shadow,Tall,Jet Black,Slate Gray,Light Brown - Wide,Mustache,Purple,Gold,Tie,Headset,,
1821,Pale Blue,Devil,Wide Top,Charcoal,Teal,Clown Red - Wide,Open,Slate,Green,Tie,,Diamond Hands,
1822,Trading Floor Green,Marshmallow,Tall,Charcoal,Brown,Taupe - Wide,Neutral,Slate,Teal,Tie,Bluetooth Headset,Insider,
1823,Sky Blue,Shadow,Long Side,Light Brown,Amber,,Smile,Slate,Red,Tie,Rimless Glasses,,
1824,Tan,Robot,Short Crop,Brown,Slate Gray,Dark Brown - Flat,Smile,Slate,Gold,Tie,Devil Horns,,
1825,Pale Blue,Robot,Bald,,Violet,Taupe - Wide,Mustache,Forest,Gold,Tie,Sunglasses,Whale,
1826,Trading Floor Green,Lemon,Wavy,Jet Black,Navy,Pink - Flat,Mustache,Red,Green,Tie,3D Glasses,Diamond Hands,
1827,Tan,Human,Wavy,Light Brown,Teal,Brown - Wide,Neutral,Forest,Red,Tie,Blue Boom Headset,Diamond Hands,
1828,Slate,Human,Short Crop,Blonde,Blue,,Gray Beard,Forest,Red,Tie,Headset,,
1829,Steel,Zombie,Short Crop,Charcoal,Violet,Brown - Wide,Open,Navy,Purple,Tie,Rimless Glasses,,
1830,Steel,Human,Wide Top,Light Brown,Amber,Pink - Flat,Mustache,Steel,Green,Tie,Sunglasses,,
1831,Pale Blue,Alien,Tall,Blonde,Slate Gray,Pink - Wide,Smile,Charcoal,Gold,Tie,Banded Frameless,,
1832,Bloomberg Orange,Human,Wide Top,Light Brown,Amber,Taupe - Flat,Mustache,Slate,Red,Tie,,,
1833,Trading Floor Green,Devil,Short Crop,Light Brown,Teal,Taupe - Wide,Beard,Navy,Blue,Tie,Bull Horns,,
1834,Pale Blue,Human,Bald,,Violet,Light Brown - Wide,Beard,Navy,Red,Tie,Banded Frameless,Diamond Hands,
1835,Trading Floor Green,Robot,Wide Top,Blonde,Violet,Light Brown - Wide,Beard,Steel,Blue,Bow Tie,Bluetooth Headset,Insider,
1836,Pale Blue,Human,Wavy,Blonde,Brown,Brown - Flat,Smile,Charcoal,Purple,Tie,Banded Frameless,,
1837,Tan,Human,Tall,Gray Brown,Navy,Taupe - Wide,Mustache,Slate,Green,Tie,Crown,,
1838,Tan,Zombie,Wide Top,Gray Brown,Brown,Dark Brown - Flat,Neutral,Red,Gold,Tie,Bull Horns,,
1839,Bloomberg Orange,Shadow,Long Side,Gray Brown,Teal,Dark Brown - Wide,Neutral,Slate,Gold,Tie,Crown,,
1840,Bloomberg Orange,Human,Bald,,Violet,Light Brown - Flat,Beard,Forest,Gold,Tie,Sunglasses,,
1841,Bloomberg Orange,Zombie,Short Crop,Brown,Brown,Taupe - Wide,Blonde Mustache,Forest,Red,Bow Tie,Monocle,,
1842,Sky Blue,Human,Wide Top,Gray Brown,Teal,Pink - Flat,Blond Beard,Slate,Purple,Tie,Devil Horns,Insider,
1843,Sky Blue,Lemon,Long Side,Brown,Teal,Light Brown - Flat,Smile,Navy,Red,Tie,Headset,,
1844,Tan,Human,Tall,Blonde,Teal,Pink - Wide,Blonde Mustache,Steel,Red,Tie,Headset,Diamond Hands,
1845,Light Blue,Shadow,Classic Side,Jet Black,Navy,Taupe - Flat,Beard,Charcoal,Gold,Tie,,,
1846,Trading Floor Green,Lemon,Classic Side,Gray Brown,Slate Gray,,Mustache,Purple,Red,Tie,Bluetooth Headset,,
1847,Steel,Lemon,Wide Top,Light Brown,Teal,Taupe - Wide,Beard,Navy,Blue,Tie,Bluetooth Headset,Whale,
1848,Slate,Shadow,Short Crop,Jet Black,Amber,Dark Brown - Wide,Smile,Purple,Green,Tie,Headset,,
1849,Steel,Robot,Wide Top,Blonde,Teal,Light Brown - Wide,Smile,Purple,Blue,Tie,,,
1850,Tan,Zombie,Short Crop,Blonde,Slate Gray,Brown - Flat,Open,Purple,Teal,Tie,3D Glasses,,
1851,Sky Blue,Human,Tall,Blonde,Amber,Light Brown - Wide,Gold Tooth,Slate,Green,Tie,,Whale,
1852,Sky Blue,Human,Wide Top,Light Brown,Green,Pink - Wide,Beard,Purple,Green,Tie,Blue Boom Headset,,
1853,Light Blue,Alien,Tall,Brown,Amber,,Smirk,Purple,Purple,Tie,Bluetooth Headset,Insider,
1854,Tan,Zombie,Wavy,Charcoal,Amber,Pink - Flat,Beard,Purple,Blue,Tie,3D Glasses,,
1855,Tan,Robot,Wide Top,Gray Brown,Green,,Mustache,Charcoal,Purple,Bow Tie,,,
1856,Tan,Human,Short Crop,Blonde,Violet,Pink - Flat,Mustache,Steel,Teal,Tie,Rimless Glasses,,
1857,Trading Floor Green,Zombie,Bald,,Teal,Brown - Wide,Smirk,Slate,Red,Tie,Banded Frameless,,
1858,Steel,Human,Tall,Light Brown,Bull Candle,Taupe - Flat,Beard,Steel,Blue,Bow Tie,Bull Horns,Whale,
1859,Trading Floor Green,Alien,Wide Top,Gray Brown,Violet,Taupe - Wide,Mustache,Forest,Gold,Bow Tie,Headset,,
1860,Sky Blue,Zombie,Wavy,Brown,Blue,Pink - Flat,Beard,Navy,Teal,Tie,Rimless Glasses,Insider,
1861,Pale Blue,Human,Wavy,Jet Black,Blue,Light Brown - Wide,Beard,Navy,Teal,Tie,,,
1862,Light Blue,Human,Wide Top,Gray Brown,Slate Gray,Light Brown - Flat,Neutral,Navy,Blue,Tie,Eye Patch,,
1863,Trading Floor Green,Robot,Short Crop,Gray Brown,Green,Pink - Wide,Mustache,Steel,Green,Tie,Bluetooth Headset,,
1864,Trading Floor Green,Robot,Wide Top,Blonde,Amber,,Open,Purple,Red,Tie,Devil Horns,,
1865,Steel,Human,Bald,,Slate Gray,Brown - Flat,Smirk,Slate,Blue,Tie,Devil Horns,Insider,
1866,Sky Blue,Human,Wavy,Light Brown,Teal,Pink - Flat,Blond Beard,Steel,Purple,Tie,Bluetooth Headset,,
1867,Light Blue,Human,Classic Side,Charcoal,Violet,Taupe - Wide,Beard,Navy,Purple,Tie,Devil Horns,,
1868,Tan,Zombie,Classic Side,Light Brown,Amber,Brown - Wide,Neutral,Steel,Teal,Tie,Gold Banded Frameless,,
1869,Light Blue,Marshmallow,Tall,Light Brown,Amber,Taupe - Flat,Smirk,Slate,Green,Bow Tie,Eye Patch,,
1870,Light Blue,Zombie,Short Crop,Charcoal,Brown,Taupe - Flat,Smile,Purple,Teal,Tie,Sunglasses,,
1871,Slate,Robot,Long Side,Jet Black,Green,Brown - Wide,Neutral,Navy,Blue,Tie,Headset,Diamond Hands,
1872,Light Blue,Alien,Wavy,Gray Brown,Teal,Taupe - Flat,Gray Beard,Forest,Red,Bow Tie,Headset,,
1873,Steel,Human,Tall,Blonde,Brown,Taupe - Wide,Mustache,Forest,Red,Tie,Bluetooth Headset,,
1874,Sky Blue,Human,Wide Top,Gray Brown,Blue,Pink - Wide,Open,Purple,Blue,Tie,Eye Patch,,
1875,Slate,Human,Long Side,Dark Brown,Brown,Light Brown - Flat,Blond Beard,Navy,Teal,Tie,Banded Frameless,,
1876,Bloomberg Orange,Robot,Wide Top,Light Brown,Teal,Brown - Wide,Open,Red,Red,Tie,,Whale,
1877,Trading Floor Green,Human,Wide Top,Gray Brown,Teal,Pink - Wide,Smirk,Forest,Gold,Tie,Sunglasses,,
1878,Trading Floor Green,Human,Classic Side,Dark Brown,Slate Gray,,Smirk,Slate,Gold,Tie,Crown,Whale,
1879,Slate,Robot,Long Side,Charcoal,Blue,Light Brown - Wide,Open,Navy,Gold,Tie,Crown,,
1880,Tan,Robot,Long Side,Gray Brown,Green,,Open,Forest,Teal,Bow Tie,Gold Headset,,
1881,Tan,Zombie,Tall,Charcoal,Slate Gray,Dark Brown - Wide,Smile,Charcoal,Green,Tie,Rimless Glasses,,
1882,Slate,Robot,Short Crop,Dark Brown,Green,,Mustache,Navy,Green,Tie,,,
1883,Slate,Zombie,Tall,Brown,Green,,Smirk,Slate,Teal,Tie,Blue Boom Headset,,
1884,Trading Floor Green,Human,Long Side,Dark Brown,Blue,Brown - Wide,Smile,Navy,Gold,Tie,3D Glasses,,
1885,Steel,Human,Long Side,Blonde,Violet,Dark Brown - Flat,Open,Navy,Red,Tie,Headset,Diamond Hands,
1886,Steel,Human,Wide Top,Light Brown,Brown,Light Brown - Flat,Smirk,Red,Red,Bow Tie,Rimless Glasses,,
1887,Slate,Human,Wavy,Gray Brown,Navy,Brown - Wide,Smile,Steel,Gold,Bow Tie,Crown,Whale,
1888,Pale Blue,Human,Wide Top,Brown,Amber,Pink - Flat,Blonde Mustache,Forest,Blue,Tie,Blue Boom Headset,Whale,
1889,Sky Blue,Human,Bald,,Violet,,Beard,Charcoal,Purple,Tie,Crown,,
1890,Slate,Human,Long Side,Light Brown,Violet,Taupe - Flat,Beard,Pink,Gold,Tie,Banded Frameless,Whale,
1891,Trading Floor Green,Devil,Wavy,Blonde,Teal,,Smirk,Steel,Blue,Tie,Headset,,
1892,Slate,Marshmallow,Classic Side,Light Brown,Slate Gray,Brown - Wide,Mustache,Steel,Teal,Bow Tie,3D Glasses,Insider,
1893,Steel,Alien,Wavy,Gray Brown,Violet,Brown - Flat,Smirk,Slate,Red,Tie,Gold Banded Frameless,,
1894,Tan,Shadow,Classic Side,Charcoal,Navy,Light Brown - Wide,Open,Charcoal,Teal,Bow Tie,Bluetooth Headset,,
1895,Pale Blue,Devil,Wide Top,Dark Brown,Brown,,Open,Purple,Green,Tie,Crown,Insider,
1896,Sky Blue,Human,Bald,,Amber,Taupe - Flat,Smirk,Forest,Green,Tie,Headset,,
1897,Bloomberg Orange,Alien,Tall,Light Brown,Green,Light Brown - Flat,Mustache,Forest,Blue,Tie,Blue Boom Headset,,
1898,Tan,Human,Bald,,Navy,Dark Brown - Wide,Neutral,Navy,Gold,Tie,,,
1899,Slate,Human,Short Crop,Blonde,Amber,,Smirk,Steel,Teal,Tie,,,
1900,Light Blue,Devil,Classic Side,Charcoal,Amber,Dark Brown - Flat,Neutral,Steel,Green,Tie,Bluetooth Headset,,
1901,Sky Blue,Human,Long Side,Dark Brown,Amber,,Neutral,Slate,Red,Tie,Bluetooth Headset,,
1902,Slate,Human,Bald,,Violet,Taupe - Wide,Gray Beard,Purple,Gold,Tie,Headset,,
1903,Trading Floor Green,Robot,Bald,,Teal,Dark Brown - Flat,Smirk,Purple,Purple,Bow Tie,Sunglasses,,
1904,Bloomberg Orange,Human,Wide Top,Charcoal,Bull Candle,Light Brown - Flat,Open,Forest,Green,Bow Tie,Banded Frameless,,
1905,Bloomberg Orange,Human,Wavy,Light Brown,Green,Brown - Flat,Smirk,Navy,Teal,Tie,Sunglasses,,
1906,Pale Blue,Human,Bald,,Brown,Taupe - Wide,Open,Purple,Blue,Bow Tie,Headset,Diamond Hands,
1907,Trading Floor Green,Zombie,Wide Top,Charcoal,Green,Pink - Wide,Smirk,Forest,Green,Tie,Sunglasses,,
1908,Light Blue,Lemon,Short Crop,Light Brown,Violet,Light Brown - Wide,Blonde Mustache,Slate,Red,Bow Tie,Bluetooth Headset,,
1909,Trading Floor Green,Alien,Bald,,Slate Gray,Brown - Flat,Neutral,Purple,Red,Bow Tie,Crown,,
1910,Slate,Zombie,Short Crop,Light Brown,Slate Gray,Dark Brown - Flat,Neutral,Charcoal,Teal,Bow Tie,Banded Frameless,Insider,
1911,Slate,Human,Bald,,Teal,Light Brown - Flat,Blond Beard,Rainbow,Purple,Tie,,,
1912,Bloomberg Orange,Lemon,Tall,Jet Black,Navy,Taupe - Flat,Neutral,Charcoal,Gold,Tie,Bull Horns,,
1913,Trading Floor Green,Robot,Wide Top,Light Brown,Blue,Light Brown - Wide,Mustache,Steel,Red,Tie,Bull Horns,Insider,
1914,Steel,Zombie,Long Side,Brown,Slate Gray,Brown - Wide,Smirk,Forest,Green,Tie,Rimless Glasses,Whale,
1915,Slate,Robot,Classic Side,Jet Black,Blue,Taupe - Wide,Beard,Charcoal,Gold,Tie,Bull Horns,Whale,
1916,Light Blue,Shadow,Tall,Brown,Brown,Taupe - Flat,Smile,Slate,Red,Bow Tie,Headset,,
1917,Slate,Human,Classic Side,Brown,Green,Brown - Wide,Open,Charcoal,Red,Tie,Bluetooth Headset,Whale,
1918,Steel,Alien,Tall,Light Brown,Blue,Brown - Wide,Mustache,Slate,Red,Bow Tie,,Diamond Hands,
1919,Sky Blue,Zombie,Short Crop,Charcoal,Slate Gray,Taupe - Wide,Mustache,Purple,Gold,Tie,Banded Frameless,Diamond Hands,
1920,Bloomberg Orange,Devil,Wavy,Brown,Blue,Pink - Flat,Neutral,Navy,Purple,Tie,Rimless Glasses,,
1921,Tan,Human,Long Side,Dark Brown,Violet,Pink - Wide,Neutral,Charcoal,Purple,Tie,Rimless Glasses,Whale,
1922,Bloomberg Orange,Human,Wavy,Brown,Slate Gray,Clown Red - Wide,Blond Beard,Charcoal,Green,Bow Tie,Crown,Insider,
1923,Light Blue,Human,Wavy,Gray Brown,Slate Gray,Dark Brown - Flat,Smirk,Slate,Gold,Tie,Gold Banded Frameless,Diamond Hands,
1924,Pale Blue,Zombie,Short Crop,Light Brown,Amber,Taupe - Wide,Smirk,Forest,Gold,Tie,Bull Horns,Whale,
1925,Sky Blue,Human,Bald,,Amber,Light Brown - Flat,Neutral,Charcoal,Blue,Tie,Headset,,
1926,Sky Blue,Human,Classic Side,Blonde,Green,Dark Brown - Wide,Mustache,Navy,Gold,Tie,Bluetooth Headset,,
1927,Bloomberg Orange,Marshmallow,Wide Top,Blonde,Slate Gray,Pink - Wide,Gray Beard,Forest,Purple,Tie,Banded Frameless,,
1928,Slate,Zombie,Short Crop,Blonde,Violet,Taupe - Flat,Open,Steel,Blue,Bow Tie,Headset,Insider,
1929,Steel,Robot,Classic Side,Brown,Green,Taupe - Flat,Beard,Forest,Purple,Tie,Bluetooth Headset,Whale,
1930,Tan,Human,Wide Top,Blonde,Green,,Smile,Rainbow,Gold,Tie,Headset,,
1931,Slate,Zombie,Long Side,Jet Black,Green,Dark Brown - Flat,Mustache,Purple,Red,Tie,Golden Devil Horns,Diamond Hands,
1932,Bloomberg Orange,Devil,Long Side,Gray Brown,Amber,Brown - Wide,Beard,Steel,Blue,Tie,Headset,,
1933,Pale Blue,Human,Wide Top,Light Brown,Violet,Dark Brown - Wide,Smirk,Navy,Green,Tie,Gold Headset,,
1934,Pale Blue,Human,Short Crop,Dark Brown,Brown,Dark Brown - Wide,Neutral,Navy,Blue,Tie,Bull Horns,,
1935,Pale Blue,Lemon,Wide Top,Brown,Brown,Taupe - Wide,Neutral,Purple,Green,Tie,Banded Frameless,,
1936,Steel,Zombie,Long Side,Charcoal,Slate Gray,Brown - Flat,Open,Charcoal,Teal,Tie,Blue Boom Headset,,
1937,Tan,Human,Long Side,Blonde,Blue,Pink - Wide,Blond Beard,Slate,Teal,Tie,Blue Boom Headset,,
1938,Bloomberg Orange,Human,Wavy,Charcoal,Violet,Light Brown - Wide,Beard,Purple,Gold,Tie,Gold Banded Frameless,,
1939,Pale Blue,Alien,Short Crop,Dark Brown,Slate Gray,Taupe - Wide,Beard,Purple,Blue,Bow Tie,Gold Banded Frameless,,
1940,Tan,Alien,Short Crop,Gray Brown,Blue,Light Brown - Wide,Mustache,Forest,Gold,Tie,,Diamond Hands,
1941,Tan,Human,Wavy,Brown,Bull Candle,Light Brown - Flat,Smile,Navy,Purple,Tie,Bluetooth Headset,,
1942,Steel,Human,Classic Side,Charcoal,Slate Gray,,Open,Forest,Gold,Bow Tie,Bluetooth Headset,,
1943,Steel,Human,Short Crop,Gray Brown,Navy,Brown - Flat,Mustache,Slate,Gold,Bow Tie,Bluetooth Headset,,
1944,Trading Floor Green,Human,Long Side,Jet Black,Violet,,Smile,Purple,Gold,Tie,,,
1945,Light Blue,Robot,Wide Top,Gray Brown,Amber,Taupe - Flat,Beard,Charcoal,Teal,Bow Tie,Banded Frameless,Diamond Hands,
1946,Slate,Human,Short Crop,Brown,Amber,Taupe - Flat,Mustache,Forest,Gold,Tie,Sunglasses,,
1947,Steel,Shadow,Short Crop,Light Brown,Teal,Brown - Flat,Mustache,Steel,Blue,Tie,Bull Horns,Insider,
1948,Trading Floor Green,Human,Short Crop,Gray Brown,Blue,Taupe - Flat,Smirk,Purple,Gold,Tie,3D Glasses,,
1949,Light Blue,Devil,Bald,,Green,Light Brown - Wide,Neutral,Charcoal,Teal,Bow Tie,Sunglasses,Insider,
1950,Trading Floor Green,Devil,Classic Side,Charcoal,Navy,Light Brown - Flat,Blonde Mustache,Slate,Green,Tie,Golden Bull Horns,Whale,
1951,Steel,Shadow,Bald,,Teal,Light Brown - Wide,Neutral,Forest,Gold,Tie,Sunglasses,Diamond Hands,
1952,Light Blue,Lemon,Wavy,Blonde,Slate Gray,Taupe - Wide,Smirk,Steel,Teal,Tie,Banded Frameless,Whale,
1953,Steel,Human,Wavy,Charcoal,Violet,Taupe - Wide,Neutral,Purple,Teal,Bow Tie,Headset,Diamond Hands,
1954,Tan,Shadow,Wavy,Jet Black,Slate Gray,Brown - Flat,Smirk,Navy,Gold,Tie,,Diamond Hands,
1955,Steel,Human,Bald,,Blue,Taupe - Flat,Neutral,Purple,Gold,Bow Tie,3D Glasses,,
1956,Trading Floor Green,Alien,Short Crop,Gray Brown,Bull Candle,Taupe - Wide,Mustache,Steel,Teal,Tie,Devil Horns,,
1957,Trading Floor Green,Human,Wavy,Light Brown,Green,,Mustache,Charcoal,Teal,Tie,,,
1958,Trading Floor Green,Human,Wavy,Charcoal,Teal,,Open,Charcoal,Teal,Tie,Banded Frameless,,
1959,Tan,Zombie,Bald,,Slate Gray,Clown Red - Wide,Neutral,Purple,Red,Tie,Blue Boom Headset,,
1960,Tan,Devil,Tall,Jet Black,Green,Taupe - Wide,Smile,Pink,Teal,Tie,,,
1961,Tan,Human,Tall,Dark Brown,Slate Gray,Taupe - Wide,Smile,Steel,Purple,Bow Tie,,,
1962,Pale Blue,Alien,Wide Top,Charcoal,Green,Taupe - Wide,Open,Navy,Purple,Tie,3D Glasses,,
1963,Slate,Robot,Tall,Dark Brown,Brown,Light Brown - Wide,Mustache,Charcoal,Teal,Tie,Bull Horns,,
1964,Light Blue,Human,Wide Top,Charcoal,Blue,Dark Brown - Wide,Beard,Purple,Blue,Tie,3D Glasses,,
1965,Trading Floor Green,Zombie,Tall,Blonde,Brown,Light Brown - Flat,Blond Beard,Charcoal,Teal,Bow Tie,Sunglasses,Whale,
1966,Trading Floor Green,Lemon,Short Crop,Dark Brown,Amber,,Beard,Steel,Teal,Tie,Bluetooth Headset,Diamond Hands,
1967,Tan,Human,Classic Side,Jet Black,Violet,Brown - Wide,Blond Beard,Charcoal,Green,Tie,,Insider,
1968,Sky Blue,Human,Long Side,Dark Brown,Violet,Taupe - Flat,Neutral,Forest,Purple,Tie,,,
1969,Light Blue,Zombie,Bald,,Violet,Taupe - Wide,Open,Rainbow,Teal,Bow Tie,Blue Boom Headset,,
1970,Slate,Human,Classic Side,Jet Black,Slate Gray,Light Brown - Flat,Open,Steel,Teal,Tie,Headset,,
1971,Pale Blue,Marshmallow,Classic Side,Gray Brown,Navy,Brown - Wide,Smirk,Steel,Green,Tie,Gold Rims,Whale,
1972,Light Blue,Human,Long Side,Brown,Brown,Light Brown - Wide,Beard,Navy,Purple,Tie,Headset,,
1973,Tan,Lemon,Wavy,Blonde,Blue,Taupe - Flat,Mustache,Navy,Blue,Tie,Blue Boom Headset,,
1974,Light Blue,Robot,Wavy,Dark Brown,Slate Gray,Brown - Wide,Open,Forest,Blue,Bow Tie,Bull Horns,Whale,
1975,Sky Blue,Human,Classic Side,Charcoal,Blue,,Open,Steel,Teal,Bow Tie,Bluetooth Headset,,
1976,Steel,Zombie,Wide Top,Jet Black,Navy,Clown Red - Wide,Mustache,Forest,Gold,Bow Tie,Bull Horns,Diamond Hands,
1977,Steel,Alien,Classic Side,Jet Black,Blue,Pink - Flat,Smile,Charcoal,Red,Tie,Golden Devil Horns,,
1978,Trading Floor Green,Marshmallow,Wavy,Blonde,Violet,Light Brown - Wide,Beard,Steel,Gold,Tie,Sunglasses,Whale,
1979,Trading Floor Green,Shadow,Wide Top,Charcoal,Slate Gray,Light Brown - Flat,Smirk,Charcoal,Red,Tie,Blue Boom Headset,,
1980,Slate,Human,Long Side,Blonde,Blue,Pink - Wide,Mustache,Charcoal,Red,Tie,Sunglasses,,
1981,Pale Blue,Human,Long Side,Brown,Teal,Brown - Flat,Smile,Slate,Red,Tie,Blue Boom Headset,Whale,
1982,Slate,Human,Bald,,Amber,,Mustache,Purple,Red,Tie,Sunglasses,,
1983,Slate,Shadow,Tall,Light Brown,Navy,,Neutral,Forest,Purple,Tie,Banded Frameless,,Cream
1984,Pale Blue,Shadow,Short Crop,Charcoal,Navy,Taupe - Wide,Blonde Mustache,Navy,Teal,Tie,Headset,,
1985,Sky Blue,Devil,Short Crop,Light Brown,Brown,Brown - Flat,Smirk,Forest,Gold,Tie,Bluetooth Headset,,
1986,Light Blue,Human,Wavy,Light Brown,Teal,Brown - Wide,Open,Forest,Teal,Bow Tie,Headset,Whale,
1987,Pale Blue,Robot,Wavy,Charcoal,Teal,Brown - Flat,Open,Purple,Gold,Tie,Headset,Diamond Hands,
1988,Bloomberg Orange,Devil,Bald,,Slate Gray,,Neutral,Navy,Gold,Tie,Headset,,
1989,Pale Blue,Human,Short Crop,Dark Brown,Blue,,Blonde Mustache,Forest,Blue,Tie,Bull Horns,,
1990,Slate,Alien,Wavy,Light Brown,Teal,Taupe - Flat,Beard,Charcoal,Green,Bow Tie,Bull Horns,,
1991,Steel,Shadow,Tall,Charcoal,Teal,Dark Brown - Flat,Open,Navy,Red,Tie,Bull Horns,Insider,
1992,Bloomberg Orange,Human,Short Crop,Gray Brown,Amber,Dark Brown - Flat,Open,Steel,Red,Tie,Devil Horns,,
1993,Steel,Shadow,Classic Side,Light Brown,Green,Brown - Flat,Neutral,Navy,Purple,Tie,Headset,,
1994,Pale Blue,Marshmallow,Bald,,Slate Gray,Brown - Flat,Open,Purple,Teal,Tie,Sunglasses,,
1995,Tan,Robot,Tall,Jet Black,Teal,Brown - Wide,Blond Beard,Steel,Blue,Tie,Sunglasses,Whale,
1996,Steel,Devil,Short Crop,Charcoal,Green,Pink - Flat,Smile,Red,Gold,Bow Tie,,,
1997,Light Blue,Shadow,Short Crop,Blonde,Amber,Brown - Flat,Mustache,Purple,Red,Tie,Gold Rims,,
1998,Pale Blue,Shadow,Classic Side,Blonde,Teal,Taupe - Wide,Mustache,Purple,Purple,Tie,Sunglasses,Diamond Hands,
1999,Slate,Alien,Long Side,Gray Brown,Green,Taupe - Wide,Smirk,Forest,Teal,Tie,Gold Banded Frameless,,
2000,Light Blue,Human,Classic Side,Blonde,Navy,Light Brown - Flat,Beard,Charcoal,Red,Tie,Crown,Insider,
2001,Slate,Human,Bald,,Teal,Pink - Wide,Beard,Purple,Teal,Bow Tie,Banded Frameless,,
2002,Slate,Lemon,Wide Top,Brown,Amber,Light Brown - Wide,Smirk,Charcoal,Green,Tie,Headset,Whale,
2003,Sky Blue,Zombie,Wide Top,Brown,Slate Gray,Light Brown - Flat,Smirk,Navy,Purple,Tie,Gold Headset,,
2004,Pale Blue,Human,Tall,Dark Brown,Navy,Pink - Wide,Smile,Red,Green,Tie,3D Glasses,,
2005,Trading Floor Green,Human,Tall,Blonde,Slate Gray,Brown - Wide,Open,Charcoal,Green,Tie,,,
2006,Sky Blue,Devil,Long Side,Charcoal,Blue,Dark Brown - Wide,Beard,Charcoal,Gold,Bow Tie,,,
2007,Sky Blue,Devil,Tall,Light Brown,Slate Gray,Brown - Flat,Beard,Slate,Green,Tie,Sunglasses,Whale,
2008,Trading Floor Green,Devil,Bald,,Blue,,Neutral,Purple,Purple,Bow Tie,Sunglasses,Insider,
2009,Steel,Human,Short Crop,Dark Brown,Slate Gray,Taupe - Flat,Mustache,Purple,Green,Tie,3D Glasses,,
2010,Pale Blue,Human,Classic Side,Gray Brown,Blue,Taupe - Flat,Neutral,Steel,Green,Tie,Bull Horns,Whale,
2011,Bloomberg Orange,Human,Long Side,Brown,Brown,,Beard,Steel,Green,Tie,Bluetooth Headset,Diamond Hands,
2012,Trading Floor Green,Robot,Wide Top,Gray Brown,Blue,Light Brown - Wide,Smile,Navy,Gold,Tie,Gold Banded Frameless,,
2013,Steel,Robot,Long Side,Dark Brown,Navy,,Open,Purple,Blue,Tie,Sunglasses,,
2014,Trading Floor Green,Zombie,Short Crop,Light Brown,Brown,Pink - Flat,Beard,Slate,Green,Bow Tie,Blue Boom Headset,,
2015,Trading Floor Green,Lemon,Short Crop,Charcoal,Slate Gray,Pink - Flat,Mustache,Steel,Red,Tie,,Diamond Hands,
2016,Sky Blue,Devil,Bald,,Brown,Light Brown - Flat,Beard,Charcoal,Green,Bow Tie,Sunglasses,,
2017,Light Blue,Robot,Short Crop,Charcoal,Teal,Pink - Wide,Mustache,Slate,Purple,Tie,,Whale,
2018,Pale Blue,Human,Bald,,Brown,Taupe - Wide,Smirk,Rainbow,Green,Tie,Banded Frameless,,
2019,Pale Blue,Human,Bald,,Green,Dark Brown - Wide,Blonde Mustache,Slate,Blue,Tie,,Diamond Hands,
2020,Tan,Marshmallow,Tall,Dark Brown,Violet,,Neutral,Forest,Teal,Tie,Rimless Glasses,Insider,
2021,Sky Blue,Human,Wavy,Brown,Green,Light Brown - Wide,Open,Slate,Blue,Tie,Crown,Diamond Hands,
2022,Trading Floor Green,Alien,Bald,,Brown,Brown - Flat,Open,Steel,Purple,Bow Tie,Golden Devil Horns,Diamond Hands,
2023,Light Blue,Human,Wide Top,Dark Brown,Slate Gray,Light Brown - Wide,Mustache,Pink,Purple,Tie,Crown,Insider,
2024,Light Blue,Devil,Classic Side,Dark Brown,Navy,Pink - Flat,Smile,Steel,Gold,Tie,Sunglasses,Insider,
2025,Pale Blue,Human,Classic Side,Charcoal,Blue,Pink - Flat,Smile,Pink,Gold,Tie,3D Glasses,Diamond Hands,
2026,Trading Floor Green,Human,Bald,,Navy,Pink - Flat,Mustache,Navy,Gold,Bow Tie,Rimless Glasses,Insider,
2027,Steel,Alien,Bald,,Blue,Pink - Flat,Smirk,Navy,Purple,Bow Tie,Headset,Diamond Hands,
2028,Bloomberg Orange,Alien,Bald,,Brown,,Neutral,Charcoal,Green,Tie,3D Glasses,,
2029,Sky Blue,Robot,Wide Top,Blonde,Amber,Light Brown - Wide,Blonde Mustache,Steel,Gold,Tie,Bluetooth Headset,Whale,
2030,Steel,Marshmallow,Wide Top,Gray Brown,Amber,Pink - Wide,Neutral,Purple,Red,Tie,,,
2031,Bloomberg Orange,Robot,Classic Side,Jet Black,Violet,Pink - Flat,Mustache,Rainbow,Red,Tie,Headset,,
2032,Tan,Human,Wavy,Gray Brown,Amber,Pink - Flat,Beard,Purple,Teal,Tie,Rimless Glasses,,
2033,Slate,Lemon,Bald,,Violet,Taupe - Flat,Mustache,Steel,Teal,Bow Tie,,,
2034,Trading Floor Green,Shadow,Tall,Jet Black,Brown,Taupe - Flat,Neutral,Navy,Green,Tie,Blue Boom Headset,,
2035,Slate,Human,Wide Top,Blonde,Bull Candle,Light Brown - Flat,Mustache,Charcoal,Red,Tie,Banded Frameless,,
2036,Tan,Human,Wavy,Gray Brown,Teal,Dark Brown - Wide,Mustache,Charcoal,Purple,Tie,Devil Horns,,
2037,Pale Blue,Devil,Tall,Brown,Slate Gray,Dark Brown - Flat,Blond Beard,Navy,Gold,Tie,Rimless Glasses,,
2038,Light Blue,Human,Bald,,Green,Pink - Flat,Blond Beard,Steel,Blue,Tie,,Whale,
2039,Sky Blue,Robot,Classic Side,Light Brown,Blue,Taupe - Flat,Smile,Slate,Blue,Tie,Bluetooth Headset,Diamond Hands,
2040,Tan,Devil,Wavy,Dark Brown,Slate Gray,Brown - Wide,Blond Beard,Slate,Teal,Tie,Sunglasses,,
2041,Pale Blue,Human,Bald,,Navy,Light Brown - Wide,Beard,Purple,Green,Tie,Banded Frameless,,
2042,Pale Blue,Human,Long Side,Gray Brown,Blue,Pink - Flat,Neutral,Purple,Gold,Bow Tie,Blue Boom Headset,Diamond Hands,
2043,Sky Blue,Marshmallow,Short Crop,Dark Brown,Navy,Taupe - Flat,Open,Forest,Purple,Bow Tie,Sunglasses,Whale,
2044,Trading Floor Green,Human,Tall,Brown,Green,Light Brown - Flat,Neutral,Forest,Red,Tie,Banded Frameless,Diamond Hands,
2045,Pale Blue,Marshmallow,Long Side,Blonde,Teal,Taupe - Flat,Gray Beard,Navy,Gold,Tie,Bull Horns,Diamond Hands,
2046,Pale Blue,Human,Short Crop,Charcoal,Blue,Brown - Flat,Blonde Mustache,Slate,Blue,Tie,3D Glasses,,
2047,Steel,Human,Wide Top,Gray Brown,Slate Gray,Brown - Wide,Gray Beard,Charcoal,Blue,Tie,,,
2048,Light Blue,Lemon,Long Side,Dark Brown,Blue,Taupe - Flat,Smile,Slate,Blue,Bow Tie,Rimless Glasses,,
2049,Steel,Zombie,Classic Side,Light Brown,Blue,Brown - Flat,Neutral,Navy,Gold,Tie,Bluetooth Headset,Whale,
2050,Bloomberg Orange,Lemon,Wavy,Blonde,Teal,Brown - Wide,Smirk,Navy,Purple,Tie,Bluetooth Headset,Diamond Hands,
2051,Light Blue,Alien,Wide Top,Gray Brown,Green,Dark Brown - Flat,Mustache,Charcoal,Purple,Tie,Bluetooth Headset,,
2052,Steel,Lemon,Tall,Charcoal,Blue,Pink - Flat,Smirk,Purple,Green,Tie,3D Glasses,Insider,
2053,Slate,Marshmallow,Long Side,Dark Brown,Amber,Dark Brown - Flat,Beard,Forest,Teal,Tie,3D Glasses,,
2054,Tan,Human,Long Side,Blonde,Green,Dark Brown - Flat,Beard,Purple,Purple,Tie,Sunglasses,,
2055,Sky Blue,Shadow,Classic Side,Dark Brown,Navy,Taupe - Wide,Open,Purple,Gold,Bow Tie,Bull Horns,,
2056,Slate,Devil,Classic Side,Brown,Blue,,Smirk,Charcoal,Red,Tie,,Diamond Hands,
2057,Slate,Human,Tall,Light Brown,Bull Candle,Dark Brown - Flat,Smirk,Charcoal,Purple,Bow Tie,3D Glasses,,
2058,Steel,Alien,Wide Top,Blonde,Violet,Light Brown - Wide,Gray Beard,Slate,Green,Tie,3D Glasses,,
2059,Tan,Human,Short Crop,Charcoal,Navy,Taupe - Wide,Gray Beard,Purple,Blue,Tie,Sunglasses,Insider,
2060,Light Blue,Shadow,Long Side,Dark Brown,Violet,Dark Brown - Flat,Gold Tooth,Slate,Teal,Tie,Headset,,
2061,Bloomberg Orange,Human,Bald,,Blue,Pink - Flat,Smile,Steel,Blue,Bow Tie,Bull Horns,Diamond Hands,
2062,Trading Floor Green,Zombie,Bald,,Slate Gray,Dark Brown - Wide,Beard,Slate,Red,Bow Tie,Bull Horns,,
2063,Pale Blue,Human,Long Side,Jet Black,Blue,Dark Brown - Flat,Neutral,Slate,Blue,Tie,3D Glasses,,
2064,Sky Blue,Devil,Tall,Brown,Green,Brown - Flat,Mustache,Steel,Teal,Tie,Headset,Whale,
2065,Trading Floor Green,Human,Classic Side,Gray Brown,Teal,Brown - Flat,Neutral,Slate,Blue,Tie,Headset,,
2066,Steel,Human,Short Crop,Jet Black,Navy,Pink - Flat,Beard,Navy,Gold,Bow Tie,Golden Bull Horns,,
2067,Pale Blue,Alien,Short Crop,Gray Brown,Slate Gray,Brown - Wide,Neutral,Slate,Green,Tie,,,
2068,Tan,Human,Bald,,Navy,Light Brown - Wide,Mustache,Navy,Gold,Tie,Bull Horns,,
2069,Pale Blue,Lemon,Bald,,Blue,Brown - Flat,Open,Slate,Red,Tie,,,
2070,Trading Floor Green,Human,Classic Side,Light Brown,Navy,Brown - Flat,Mustache,Charcoal,Green,Tie,Banded Frameless,Diamond Hands,
2071,Sky Blue,Lemon,Bald,,Blue,Brown - Wide,Smirk,Forest,Teal,Tie,Banded Frameless,,
2072,Trading Floor Green,Human,Long Side,Gray Brown,Brown,Pink - Wide,Beard,Navy,Blue,Tie,Crown,,
2073,Light Blue,Zombie,Wide Top,Dark Brown,Navy,Light Brown - Flat,Neutral,Navy,Gold,Tie,Bluetooth Headset,Whale,
2074,Tan,Human,Tall,Dark Brown,Amber,Pink - Wide,Neutral,Charcoal,Gold,Bow Tie,Bull Horns,,
2075,Tan,Alien,Classic Side,Light Brown,Violet,Pink - Wide,Smile,Forest,Teal,Bow Tie,Crown,,
2076,Steel,Human,Short Crop,Light Brown,Slate Gray,Brown - Flat,Open,Navy,Teal,Tie,Bluetooth Headset,,
2077,Trading Floor Green,Human,Short Crop,Brown,Green,Brown - Wide,Open,Steel,Teal,Tie,Bluetooth Headset,,
2078,Slate,Human,Wavy,Light Brown,Slate Gray,,Open,Navy,Red,Tie,,Insider,
2079,Slate,Zombie,Long Side,Blonde,Teal,Taupe - Flat,Beard,Charcoal,Teal,Bow Tie,3D Glasses,,
2080,Sky Blue,Lemon,Tall,Light Brown,Brown,Dark Brown - Wide,Mustache,Navy,Red,Bow Tie,Crown,,
2081,Slate,Shadow,Tall,Jet Black,Brown,Dark Brown - Flat,Mustache,Purple,Teal,Tie,Headset,,
2082,Steel,Marshmallow,Short Crop,Brown,Slate Gray,Taupe - Wide,Neutral,Navy,Red,Tie,Bull Horns,Whale,
2083,Steel,Human,Wide Top,Light Brown,Navy,Light Brown - Wide,Mustache,Steel,Teal,Tie,Bluetooth Headset,Insider,
2084,Trading Floor Green,Shadow,Short Crop,Gray Brown,Navy,Brown - Flat,Neutral,Forest,Purple,Tie,Devil Horns,,
2085,Pale Blue,Shadow,Short Crop,Blonde,Teal,Light Brown - Flat,Neutral,Purple,Blue,Tie,Blue Boom Headset,,
2086,Slate,Human,Tall,Charcoal,Brown,Pink - Flat,Open,Steel,Blue,Tie,Sunglasses,Diamond Hands,
2087,Light Blue,Human,Wide Top,Light Brown,Green,Brown - Wide,Mustache,Navy,Gold,Tie,Headset,Whale,
2088,Pale Blue,Zombie,Classic Side,Gray Brown,Navy,Taupe - Wide,Neutral,Forest,Purple,Tie,Bluetooth Headset,Insider,
2089,Light Blue,Lemon,Bald,,Slate Gray,Pink - Flat,Mustache,Steel,Purple,Tie,Rimless Glasses,Diamond Hands,
2090,Steel,Lemon,Wavy,Charcoal,Brown,Pink - Flat,Open,Pink,Teal,Tie,Devil Horns,Diamond Hands,
2091,Light Blue,Human,Tall,Blonde,Amber,Dark Brown - Flat,Beard,Charcoal,Green,Tie,Golden Bull Horns,,
2092,Steel,Human,Classic Side,Gray Brown,Green,Dark Brown - Wide,Gray Beard,Purple,Gold,Tie,Headset,,
2093,Trading Floor Green,Human,Wavy,Blonde,Brown,Taupe - Flat,Neutral,Slate,Blue,Tie,3D Glasses,,
2094,Bloomberg Orange,Human,Bald,,Violet,Dark Brown - Wide,Mustache,Steel,Green,Tie,Headset,,
2095,Sky Blue,Shadow,Wavy,Brown,Violet,Pink - Flat,Beard,Charcoal,Gold,Tie,,,
2096,Trading Floor Green,Human,Wavy,Jet Black,Slate Gray,Taupe - Flat,Mustache,Slate,Green,Tie,Sunglasses,,
2097,Steel,Human,Short Crop,Gray Brown,Slate Gray,Pink - Flat,Mustache,Purple,Blue,Tie,Headset,,
2098,Slate,Human,Short Crop,Light Brown,Blue,Brown - Flat,Mustache,Charcoal,Teal,Tie,Headset,,
2099,Pale Blue,Human,Short Crop,Gray Brown,Green,Pink - Flat,Gray Beard,Purple,Red,Tie,Rimless Glasses,,
2100,Trading Floor Green,Devil,Short Crop,Jet Black,Slate Gray,Light Brown - Wide,Neutral,Slate,Green,Tie,Headset,Whale,
2101,Light Blue,Robot,Long Side,Gray Brown,Blue,Light Brown - Wide,Neutral,Navy,Blue,Bow Tie,Rimless Glasses,Insider,
2102,Steel,Zombie,Bald,,Navy,Brown - Wide,Neutral,Steel,Green,Bow Tie,Bluetooth Headset,,
2103,Steel,Human,Long Side,Dark Brown,Blue,Dark Brown - Flat,Smile,Steel,Red,Bow Tie,Crown,Diamond Hands,
2104,Pale Blue,Human,Tall,Brown,Navy,,Smirk,Forest,Blue,Tie,3D Glasses,Whale,
2105,Light Blue,Human,Wavy,Dark Brown,Teal,Brown - Flat,Open,Slate,Red,Tie,3D Glasses,Insider,
2106,Trading Floor Green,Marshmallow,Bald,,Brown,Dark Brown - Wide,Neutral,Slate,Green,Tie,Gold Banded Frameless,,
2107,Steel,Shadow,Long Side,Charcoal,Violet,Pink - Wide,Smirk,Slate,Green,Tie,Banded Frameless,,
2108,Tan,Robot,Wide Top,Blonde,Green,Dark Brown - Wide,Open,Purple,Purple,Tie,Rimless Glasses,,
2109,Bloomberg Orange,Human,Short Crop,Blonde,Amber,Dark Brown - Flat,Beard,Charcoal,Purple,Tie,Bull Horns,Whale,
2110,Trading Floor Green,Robot,Wide Top,Brown,Green,Light Brown - Flat,Open,Charcoal,Red,Tie,,Diamond Hands,
2111,Slate,Human,Wide Top,Gray Brown,Navy,Light Brown - Wide,Neutral,Charcoal,Purple,Tie,Gold Banded Frameless,,
2112,Sky Blue,Alien,Tall,Light Brown,Amber,Brown - Flat,Blond Beard,Forest,Purple,Tie,Blue Boom Headset,Diamond Hands,
2113,Bloomberg Orange,Alien,Classic Side,Jet Black,Teal,Taupe - Flat,Smirk,Steel,Green,Tie,Gold Headset,,
2114,Tan,Human,Long Side,Charcoal,Green,Light Brown - Flat,Smirk,Steel,Purple,Tie,Golden Bull Horns,,
2115,Light Blue,Zombie,Wide Top,Brown,Slate Gray,Taupe - Wide,Open,Steel,Teal,Bow Tie,3D Glasses,,
2116,Pale Blue,Devil,Wide Top,Gray Brown,Blue,Brown - Flat,Blonde Mustache,Navy,Teal,Tie,Sunglasses,,
2117,Pale Blue,Lemon,Wavy,Charcoal,Slate Gray,Brown - Flat,Open,Slate,Red,Tie,Bluetooth Headset,,
2118,Light Blue,Human,Long Side,Dark Brown,Brown,Taupe - Flat,Neutral,Purple,Gold,Tie,Headset,Whale,
2119,Sky Blue,Devil,Wide Top,Light Brown,Brown,Brown - Wide,Smile,Navy,Gold,Tie,Eye Patch,,
2120,Light Blue,Shadow,Wide Top,Light Brown,Brown,Pink - Wide,Beard,Navy,Green,Bow Tie,Sunglasses,Insider,
2121,Sky Blue,Human,Classic Side,Jet Black,Slate Gray,,Blond Beard,Slate,Gold,Bow Tie,Rimless Glasses,,
2122,Steel,Alien,Bald,,Violet,Pink - Wide,Blond Beard,Purple,Gold,Tie,Blue Boom Headset,Diamond Hands,
2123,Steel,Robot,Classic Side,Dark Brown,Navy,Light Brown - Flat,Neutral,Purple,Blue,Tie,3D Glasses,,
2124,Trading Floor Green,Devil,Tall,Gray Brown,Green,Taupe - Wide,Smile,Steel,Green,Tie,Sunglasses,Whale,
2125,Light Blue,Human,Bald,,Amber,Light Brown - Flat,Smile,Steel,Blue,Tie,Sunglasses,,
2126,Trading Floor Green,Alien,Tall,Brown,Amber,Dark Brown - Wide,Smirk,Slate,Gold,Tie,Banded Frameless,,
2127,Light Blue,Human,Long Side,Jet Black,Blue,Light Brown - Wide,Open,Charcoal,Blue,Tie,Headset,Insider,
2128,Bloomberg Orange,Human,Bald,,Slate Gray,Brown - Flat,Smile,Forest,Green,Tie,Headset,,
2129,Steel,Zombie,Short Crop,Blonde,Amber,,Open,Steel,Gold,Tie,Bull Horns,,
2130,Pale Blue,Zombie,Classic Side,Gray Brown,Teal,Taupe - Wide,Open,Purple,Gold,Bow Tie,3D Glasses,Diamond Hands,Cream
2131,Bloomberg Orange,Alien,Tall,Dark Brown,Violet,Taupe - Flat,Gray Beard,Navy,Teal,Tie,,,
2132,Sky Blue,Devil,Tall,Charcoal,Green,Taupe - Flat,Open,Purple,Blue,Tie,Gold Banded Frameless,,
2133,Tan,Shadow,Wavy,Brown,Amber,Light Brown - Flat,Mustache,Forest,Teal,Tie,Headset,,
2134,Pale Blue,Shadow,Bald,,Green,Light Brown - Flat,Smirk,Purple,Purple,Tie,Rimless Glasses,Whale,
2135,Slate,Human,Classic Side,Charcoal,Blue,,Smirk,Forest,Blue,Tie,,Insider,
2136,Tan,Human,Classic Side,Charcoal,Slate Gray,Brown - Flat,Blond Beard,Charcoal,Blue,Tie,Gold Headset,Diamond Hands,
2137,Steel,Zombie,Short Crop,Light Brown,Green,Pink - Wide,Blond Beard,Steel,Red,Tie,Blue Boom Headset,,
2138,Steel,Human,Tall,Dark Brown,Violet,Taupe - Flat,Smile,Steel,Green,Tie,Gold Banded Frameless,,
2139,Tan,Shadow,Classic Side,Gray Brown,Teal,Taupe - Wide,Neutral,Navy,Blue,Tie,Rimless Glasses,,
2140,Steel,Alien,Wavy,Brown,Violet,Taupe - Flat,Open,Slate,Blue,Tie,Banded Frameless,,
2141,Slate,Human,Wavy,Jet Black,Green,Brown - Wide,Beard,Steel,Red,Tie,Headset,,
2142,Pale Blue,Human,Short Crop,Jet Black,Amber,Dark Brown - Wide,Blonde Mustache,Charcoal,Blue,Tie,Monocle,,
2143,Sky Blue,Human,Bald,,Brown,Taupe - Flat,Beard,Steel,Purple,Tie,Devil Horns,,
2144,Slate,Alien,Classic Side,Gray Brown,Violet,Brown - Flat,Beard,Steel,Teal,Tie,Bluetooth Headset,,
2145,Trading Floor Green,Lemon,Wide Top,Brown,Teal,Light Brown - Flat,Smirk,Purple,Green,Bow Tie,3D Glasses,,
2146,Slate,Human,Wide Top,Gray Brown,Navy,Taupe - Flat,Mustache,Slate,Teal,Tie,Monocle,,
2147,Trading Floor Green,Human,Bald,,Amber,Taupe - Wide,Open,Charcoal,Gold,Tie,Bluetooth Headset,Insider,
2148,Bloomberg Orange,Lemon,Tall,Jet Black,Teal,Light Brown - Wide,Open,Red,Teal,Bow Tie,,,
2149,Tan,Human,Tall,Brown,Slate Gray,Light Brown - Flat,Mustache,Steel,Teal,Bow Tie,Bluetooth Headset,Whale,
2150,Tan,Zombie,Bald,,Violet,Pink - Wide,Mustache,Charcoal,Gold,Tie,Rimless Glasses,Diamond Hands,
2151,Sky Blue,Human,Short Crop,Dark Brown,Teal,Taupe - Wide,Neutral,Navy,Purple,Tie,Headset,,
2152,Bloomberg Orange,Human,Long Side,Dark Brown,Navy,Pink - Flat,Open,Charcoal,Red,Tie,Banded Frameless,Diamond Hands,
2153,Bloomberg Orange,Human,Tall,Light Brown,Slate Gray,Brown - Wide,Open,Navy,Teal,Tie,,Insider,
2154,Tan,Marshmallow,Wide Top,Blonde,Slate Gray,,Beard,Navy,Gold,Bow Tie,Bull Horns,,
2155,Steel,Marshmallow,Classic Side,Blonde,Teal,Taupe - Wide,Mustache,Charcoal,Purple,Tie,Headset,Insider,
2156,Bloomberg Orange,Devil,Wide Top,Gray Brown,Amber,Taupe - Wide,Mustache,Forest,Red,Bow Tie,Crown,Diamond Hands,
2157,Light Blue,Lemon,Short Crop,Dark Brown,Violet,,Mustache,Steel,Teal,Tie,Sunglasses,,
2158,Tan,Human,Wavy,Blonde,Slate Gray,Dark Brown - Wide,Neutral,Slate,Purple,Tie,Sunglasses,Whale,
2159,Trading Floor Green,Shadow,Wide Top,Blonde,Teal,Pink - Wide,Neutral,Slate,Green,Tie,Rimless Glasses,,
2160,Trading Floor Green,Human,Tall,Blonde,Teal,Dark Brown - Wide,Smirk,Charcoal,Green,Tie,Eye Patch,Diamond Hands,
2161,Bloomberg Orange,Alien,Bald,,Violet,Taupe - Wide,Smile,Navy,Green,Tie,3D Glasses,Whale,
2162,Pale Blue,Human,Tall,Light Brown,Slate Gray,Light Brown - Flat,Blond Beard,Forest,Teal,Tie,Headset,,
2163,Light Blue,Alien,Wavy,Gray Brown,Violet,Pink - Wide,Smile,Forest,Red,Tie,Eye Patch,Diamond Hands,
2164,Light Blue,Robot,Wide Top,Dark Brown,Violet,Taupe - Flat,Smirk,Navy,Gold,Bow Tie,Bull Horns,,
2165,Sky Blue,Lemon,Long Side,Gray Brown,Brown,Brown - Flat,Blond Beard,Steel,Green,Tie,Bluetooth Headset,,Cream
2166,Trading Floor Green,Robot,Wide Top,Light Brown,Green,Brown - Wide,Smile,Purple,Teal,Tie,Golden Bull Horns,,
2167,Steel,Lemon,Classic Side,Dark Brown,Slate Gray,Brown - Wide,Smirk,Slate,Teal,Tie,,,
2168,Trading Floor Green,Human,Wavy,Charcoal,Navy,Light Brown - Flat,Beard,Steel,Purple,Tie,Headset,Diamond Hands,
2169,Sky Blue,Robot,Wavy,Brown,Amber,Light Brown - Wide,Open,Steel,Green,Tie,Bull Horns,,
2170,Steel,Human,Short Crop,Gray Brown,Brown,Dark Brown - Flat,Beard,Purple,Gold,Tie,Bluetooth Headset,Whale,
2171,Bloomberg Orange,Robot,Wide Top,Brown,Green,Brown - Flat,Open,Purple,Teal,Tie,Bluetooth Headset,,
2172,Bloomberg Orange,Robot,Tall,Blonde,Teal,Pink - Flat,Neutral,Slate,Red,Tie,,,
2173,Sky Blue,Robot,Wide Top,Brown,Violet,Taupe - Wide,Open,Purple,Teal,Bow Tie,Blue Boom Headset,Insider,
2174,Tan,Human,Short Crop,Gray Brown,Amber,Pink - Wide,Smile,Slate,Purple,Tie,3D Glasses,,
2175,Light Blue,Human,Tall,Jet Black,Blue,Brown - Wide,Open,Steel,Green,Tie,Gold Banded Frameless,,
2176,Steel,Shadow,Wide Top,Jet Black,Amber,Dark Brown - Flat,Mustache,Steel,Purple,Tie,Crown,Diamond Hands,
2177,Light Blue,Alien,Short Crop,Brown,Green,Pink - Flat,Smile,Slate,Gold,Tie,Rimless Glasses,Whale,
2178,Trading Floor Green,Lemon,Bald,,Amber,Pink - Flat,Mustache,Red,Red,Bow Tie,Sunglasses,,
2179,Slate,Human,Long Side,Jet Black,Brown,Pink - Wide,Open,Slate,Green,Tie,Bluetooth Headset,,
2180,Light Blue,Alien,Classic Side,Gray Brown,Teal,Brown - Flat,Mustache,Navy,Blue,Tie,,Whale,
2181,Trading Floor Green,Devil,Short Crop,Jet Black,Amber,Pink - Wide,Mustache,Charcoal,Purple,Tie,Banded Frameless,,
2182,Bloomberg Orange,Human,Bald,,Navy,Light Brown - Wide,Smirk,Charcoal,Teal,Tie,Sunglasses,,
2183,Slate,Human,Wavy,Brown,Teal,Taupe - Wide,Open,Slate,Blue,Tie,Gold Banded Frameless,,
2184,Slate,Human,Classic Side,Gray Brown,Bull Candle,Taupe - Wide,Smile,Slate,Red,Tie,Bluetooth Headset,Diamond Hands,
2185,Pale Blue,Lemon,Bald,,Green,Taupe - Flat,Smirk,Forest,Green,Tie,3D Glasses,,
2186,Sky Blue,Marshmallow,Classic Side,Light Brown,Violet,Brown - Flat,Blonde Mustache,Navy,Teal,Tie,Sunglasses,,
2187,Steel,Human,Classic Side,Blonde,Slate Gray,Brown - Flat,Mustache,Forest,Gold,Bow Tie,Sunglasses,Whale,
2188,Bloomberg Orange,Marshmallow,Wide Top,Jet Black,Green,,Neutral,Purple,Red,Tie,3D Glasses,,
2189,Sky Blue,Robot,Tall,Gray Brown,Blue,Pink - Flat,Open,Charcoal,Purple,Tie,Headset,,
2190,Sky Blue,Devil,Classic Side,Charcoal,Blue,,Mustache,Charcoal,Purple,Tie,Bluetooth Headset,,
2191,Bloomberg Orange,Human,Tall,Dark Brown,Teal,,Smile,Slate,Red,Tie,Rimless Glasses,,
2192,Pale Blue,Human,Tall,Brown,Green,Pink - Flat,Blond Beard,Purple,Green,Tie,Bluetooth Headset,,
2193,Tan,Marshmallow,Wide Top,Charcoal,Amber,Dark Brown - Flat,Neutral,Steel,Red,Tie,Headset,,
2194,Light Blue,Alien,Wavy,Brown,Navy,,Beard,Purple,Gold,Tie,3D Glasses,,
2195,Pale Blue,Alien,Wavy,Light Brown,Violet,Dark Brown - Flat,Smirk,Forest,Purple,Bow Tie,Rimless Glasses,,
2196,Bloomberg Orange,Shadow,Long Side,Light Brown,Brown,Brown - Flat,Mustache,Steel,Gold,Tie,Bluetooth Headset,,
2197,Bloomberg Orange,Marshmallow,Tall,Charcoal,Navy,Light Brown - Flat,Mustache,Navy,Green,Tie,Bluetooth Headset,Diamond Hands,
2198,Trading Floor Green,Alien,Wide Top,Light Brown,Amber,Pink - Flat,Open,Navy,Blue,Tie,Rimless Glasses,,
2199,Trading Floor Green,Shadow,Long Side,Gray Brown,Brown,Light Brown - Flat,Open,Charcoal,Blue,Tie,Bull Horns,,
2200,Light Blue,Human,Wavy,Charcoal,Brown,Pink - Wide,Neutral,Navy,Green,Tie,Blue Boom Headset,,
2201,Trading Floor Green,Alien,Classic Side,Gray Brown,Blue,Dark Brown - Flat,Smile,Slate,Red,Tie,Bluetooth Headset,Insider,
2202,Tan,Lemon,Short Crop,Dark Brown,Slate Gray,Dark Brown - Wide,Blond Beard,Purple,Teal,Tie,,Diamond Hands,
2203,Sky Blue,Human,Tall,Light Brown,Green,,Beard,Navy,Blue,Tie,Bull Horns,Diamond Hands,
2204,Steel,Human,Wide Top,Charcoal,Brown,Pink - Wide,Open,Steel,Blue,Tie,Bluetooth Headset,,
2205,Tan,Zombie,Long Side,Jet Black,Slate Gray,Clown Red - Wide,Mustache,Navy,Blue,Tie,3D Glasses,,
2206,Light Blue,Devil,Wide Top,Light Brown,Amber,Light Brown - Wide,Neutral,Navy,Blue,Bow Tie,3D Glasses,,
2207,Light Blue,Robot,Classic Side,Charcoal,Brown,Dark Brown - Flat,Open,Forest,Teal,Tie,Devil Horns,,
2208,Pale Blue,Marshmallow,Long Side,Dark Brown,Violet,Taupe - Flat,Smile,Forest,Green,Tie,Devil Horns,,
2209,Steel,Robot,Long Side,Light Brown,Violet,Taupe - Wide,Mustache,Navy,Gold,Bow Tie,,,
2210,Light Blue,Alien,Long Side,Brown,Slate Gray,Brown - Flat,Gray Beard,Steel,Red,Tie,Sunglasses,Insider,
2211,Pale Blue,Zombie,Tall,Blonde,Brown,Dark Brown - Wide,Open,Navy,Purple,Tie,Banded Frameless,Insider,
2212,Slate,Zombie,Short Crop,Gray Brown,Violet,Dark Brown - Wide,Beard,Charcoal,Purple,Tie,3D Glasses,,
2213,Tan,Robot,Bald,,Slate Gray,Light Brown - Flat,Open,Forest,Red,Tie,Rimless Glasses,Diamond Hands,
2214,Sky Blue,Robot,Short Crop,Dark Brown,Slate Gray,Light Brown - Flat,Mustache,Purple,Red,Bow Tie,,,
2215,Steel,Devil,Bald,,Slate Gray,Dark Brown - Wide,Smile,Forest,Green,Tie,Rimless Glasses,,
2216,Light Blue,Devil,Bald,,Blue,Pink - Flat,Neutral,Forest,Gold,Tie,Headset,Diamond Hands,
2217,Steel,Robot,Classic Side,Brown,Violet,Taupe - Wide,Smirk,Steel,Purple,Bow Tie,Headset,Whale,
2218,Slate,Human,Long Side,Blonde,Brown,Taupe - Flat,Beard,Slate,Green,Tie,Rimless Glasses,,
2219,Steel,Human,Tall,Light Brown,Brown,Brown - Flat,Open,Purple,Blue,Bow Tie,Crown,Insider,
2220,Steel,Zombie,Classic Side,Dark Brown,Brown,Dark Brown - Wide,Beard,Steel,Green,Bow Tie,3D Glasses,,
2221,Steel,Robot,Wavy,Light Brown,Amber,Brown - Flat,Mustache,Navy,Red,Tie,Bluetooth Headset,,
2222,Light Blue,Shadow,Short Crop,Light Brown,Green,Light Brown - Flat,Beard,Charcoal,Red,Tie,Banded Frameless,Diamond Hands,
2223,Bloomberg Orange,Human,Bald,,Amber,Dark Brown - Wide,Mustache,Charcoal,Gold,Tie,Bull Horns,Diamond Hands,
2224,Tan,Marshmallow,Wavy,Brown,Blue,Taupe - Wide,Mustache,Navy,Teal,Tie,Bluetooth Headset,,
2225,Slate,Devil,Bald,,Navy,Dark Brown - Wide,Neutral,Forest,Red,Tie,Eye Patch,,
2226,Trading Floor Green,Marshmallow,Classic Side,Jet Black,Teal,Dark Brown - Flat,Smile,Purple,Gold,Tie,Bluetooth Headset,,
2227,Slate,Marshmallow,Classic Side,Blonde,Blue,,Beard,Charcoal,Blue,Tie,3D Glasses,,
2228,Sky Blue,Lemon,Long Side,Dark Brown,Teal,Dark Brown - Wide,Smirk,Purple,Gold,Bow Tie,Bull Horns,Whale,
2229,Trading Floor Green,Human,Bald,,Brown,Pink - Wide,Neutral,Steel,Gold,Tie,Sunglasses,Insider,
2230,Bloomberg Orange,Marshmallow,Long Side,Blonde,Brown,Pink - Flat,Smirk,Steel,Purple,Tie,Eye Patch,Insider,
2231,Steel,Human,Bald,,Amber,Taupe - Wide,Blonde Mustache,Slate,Gold,Tie,Bluetooth Headset,Diamond Hands,
2232,Bloomberg Orange,Shadow,Tall,Brown,Blue,Light Brown - Wide,Mustache,Navy,Teal,Tie,Rimless Glasses,,
2233,Pale Blue,Human,Wavy,Gray Brown,Blue,Taupe - Flat,Beard,Navy,Blue,Tie,,,
2234,Sky Blue,Alien,Wide Top,Light Brown,Violet,Light Brown - Wide,Neutral,Steel,Red,Tie,Golden Bull Horns,,
2235,Light Blue,Robot,Long Side,Jet Black,Slate Gray,Taupe - Flat,Smile,Charcoal,Blue,Bow Tie,Rimless Glasses,Whale,
2236,Tan,Human,Wavy,Dark Brown,Violet,Pink - Wide,Smile,Steel,Red,Tie,Bluetooth Headset,Insider,
2237,Trading Floor Green,Robot,Wide Top,Gray Brown,Teal,Taupe - Wide,Gray Beard,Slate,Teal,Tie,Devil Horns,,
2238,Pale Blue,Devil,Wide Top,Charcoal,Blue,Taupe - Wide,Smirk,Charcoal,Red,Bow Tie,Blue Boom Headset,,
2239,Light Blue,Human,Long Side,Light Brown,Slate Gray,Dark Brown - Flat,Smile,Pink,Blue,Bow Tie,Rimless Glasses,,
2240,Light Blue,Robot,Classic Side,Gray Brown,Violet,Light Brown - Wide,Mustache,Charcoal,Purple,Bow Tie,,,
2241,Slate,Shadow,Classic Side,Brown,Navy,Pink - Wide,Beard,Navy,Blue,Tie,Rimless Glasses,,
2242,Trading Floor Green,Human,Long Side,Light Brown,Slate Gray,Pink - Flat,Blond Beard,Slate,Gold,Bow Tie,Bull Horns,Diamond Hands,
2243,Slate,Human,Wide Top,Charcoal,Slate Gray,Brown - Flat,Neutral,Rainbow,Teal,Bow Tie,3D Glasses,Diamond Hands,
2244,Tan,Lemon,Long Side,Charcoal,Navy,Dark Brown - Wide,Smile,Forest,Teal,Tie,Headset,,
2245,Tan,Lemon,Bald,,Navy,Pink - Wide,Neutral,Forest,Red,Bow Tie,Bull Horns,,
2246,Tan,Devil,Wide Top,Gray Brown,Slate Gray,Taupe - Flat,Smirk,Steel,Purple,Tie,Bluetooth Headset,,
2247,Light Blue,Human,Long Side,Blonde,Green,,Beard,Navy,Teal,Tie,Banded Frameless,,
2248,Light Blue,Alien,Classic Side,Brown,Navy,Taupe - Flat,Smile,Charcoal,Purple,Tie,3D Glasses,,
2249,Pale Blue,Human,Bald,,Brown,Taupe - Wide,Mustache,Charcoal,Gold,Bow Tie,Headset,,
2250,Steel,Human,Long Side,Dark Brown,Slate Gray,Light Brown - Flat,Beard,Forest,Red,Tie,Rimless Glasses,Insider,
2251,Light Blue,Marshmallow,Wavy,Gray Brown,Green,Dark Brown - Flat,Beard,Forest,Teal,Tie,Blue Boom Headset,Diamond Hands,
2252,Tan,Lemon,Long Side,Dark Brown,Violet,Taupe - Wide,Open,Forest,Blue,Tie,3D Glasses,,
2253,Tan,Human,Tall,Blonde,Slate Gray,Brown - Flat,Open,Steel,Blue,Bow Tie,Gold Rims,,
2254,Light Blue,Human,Wide Top,Dark Brown,Teal,Dark Brown - Flat,Gray Beard,Steel,Blue,Tie,Bluetooth Headset,Whale,
2255,Tan,Marshmallow,Wavy,Light Brown,Amber,Pink - Flat,Beard,Navy,Gold,Tie,Blue Boom Headset,,
2256,Tan,Marshmallow,Bald,,Slate Gray,Dark Brown - Wide,Smile,Forest,Blue,Tie,Banded Frameless,Diamond Hands,
2257,Bloomberg Orange,Human,Wide Top,Gray Brown,Navy,,Beard,Charcoal,Red,Tie,,,
2258,Bloomberg Orange,Lemon,Short Crop,Gray Brown,Teal,Dark Brown - Wide,Beard,Slate,Teal,Bow Tie,Bluetooth Headset,,
2259,Light Blue,Shadow,Wide Top,Charcoal,Green,Pink - Flat,Beard,Navy,Purple,Tie,,,
2260,Sky Blue,Devil,Bald,,Amber,Pink - Wide,Smile,Slate,Gold,Tie,3D Glasses,,
2261,Trading Floor Green,Human,Tall,Light Brown,Bull Candle,Brown - Wide,Neutral,Slate,Red,Tie,Headset,Whale,
2262,Sky Blue,Alien,Wavy,Dark Brown,Violet,Dark Brown - Flat,Beard,Purple,Teal,Tie,Headset,Whale,
2263,Tan,Devil,Tall,Blonde,Violet,Taupe - Wide,Mustache,Purple,Gold,Tie,Sunglasses,Insider,
2264,Bloomberg Orange,Human,Tall,Gray Brown,Violet,Taupe - Wide,Beard,Purple,Gold,Bow Tie,Bluetooth Headset,,
2265,Steel,Human,Wavy,Dark Brown,Amber,,Smirk,Steel,Purple,Tie,,,
2266,Trading Floor Green,Alien,Wavy,Gray Brown,Slate Gray,Light Brown - Wide,Smirk,Purple,Blue,Bow Tie,Headset,,
2267,Pale Blue,Human,Wavy,Brown,Violet,Light Brown - Flat,Beard,Steel,Teal,Bow Tie,Banded Frameless,,
2268,Sky Blue,Human,Classic Side,Dark Brown,Slate Gray,,Beard,Forest,Green,Tie,Bull Horns,,
2269,Light Blue,Shadow,Tall,Charcoal,Green,Dark Brown - Flat,Open,Navy,Green,Bow Tie,Bluetooth Headset,,
2270,Slate,Human,Long Side,Charcoal,Green,Taupe - Flat,Gold Tooth,Charcoal,Blue,Tie,3D Glasses,Insider,
2271,Slate,Robot,Long Side,Blonde,Amber,Dark Brown - Wide,Neutral,Purple,Red,Tie,Bluetooth Headset,Diamond Hands,
2272,Bloomberg Orange,Human,Long Side,Light Brown,Brown,Brown - Wide,Smile,Slate,Blue,Tie,Rimless Glasses,Insider,
2273,Bloomberg Orange,Human,Long Side,Gray Brown,Green,Light Brown - Flat,Beard,Forest,Blue,Bow Tie,Headset,,
2274,Steel,Human,Classic Side,Brown,Teal,Dark Brown - Flat,Open,Slate,Purple,Tie,Crown,,
2275,Steel,Marshmallow,Bald,,Green,Light Brown - Flat,Mustache,Steel,Teal,Bow Tie,Blue Boom Headset,Insider,
2276,Steel,Human,Wide Top,Jet Black,Slate Gray,Pink - Flat,Beard,Slate,Red,Tie,Bluetooth Headset,,
2277,Tan,Devil,Bald,,Amber,Pink - Wide,Smirk,Slate,Blue,Tie,Sunglasses,,
2278,Bloomberg Orange,Robot,Classic Side,Charcoal,Green,Brown - Wide,Beard,Slate,Gold,Tie,Crown,Insider,
2279,Light Blue,Human,Tall,Blonde,Violet,Light Brown - Flat,Smile,Charcoal,Blue,Tie,Gold Headset,,
2280,Trading Floor Green,Human,Bald,,Blue,Brown - Wide,Open,Forest,Gold,Tie,Rimless Glasses,Insider,
2281,Pale Blue,Human,Classic Side,Dark Brown,Navy,Brown - Wide,Smile,Forest,Purple,Tie,Bluetooth Headset,,
2282,Bloomberg Orange,Human,Classic Side,Gray Brown,Slate Gray,Brown - Flat,Beard,Slate,Red,Tie,Bluetooth Headset,,
2283,Trading Floor Green,Devil,Tall,Blonde,Amber,Light Brown - Flat,Gray Beard,Rainbow,Gold,Tie,,Whale,
2284,Sky Blue,Alien,Classic Side,Jet Black,Teal,Dark Brown - Flat,Blonde Mustache,Slate,Teal,Tie,Banded Frameless,,
2285,Light Blue,Marshmallow,Long Side,Charcoal,Amber,Brown - Wide,Neutral,Purple,Purple,Tie,3D Glasses,,
2286,Slate,Human,Classic Side,Dark Brown,Brown,,Neutral,Charcoal,Gold,Bow Tie,Banded Frameless,,
2287,Trading Floor Green,Human,Classic Side,Light Brown,Brown,Taupe - Flat,Neutral,Navy,Red,Tie,,,
2288,Trading Floor Green,Zombie,Wavy,Gray Brown,Violet,Brown - Flat,Blond Beard,Forest,Purple,Tie,Banded Frameless,,
2289,Bloomberg Orange,Human,Long Side,Jet Black,Amber,Taupe - Wide,Open,Navy,Blue,Bow Tie,Headset,,
2290,Trading Floor Green,Zombie,Wavy,Gray Brown,Green,Light Brown - Wide,Open,Slate,Green,Bow Tie,Bluetooth Headset,,
2291,Sky Blue,Human,Short Crop,Gray Brown,Brown,Pink - Flat,Mustache,Rainbow,Blue,Tie,Sunglasses,,
2292,Trading Floor Green,Alien,Wavy,Charcoal,Amber,Taupe - Flat,Open,Slate,Blue,Tie,Sunglasses,Whale,
2293,Light Blue,Lemon,Tall,Gray Brown,Navy,Light Brown - Wide,Smirk,Navy,Purple,Bow Tie,Golden Devil Horns,,
2294,Slate,Devil,Wide Top,Charcoal,Amber,Pink - Flat,Open,Purple,Purple,Tie,Rimless Glasses,Insider,
2295,Bloomberg Orange,Lemon,Short Crop,Light Brown,Amber,Pink - Flat,Smile,Charcoal,Purple,Tie,Bull Horns,,
2296,Pale Blue,Zombie,Wavy,Brown,Amber,Pink - Flat,Mustache,Charcoal,Gold,Tie,,,
2297,Light Blue,Shadow,Bald,,Brown,Dark Brown - Flat,Neutral,Rainbow,Purple,Bow Tie,3D Glasses,,
2298,Bloomberg Orange,Robot,Classic Side,Charcoal,Green,Brown - Wide,Smirk,Forest,Gold,Tie,Banded Frameless,Whale,
2299,Tan,Devil,Wide Top,Blonde,Blue,Pink - Wide,Smirk,Steel,Green,Tie,Headset,,
2300,Slate,Alien,Wide Top,Gray Brown,Teal,Brown - Flat,Gray Beard,Rainbow,Red,Tie,,,
2301,Pale Blue,Robot,Classic Side,Light Brown,Navy,Dark Brown - Wide,Smile,Steel,Teal,Tie,Headset,,
2302,Pale Blue,Human,Wavy,Light Brown,Teal,Light Brown - Wide,Open,Red,Purple,Tie,3D Glasses,Diamond Hands,
2303,Bloomberg Orange,Human,Wavy,Light Brown,Brown,Light Brown - Wide,Mustache,Navy,Purple,Bow Tie,Bull Horns,,
2304,Steel,Human,Wide Top,Dark Brown,Teal,Pink - Flat,Neutral,Charcoal,Blue,Tie,,,
2305,Light Blue,Human,Tall,Light Brown,Violet,Dark Brown - Flat,Smirk,Navy,Purple,Tie,Banded Frameless,Insider,
2306,Slate,Human,Wavy,Jet Black,Brown,Brown - Wide,Mustache,Steel,Teal,Tie,Banded Frameless,,
2307,Slate,Human,Bald,,Amber,,Smirk,Navy,Gold,Tie,Banded Frameless,,
2308,Sky Blue,Lemon,Tall,Dark Brown,Blue,Brown - Wide,Neutral,Steel,Red,Tie,Sunglasses,,
2309,Slate,Human,Wide Top,Jet Black,Slate Gray,Dark Brown - Wide,Smile,Charcoal,Gold,Tie,3D Glasses,,
2310,Pale Blue,Human,Bald,,Blue,Dark Brown - Wide,Neutral,Slate,Red,Tie,Blue Boom Headset,Diamond Hands,
2311,Trading Floor Green,Human,Wide Top,Charcoal,Blue,Dark Brown - Wide,Open,Slate,Gold,Tie,Headset,,
2312,Trading Floor Green,Human,Short Crop,Light Brown,Blue,,Neutral,Purple,Green,Tie,Rimless Glasses,Insider,
2313,Slate,Zombie,Bald,,Green,Pink - Wide,Smirk,Navy,Green,Tie,Devil Horns,,
2314,Light Blue,Lemon,Long Side,Charcoal,Blue,Pink - Wide,Blonde Mustache,Purple,Red,Tie,Bull Horns,,
2315,Trading Floor Green,Robot,Wavy,Light Brown,Blue,Light Brown - Flat,Beard,Charcoal,Gold,Tie,,,
2316,Steel,Human,Bald,,Violet,Taupe - Wide,Neutral,Purple,Teal,Tie,Rimless Glasses,,
2317,Trading Floor Green,Alien,Classic Side,Dark Brown,Blue,Taupe - Flat,Open,Charcoal,Green,Tie,Eye Patch,,
2318,Pale Blue,Human,Classic Side,Jet Black,Green,Taupe - Wide,Blond Beard,Purple,Gold,Tie,Bluetooth Headset,Whale,
2319,Tan,Lemon,Classic Side,Light Brown,Blue,Taupe - Flat,Beard,Charcoal,Red,Tie,Sunglasses,,
2320,Slate,Lemon,Bald,,Amber,Pink - Wide,Mustache,Rainbow,Green,Bow Tie,Headset,Diamond Hands,
2321,Steel,Human,Wide Top,Jet Black,Violet,Light Brown - Wide,Mustache,Navy,Blue,Tie,Golden Bull Horns,Whale,
2322,Tan,Human,Short Crop,Light Brown,Brown,Dark Brown - Wide,Gray Beard,Purple,Red,Bow Tie,Bull Horns,,
2323,Bloomberg Orange,Zombie,Long Side,Gray Brown,Amber,Brown - Wide,Smirk,Red,Red,Tie,Bull Horns,Insider,
2324,Tan,Human,Long Side,Light Brown,Bull Candle,Dark Brown - Wide,Smirk,Charcoal,Red,Tie,Headset,,
2325,Steel,Human,Wavy,Jet Black,Teal,Pink - Flat,Neutral,Charcoal,Blue,Tie,Crown,Diamond Hands,
2326,Pale Blue,Human,Short Crop,Brown,Blue,Light Brown - Flat,Beard,Slate,Red,Tie,Golden Bull Horns,Diamond Hands,
2327,Steel,Human,Long Side,Blonde,Blue,Dark Brown - Wide,Smirk,Purple,Gold,Tie,3D Glasses,Insider,
2328,Slate,Human,Classic Side,Blonde,Amber,Dark Brown - Wide,Beard,Charcoal,Red,Tie,Bull Horns,,
2329,Sky Blue,Human,Classic Side,Blonde,Green,Taupe - Flat,Beard,Charcoal,Green,Bow Tie,Eye Patch,,
2330,Sky Blue,Zombie,Wide Top,Light Brown,Navy,Pink - Wide,Neutral,Charcoal,Purple,Bow Tie,Banded Frameless,,
2331,Trading Floor Green,Human,Short Crop,Light Brown,Slate Gray,Light Brown - Flat,Gray Beard,Navy,Red,Tie,Bull Horns,,
2332,Pale Blue,Devil,Short Crop,Dark Brown,Navy,Dark Brown - Wide,Neutral,Slate,Teal,Tie,Rimless Glasses,Diamond Hands,
2333,Bloomberg Orange,Shadow,Short Crop,Brown,Teal,Taupe - Wide,Neutral,Charcoal,Red,Tie,Headset,Diamond Hands,
2334,Trading Floor Green,Human,Short Crop,Jet Black,Blue,Taupe - Wide,Gold Tooth,Charcoal,Purple,Bow Tie,Gold Headset,,
2335,Tan,Devil,Tall,Gray Brown,Slate Gray,Light Brown - Flat,Smile,Forest,Blue,Bow Tie,Gold Headset,Whale,
2336,Trading Floor Green,Lemon,Classic Side,Brown,Blue,Light Brown - Wide,Open,Navy,Blue,Bow Tie,Rimless Glasses,,
2337,Sky Blue,Human,Long Side,Blonde,Slate Gray,Pink - Wide,Open,Purple,Purple,Tie,Blue Boom Headset,,
2338,Tan,Human,Tall,Brown,Slate Gray,Pink - Wide,Beard,Navy,Blue,Tie,Blue Boom Headset,,
2339,Tan,Lemon,Classic Side,Blonde,Navy,,Beard,Slate,Teal,Tie,Headset,Whale,
2340,Trading Floor Green,Human,Wide Top,Jet Black,Amber,Pink - Wide,Smile,Navy,Purple,Tie,Rimless Glasses,,
2341,Sky Blue,Devil,Classic Side,Gray Brown,Violet,Brown - Flat,Neutral,Steel,Purple,Bow Tie,Bluetooth Headset,Whale,
2342,Steel,Human,Classic Side,Dark Brown,Navy,Brown - Flat,Neutral,Navy,Red,Bow Tie,Gold Rims,,
2343,Bloomberg Orange,Lemon,Classic Side,Dark Brown,Bull Candle,Dark Brown - Flat,Open,Purple,Green,Tie,3D Glasses,Whale,
2344,Slate,Marshmallow,Bald,,Navy,Dark Brown - Flat,Mustache,Forest,Purple,Tie,Bull Horns,Diamond Hands,
2345,Light Blue,Alien,Long Side,Brown,Violet,Taupe - Wide,Smile,Red,Blue,Tie,Headset,,
2346,Sky Blue,Robot,Wavy,Charcoal,Amber,Taupe - Flat,Smile,Slate,Teal,Tie,Banded Frameless,,
2347,Sky Blue,Alien,Wide Top,Gray Brown,Blue,Dark Brown - Wide,Gray Beard,Forest,Green,Bow Tie,3D Glasses,,
2348,Sky Blue,Zombie,Wavy,Brown,Slate Gray,Dark Brown - Flat,Mustache,Forest,Gold,Bow Tie,Blue Boom Headset,Insider,
2349,Light Blue,Lemon,Tall,Charcoal,Green,,Smirk,Navy,Green,Tie,Bluetooth Headset,,
2350,Sky Blue,Human,Wavy,Charcoal,Navy,Dark Brown - Wide,Smirk,Purple,Red,Tie,Sunglasses,,
2351,Steel,Lemon,Bald,,Amber,Taupe - Flat,Smirk,Slate,Blue,Bow Tie,Eye Patch,,
2352,Trading Floor Green,Marshmallow,Wavy,Light Brown,Teal,Dark Brown - Flat,Neutral,Forest,Purple,Tie,,,
2353,Slate,Alien,Short Crop,Light Brown,Teal,Brown - Flat,Open,Charcoal,Purple,Tie,Bluetooth Headset,,
2354,Sky Blue,Shadow,Tall,Blonde,Navy,Dark Brown - Flat,Mustache,Navy,Red,Tie,Banded Frameless,Diamond Hands,
2355,Pale Blue,Human,Wavy,Brown,Teal,Light Brown - Wide,Neutral,Forest,Green,Bow Tie,Sunglasses,,
2356,Slate,Human,Classic Side,Gray Brown,Navy,Brown - Flat,Smirk,Steel,Gold,Tie,,Insider,
2357,Pale Blue,Devil,Short Crop,Brown,Navy,Taupe - Flat,Beard,Charcoal,Blue,Tie,Crown,,
2358,Steel,Human,Wavy,Gray Brown,Teal,Pink - Flat,Mustache,Slate,Blue,Tie,Banded Frameless,,
2359,Steel,Zombie,Short Crop,Gray Brown,Navy,Brown - Wide,Mustache,Slate,Teal,Bow Tie,Rimless Glasses,Whale,
2360,Light Blue,Robot,Bald,,Green,Dark Brown - Flat,Beard,Steel,Green,Tie,Bluetooth Headset,,
2361,Slate,Devil,Tall,Jet Black,Brown,Pink - Wide,Smirk,Slate,Green,Tie,Bluetooth Headset,Whale,
2362,Steel,Zombie,Wavy,Brown,Violet,Brown - Wide,Open,Navy,Teal,Tie,Headset,,
2363,Bloomberg Orange,Human,Long Side,Dark Brown,Navy,Dark Brown - Flat,Open,Navy,Red,Tie,Headset,,
2364,Tan,Shadow,Short Crop,Jet Black,Brown,Brown - Wide,Neutral,Charcoal,Blue,Tie,Rimless Glasses,,
2365,Steel,Shadow,Bald,,Green,Light Brown - Wide,Open,Slate,Purple,Tie,Rimless Glasses,Diamond Hands,
2366,Bloomberg Orange,Devil,Classic Side,Brown,Teal,Taupe - Wide,Open,Charcoal,Red,Tie,Rimless Glasses,Insider,
2367,Sky Blue,Shadow,Tall,Light Brown,Green,Pink - Flat,Mustache,Steel,Blue,Tie,Sunglasses,Insider,
2368,Pale Blue,Human,Long Side,Charcoal,Blue,Dark Brown - Wide,Smile,Charcoal,Green,Tie,Headset,,
2369,Steel,Robot,Short Crop,Charcoal,Brown,Light Brown - Flat,Smirk,Rainbow,Blue,Tie,3D Glasses,,Cream
2370,Slate,Robot,Wavy,Brown,Navy,Brown - Wide,Open,Steel,Blue,Tie,Sunglasses,Diamond Hands,
2371,Pale Blue,Devil,Bald,,Amber,Dark Brown - Flat,Open,Steel,Blue,Bow Tie,Bluetooth Headset,Insider,
2372,Light Blue,Shadow,Tall,Gray Brown,Blue,Brown - Wide,Neutral,Steel,Red,Bow Tie,3D Glasses,Whale,
2373,Light Blue,Human,Short Crop,Dark Brown,Navy,Light Brown - Flat,Smirk,Slate,Blue,Tie,Sunglasses,,
2374,Steel,Human,Classic Side,Light Brown,Green,Dark Brown - Flat,Smirk,Purple,Red,Tie,Blue Boom Headset,,
2375,Bloomberg Orange,Human,Classic Side,Jet Black,Teal,Dark Brown - Flat,Beard,Forest,Green,Bow Tie,Banded Frameless,Whale,
2376,Trading Floor Green,Human,Long Side,Jet Black,Blue,Dark Brown - Flat,Smirk,Slate,Blue,Tie,Banded Frameless,Diamond Hands,
2377,Sky Blue,Alien,Long Side,Charcoal,Violet,Pink - Wide,Blonde Mustache,Steel,Purple,Tie,Sunglasses,,
2378,Slate,Human,Wide Top,Gray Brown,Amber,Pink - Wide,Smile,Forest,Blue,Bow Tie,Bluetooth Headset,Whale,
2379,Steel,Zombie,Wide Top,Brown,Blue,Taupe - Flat,Mustache,Navy,Green,Tie,Bluetooth Headset,Insider,
2380,Slate,Human,Long Side,Blonde,Brown,Light Brown - Flat,Smile,Slate,Purple,Bow Tie,3D Glasses,Insider,
2381,Sky Blue,Human,Wide Top,Dark Brown,Bull Candle,Dark Brown - Wide,Neutral,Forest,Red,Tie,Blue Boom Headset,,
2382,Pale Blue,Shadow,Classic Side,Charcoal,Green,Dark Brown - Wide,Mustache,Steel,Teal,Tie,Crown,,
2383,Steel,Shadow,Short Crop,Charcoal,Slate Gray,Brown - Flat,Smirk,Rainbow,Gold,Tie,Headset,,
2384,Bloomberg Orange,Marshmallow,Bald,,Amber,Dark Brown - Flat,Smirk,Steel,Purple,Tie,Bluetooth Headset,,
2385,Light Blue,Human,Wide Top,Brown,Violet,,Gray Beard,Purple,Teal,Bow Tie,Headset,Whale,
2386,Steel,Human,Tall,Gray Brown,Slate Gray,Brown - Flat,Beard,Navy,Blue,Tie,Bull Horns,,
2387,Tan,Devil,Classic Side,Brown,Amber,Dark Brown - Wide,Open,Navy,Green,Tie,Monocle,Diamond Hands,
2388,Trading Floor Green,Marshmallow,Long Side,Brown,Green,Light Brown - Wide,Smile,Forest,Green,Tie,Bluetooth Headset,Whale,
2389,Slate,Devil,Long Side,Blonde,Teal,Pink - Flat,Gray Beard,Steel,Green,Tie,Rimless Glasses,Diamond Hands,
2390,Light Blue,Devil,Long Side,Light Brown,Amber,,Smile,Navy,Gold,Tie,Sunglasses,,
2391,Steel,Human,Short Crop,Light Brown,Violet,Pink - Flat,Open,Slate,Teal,Bow Tie,Bluetooth Headset,Whale,
2392,Pale Blue,Human,Short Crop,Gray Brown,Brown,Dark Brown - Wide,Beard,Purple,Purple,Tie,Bluetooth Headset,Insider,
2393,Slate,Robot,Tall,Blonde,Green,Brown - Wide,Open,Forest,Gold,Tie,Bluetooth Headset,Diamond Hands,
2394,Steel,Marshmallow,Classic Side,Light Brown,Blue,Pink - Flat,Smirk,Charcoal,Purple,Tie,Rimless Glasses,,
2395,Tan,Human,Wide Top,Light Brown,Blue,Pink - Flat,Neutral,Forest,Green,Bow Tie,Banded Frameless,,
2396,Steel,Marshmallow,Tall,Light Brown,Brown,,Neutral,Slate,Green,Tie,Rimless Glasses,,
2397,Sky Blue,Zombie,Bald,,Violet,Brown - Wide,Open,Steel,Red,Tie,Sunglasses,,
2398,Sky Blue,Robot,Wide Top,Charcoal,Navy,,Open,Steel,Teal,Bow Tie,Sunglasses,,
2399,Slate,Zombie,Bald,,Violet,Pink - Flat,Neutral,Slate,Gold,Tie,3D Glasses,,
2400,Light Blue,Robot,Wavy,Jet Black,Violet,Brown - Wide,Beard,Slate,Gold,Tie,Bull Horns,Insider,
2401,Bloomberg Orange,Marshmallow,Tall,Light Brown,Teal,Pink - Flat,Neutral,Navy,Purple,Tie,Crown,,
2402,Steel,Lemon,Wide Top,Gray Brown,Slate Gray,Pink - Flat,Smirk,Navy,Green,Bow Tie,Crown,,
2403,Bloomberg Orange,Human,Classic Side,Blonde,Teal,Dark Brown - Flat,Mustache,Steel,Teal,Tie,Headset,,
2404,Trading Floor Green,Alien,Long Side,Charcoal,Navy,Dark Brown - Wide,Beard,Forest,Red,Bow Tie,Blue Boom Headset,Insider,
2405,Pale Blue,Alien,Classic Side,Light Brown,Blue,Dark Brown - Flat,Mustache,Purple,Gold,Bow Tie,Sunglasses,,
2406,Sky Blue,Shadow,Short Crop,Charcoal,Violet,Light Brown - Wide,Beard,Steel,Blue,Tie,Crown,Diamond Hands,
2407,Bloomberg Orange,Human,Short Crop,Gray Brown,Green,Pink - Wide,Neutral,Navy,Green,Tie,Bluetooth Headset,Whale,
2408,Light Blue,Human,Short Crop,Gray Brown,Amber,Taupe - Wide,Smile,Navy,Gold,Tie,Bull Horns,,
2409,Trading Floor Green,Marshmallow,Short Crop,Jet Black,Amber,Dark Brown - Flat,Mustache,Rainbow,Red,Bow Tie,,Insider,
2410,Pale Blue,Devil,Bald,,Slate Gray,Pink - Flat,Mustache,Navy,Blue,Tie,Headset,,
2411,Tan,Zombie,Wide Top,Brown,Violet,Light Brown - Wide,Beard,Forest,Red,Tie,Sunglasses,,
2412,Light Blue,Devil,Bald,,Navy,Dark Brown - Flat,Smirk,Charcoal,Blue,Tie,,,
2413,Light Blue,Lemon,Tall,Charcoal,Navy,Taupe - Flat,Neutral,Steel,Teal,Tie,Rimless Glasses,,
2414,Slate,Alien,Wide Top,Blonde,Violet,,Blond Beard,Slate,Gold,Bow Tie,Eye Patch,,
2415,Pale Blue,Human,Long Side,Jet Black,Navy,Dark Brown - Flat,Neutral,Charcoal,Teal,Tie,Banded Frameless,Whale,
2416,Bloomberg Orange,Robot,Tall,Light Brown,Slate Gray,,Blond Beard,Steel,Purple,Tie,Headset,Diamond Hands,
2417,Light Blue,Human,Wavy,Brown,Violet,Dark Brown - Flat,Smile,Steel,Purple,Tie,3D Glasses,,
2418,Steel,Human,Bald,,Blue,Clown Red - Wide,Open,Slate,Teal,Tie,Crown,,
2419,Slate,Shadow,Tall,Gray Brown,Brown,Brown - Wide,Mustache,Charcoal,Red,Tie,Crown,Whale,
2420,Light Blue,Shadow,Short Crop,Gray Brown,Slate Gray,Taupe - Wide,Open,Forest,Gold,Tie,Sunglasses,,
2421,Bloomberg Orange,Human,Long Side,Light Brown,Blue,Dark Brown - Flat,Open,Steel,Red,Tie,Headset,Insider,
2422,Tan,Robot,Classic Side,Dark Brown,Green,Taupe - Wide,Smirk,Forest,Purple,Bow Tie,Headset,,
2423,Pale Blue,Lemon,Classic Side,Brown,Teal,Dark Brown - Flat,Gray Beard,Forest,Purple,Tie,Bull Horns,Whale,
2424,Light Blue,Human,Wavy,Light Brown,Violet,Taupe - Flat,Smile,Slate,Purple,Tie,Headset,Insider,
2425,Bloomberg Orange,Human,Tall,Charcoal,Bull Candle,Dark Brown - Flat,Beard,Purple,Blue,Tie,Rimless Glasses,,
2426,Light Blue,Zombie,Short Crop,Gray Brown,Teal,Dark Brown - Flat,Open,Purple,Gold,Tie,Blue Boom Headset,,
2427,Light Blue,Human,Wide Top,Light Brown,Teal,Dark Brown - Flat,Beard,Slate,Teal,Bow Tie,3D Glasses,Diamond Hands,
2428,Slate,Zombie,Wide Top,Blonde,Amber,Brown - Flat,Mustache,Steel,Red,Tie,Rimless Glasses,,
2429,Light Blue,Human,Short Crop,Jet Black,Brown,Brown - Wide,Smirk,Purple,Purple,Tie,Rimless Glasses,,
2430,Slate,Devil,Tall,Jet Black,Teal,Pink - Flat,Neutral,Steel,Red,Bow Tie,Headset,,
2431,Pale Blue,Alien,Wide Top,Charcoal,Slate Gray,Light Brown - Wide,Open,Navy,Purple,Tie,Rimless Glasses,Whale,
2432,Sky Blue,Robot,Classic Side,Dark Brown,Teal,Taupe - Flat,Neutral,Forest,Red,Tie,Banded Frameless,Whale,
2433,Trading Floor Green,Marshmallow,Bald,,Teal,Light Brown - Wide,Open,Navy,Red,Tie,Banded Frameless,,
2434,Tan,Shadow,Tall,Dark Brown,Navy,Brown - Wide,Mustache,Steel,Red,Tie,Crown,Insider,
2435,Slate,Robot,Long Side,Light Brown,Navy,Pink - Flat,Smile,Purple,Red,Tie,Bull Horns,,
2436,Trading Floor Green,Robot,Bald,,Teal,Dark Brown - Flat,Neutral,Forest,Teal,Tie,3D Glasses,,
2437,Steel,Alien,Tall,Dark Brown,Brown,,Smirk,Charcoal,Green,Tie,Headset,,
2438,Sky Blue,Marshmallow,Short Crop,Light Brown,Violet,Dark Brown - Flat,Smirk,Navy,Gold,Tie,Sunglasses,,
2439,Sky Blue,Human,Classic Side,Blonde,Slate Gray,Brown - Wide,Open,Slate,Gold,Tie,3D Glasses,Insider,
2440,Slate,Human,Wavy,Dark Brown,Blue,Pink - Wide,Blond Beard,Steel,Green,Tie,,,
2441,Pale Blue,Human,Long Side,Brown,Teal,Pink - Wide,Mustache,Navy,Red,Tie,Headset,Diamond Hands,
2442,Slate,Human,Bald,,Amber,,Gray Beard,Purple,Purple,Tie,Bluetooth Headset,Diamond Hands,
2443,Slate,Human,Short Crop,Jet Black,Blue,Brown - Wide,Neutral,Red,Green,Tie,Rimless Glasses,,
2444,Sky Blue,Alien,Short Crop,Gray Brown,Navy,Light Brown - Wide,Smirk,Steel,Gold,Bow Tie,Devil Horns,,
2445,Sky Blue,Human,Long Side,Jet Black,Violet,Light Brown - Flat,Beard,Steel,Green,Tie,Sunglasses,,
2446,Tan,Devil,Wavy,Charcoal,Amber,Brown - Wide,Blond Beard,Purple,Gold,Tie,Rimless Glasses,,Gold
2447,Pale Blue,Human,Bald,,Brown,Brown - Flat,Smirk,Steel,Red,Tie,,Whale,
2448,Sky Blue,Human,Wide Top,Light Brown,Brown,Dark Brown - Wide,Neutral,Forest,Teal,Bow Tie,Blue Boom Headset,Diamond Hands,
2449,Light Blue,Human,Long Side,Dark Brown,Amber,Dark Brown - Wide,Neutral,Forest,Red,Tie,Bull Horns,Whale,
2450,Bloomberg Orange,Human,Short Crop,Jet Black,Slate Gray,Pink - Wide,Mustache,Purple,Blue,Bow Tie,Headset,,
2451,Trading Floor Green,Human,Wavy,Gray Brown,Green,Taupe - Wide,Smile,Steel,Green,Tie,Bluetooth Headset,Whale,
2452,Tan,Lemon,Wide Top,Jet Black,Brown,Dark Brown - Flat,Mustache,Navy,Gold,Tie,Sunglasses,Diamond Hands,
2453,Sky Blue,Human,Tall,Blonde,Violet,Brown - Flat,Smirk,Navy,Green,Tie,Rimless Glasses,Diamond Hands,
2454,Pale Blue,Marshmallow,Short Crop,Jet Black,Slate Gray,Brown - Flat,Blonde Mustache,Steel,Gold,Tie,Bull Horns,,
2455,Slate,Human,Wavy,Jet Black,Slate Gray,Brown - Wide,Beard,Navy,Teal,Bow Tie,Sunglasses,,
2456,Pale Blue,Shadow,Wide Top,Blonde,Brown,,Mustache,Navy,Purple,Tie,Gold Headset,Diamond Hands,
2457,Pale Blue,Human,Wavy,Brown,Violet,Taupe - Wide,Neutral,Forest,Purple,Bow Tie,Headset,Diamond Hands,
2458,Trading Floor Green,Human,Wavy,Jet Black,Blue,,Smile,Navy,Red,Bow Tie,Golden Devil Horns,,
2459,Bloomberg Orange,Human,Classic Side,Dark Brown,Green,Taupe - Flat,Open,Steel,Gold,Tie,Bluetooth Headset,,
2460,Steel,Shadow,Long Side,Brown,Slate Gray,Light Brown - Wide,Blond Beard,Charcoal,Teal,Tie,Rimless Glasses,,Cream
2461,Bloomberg Orange,Human,Classic Side,Dark Brown,Amber,Taupe - Flat,Gray Beard,Slate,Blue,Bow Tie,Bluetooth Headset,Insider,
2462,Trading Floor Green,Lemon,Wavy,Gray Brown,Blue,,Smirk,Purple,Green,Tie,Gold Rims,,
2463,Light Blue,Zombie,Wide Top,Charcoal,Slate Gray,Dark Brown - Wide,Smirk,Charcoal,Green,Bow Tie,Crown,Insider,
2464,Slate,Robot,Bald,,Blue,,Smile,Forest,Blue,Bow Tie,Headset,,
2465,Light Blue,Human,Classic Side,Dark Brown,Violet,,Neutral,Navy,Blue,Tie,Banded Frameless,,
2466,Trading Floor Green,Shadow,Wavy,Blonde,Green,Taupe - Flat,Smile,Steel,Gold,Tie,Rimless Glasses,Whale,
2467,Steel,Zombie,Short Crop,Charcoal,Amber,Brown - Wide,Beard,Charcoal,Blue,Bow Tie,Bluetooth Headset,Whale,
2468,Bloomberg Orange,Alien,Bald,,Navy,Brown - Wide,Neutral,Navy,Green,Bow Tie,Headset,Whale,
2469,Tan,Human,Short Crop,Dark Brown,Navy,Pink - Flat,Gray Beard,Charcoal,Teal,Tie,Bluetooth Headset,Whale,
2470,Light Blue,Devil,Bald,,Amber,Dark Brown - Flat,Smile,Charcoal,Gold,Tie,3D Glasses,,
2471,Light Blue,Robot,Short Crop,Brown,Green,Taupe - Flat,Gray Beard,Slate,Red,Bow Tie,Rimless Glasses,,
2472,Tan,Human,Wavy,Brown,Blue,Dark Brown - Flat,Beard,Steel,Teal,Bow Tie,Headset,Whale,
2473,Sky Blue,Human,Bald,,Violet,Taupe - Wide,Smirk,Slate,Blue,Bow Tie,Sunglasses,,
2474,Tan,Human,Classic Side,Dark Brown,Navy,Dark Brown - Wide,Smirk,Navy,Red,Tie,Sunglasses,,
2475,Steel,Zombie,Long Side,Light Brown,Violet,Light Brown - Flat,Open,Purple,Blue,Tie,Bull Horns,,
2476,Pale Blue,Lemon,Classic Side,Jet Black,Teal,Brown - Wide,Smile,Steel,Green,Tie,Bluetooth Headset,Diamond Hands,
2477,Bloomberg Orange,Marshmallow,Classic Side,Dark Brown,Violet,Pink - Wide,Blond Beard,Charcoal,Purple,Tie,Bull Horns,,
2478,Sky Blue,Human,Short Crop,Charcoal,Slate Gray,Light Brown - Wide,Smirk,Forest,Red,Tie,,,
2479,Steel,Human,Classic Side,Dark Brown,Blue,Brown - Wide,Smirk,Navy,Red,Tie,Blue Boom Headset,,
2480,Sky Blue,Alien,Long Side,Light Brown,Green,Pink - Wide,Smirk,Steel,Blue,Tie,Blue Boom Headset,,
2481,Trading Floor Green,Devil,Tall,Charcoal,Blue,Light Brown - Wide,Beard,Purple,Gold,Bow Tie,Headset,,
2482,Steel,Human,Bald,,Violet,Light Brown - Flat,Open,Purple,Teal,Tie,Bluetooth Headset,,
2483,Sky Blue,Zombie,Tall,Light Brown,Amber,Brown - Wide,Smile,Charcoal,Purple,Tie,3D Glasses,,
2484,Tan,Shadow,Tall,Jet Black,Violet,Light Brown - Flat,Smirk,Purple,Purple,Tie,Crown,,
2485,Sky Blue,Human,Tall,Light Brown,Teal,Pink - Wide,Open,Slate,Red,Tie,Bull Horns,Insider,
2486,Steel,Devil,Short Crop,Jet Black,Slate Gray,Brown - Flat,Blonde Mustache,Navy,Gold,Tie,3D Glasses,Whale,
2487,Trading Floor Green,Human,Tall,Light Brown,Green,Pink - Flat,Blond Beard,Red,Gold,Tie,,Insider,
2488,Bloomberg Orange,Human,Bald,,Amber,Taupe - Wide,Gray Beard,Slate,Purple,Tie,Rimless Glasses,,
2489,Bloomberg Orange,Human,Short Crop,Charcoal,Violet,Light Brown - Wide,Open,Purple,Green,Tie,Banded Frameless,,
2490,Trading Floor Green,Zombie,Bald,,Blue,Pink - Flat,Mustache,Forest,Teal,Tie,Bull Horns,,
2491,Sky Blue,Human,Tall,Blonde,Violet,Light Brown - Flat,Smile,Steel,Green,Tie,Headset,,
2492,Steel,Human,Wavy,Light Brown,Navy,Pink - Wide,Smile,Charcoal,Green,Tie,Sunglasses,,
2493,Slate,Human,Bald,,Violet,Dark Brown - Wide,Smile,Forest,Teal,Tie,Headset,,
2494,Light Blue,Human,Long Side,Light Brown,Amber,Clown Red - Wide,Neutral,Purple,Red,Tie,Headset,,
2495,Pale Blue,Zombie,Long Side,Blonde,Green,Light Brown - Flat,Smile,Navy,Teal,Tie,Bull Horns,,
2496,Pale Blue,Human,Bald,,Green,,Mustache,Steel,Blue,Tie,Devil Horns,Insider,
2497,Pale Blue,Alien,Wavy,Charcoal,Teal,Pink - Flat,Mustache,Purple,Blue,Tie,3D Glasses,Whale,
2498,Light Blue,Lemon,Short Crop,Gray Brown,Teal,,Mustache,Steel,Purple,Bow Tie,Golden Devil Horns,Insider,
2499,Pale Blue,Robot,Long Side,Light Brown,Amber,Pink - Wide,Smirk,Steel,Green,Bow Tie,Devil Horns,,
2500,Tan,Devil,Wavy,Gray Brown,Green,Brown - Wide,Neutral,Purple,Red,Tie,Crown,Insider,
2501,Pale Blue,Human,Long Side,Dark Brown,Violet,Brown - Flat,Beard,Slate,Purple,Tie,Headset,,
2502,Pale Blue,Human,Bald,,Navy,Dark Brown - Flat,Neutral,Steel,Red,Tie,3D Glasses,,
2503,Steel,Marshmallow,Wavy,Jet Black,Blue,Taupe - Flat,Mustache,Slate,Green,Bow Tie,Bluetooth Headset,Whale,
2504,Tan,Alien,Long Side,Gray Brown,Blue,Pink - Flat,Beard,Navy,Gold,Tie,,,
2505,Light Blue,Shadow,Classic Side,Dark Brown,Bull Candle,Taupe - Wide,Open,Navy,Red,Tie,Bull Horns,Diamond Hands,
2506,Tan,Human,Bald,,Amber,Light Brown - Flat,Open,Slate,Purple,Tie,Bluetooth Headset,,
2507,Trading Floor Green,Human,Short Crop,Brown,Slate Gray,Taupe - Wide,Open,Slate,Purple,Bow Tie,Crown,Whale,
2508,Bloomberg Orange,Human,Wide Top,Charcoal,Amber,Taupe - Wide,Blonde Mustache,Slate,Green,Tie,Eye Patch,,
2509,Tan,Zombie,Tall,Jet Black,Slate Gray,Pink - Flat,Smile,Forest,Green,Bow Tie,,Whale,
2510,Pale Blue,Shadow,Wavy,Brown,Brown,Brown - Flat,Beard,Slate,Purple,Tie,Sunglasses,Whale,
2511,Slate,Zombie,Classic Side,Light Brown,Navy,Dark Brown - Flat,Smirk,Charcoal,Green,Tie,Headset,Whale,
2512,Pale Blue,Devil,Classic Side,Blonde,Violet,,Open,Charcoal,Gold,Tie,Eye Patch,,
2513,Light Blue,Zombie,Wide Top,Charcoal,Teal,Brown - Wide,Mustache,Steel,Gold,Tie,Sunglasses,,
2514,Sky Blue,Human,Tall,Charcoal,Violet,Taupe - Wide,Neutral,Navy,Teal,Tie,Headset,,
2515,Slate,Zombie,Bald,,Amber,Brown - Wide,Smile,Charcoal,Red,Tie,Headset,Diamond Hands,
2516,Sky Blue,Marshmallow,Tall,Jet Black,Navy,Light Brown - Wide,Beard,Slate,Purple,Tie,Bluetooth Headset,Whale,
2517,Sky Blue,Zombie,Tall,Dark Brown,Amber,Dark Brown - Flat,Mustache,Steel,Teal,Bow Tie,Sunglasses,,
2518,Pale Blue,Human,Wavy,Light Brown,Brown,,Smirk,Steel,Teal,Tie,Banded Frameless,Insider,
2519,Sky Blue,Lemon,Wavy,Brown,Blue,Brown - Flat,Open,Purple,Red,Tie,,,
2520,Pale Blue,Human,Bald,,Blue,Brown - Flat,Open,Slate,Gold,Tie,Headset,,
2521,Sky Blue,Human,Wide Top,Jet Black,Violet,,Blonde Mustache,Charcoal,Blue,Tie,Headset,,
2522,Pale Blue,Marshmallow,Classic Side,Brown,Navy,Light Brown - Flat,Beard,Charcoal,Teal,Tie,3D Glasses,Insider,
2523,Light Blue,Alien,Bald,,Navy,Pink - Wide,Neutral,Forest,Purple,Tie,Golden Bull Horns,Diamond Hands,
2524,Sky Blue,Shadow,Wavy,Charcoal,Amber,,Open,Forest,Green,Tie,Monocle,,
2525,Bloomberg Orange,Lemon,Wavy,Charcoal,Slate Gray,Brown - Flat,Smile,Rainbow,Teal,Tie,,,
2526,Tan,Human,Wide Top,Light Brown,Blue,Taupe - Wide,Open,Charcoal,Gold,Bow Tie,Headset,Whale,
2527,Steel,Devil,Classic Side,Brown,Slate Gray,Light Brown - Wide,Open,Steel,Blue,Tie,Crown,Whale,
2528,Pale Blue,Human,Bald,,Blue,Dark Brown - Flat,Neutral,Charcoal,Teal,Bow Tie,Rimless Glasses,,
2529,Bloomberg Orange,Zombie,Short Crop,Charcoal,Amber,Dark Brown - Flat,Smirk,Charcoal,Gold,Bow Tie,Crown,,
2530,Bloomberg Orange,Human,Tall,Dark Brown,Teal,Taupe - Flat,Mustache,Purple,Green,Tie,Sunglasses,,
2531,Slate,Shadow,Short Crop,Blonde,Amber,Pink - Flat,Neutral,Navy,Gold,Tie,Crown,Insider,
2532,Light Blue,Lemon,Tall,Gray Brown,Teal,,Beard,Charcoal,Red,Bow Tie,,,
2533,Sky Blue,Human,Wavy,Blonde,Brown,Dark Brown - Flat,Neutral,Purple,Purple,Bow Tie,Banded Frameless,,
2534,Steel,Human,Classic Side,Gray Brown,Slate Gray,Pink - Wide,Neutral,Purple,Gold,Tie,Blue Boom Headset,,
2535,Slate,Lemon,Long Side,Charcoal,Green,Light Brown - Flat,Neutral,Charcoal,Green,Tie,Bluetooth Headset,,
2536,Steel,Alien,Wide Top,Gray Brown,Green,Dark Brown - Flat,Smile,Forest,Blue,Tie,Bull Horns,,
2537,Tan,Human,Wide Top,Blonde,Navy,,Smirk,Navy,Green,Bow Tie,Bull Horns,,
2538,Tan,Human,Tall,Light Brown,Navy,Light Brown - Wide,Beard,Slate,Purple,Bow Tie,,Diamond Hands,
2539,Light Blue,Lemon,Long Side,Jet Black,Slate Gray,Light Brown - Flat,Beard,Purple,Red,Tie,Gold Rims,Whale,
2540,Tan,Robot,Classic Side,Dark Brown,Green,Pink - Flat,Smirk,Purple,Red,Tie,Bull Horns,,
2541,Slate,Alien,Bald,,Brown,Light Brown - Flat,Smile,Forest,Purple,Tie,Blue Boom Headset,,
2542,Slate,Shadow,Short Crop,Blonde,Blue,Pink - Flat,Blond Beard,Charcoal,Purple,Tie,Monocle,,
2543,Bloomberg Orange,Marshmallow,Classic Side,Charcoal,Brown,Light Brown - Flat,Smile,Charcoal,Gold,Tie,,,
2544,Bloomberg Orange,Alien,Short Crop,Blonde,Violet,Taupe - Flat,Open,Steel,Blue,Bow Tie,3D Glasses,,
2545,Bloomberg Orange,Human,Wavy,Jet Black,Blue,Taupe - Wide,Beard,Steel,Purple,Tie,Blue Boom Headset,Insider,
2546,Tan,Human,Classic Side,Gray Brown,Blue,Pink - Flat,Beard,Forest,Green,Tie,Headset,Diamond Hands,
2547,Slate,Devil,Tall,Light Brown,Blue,Taupe - Flat,Mustache,Steel,Gold,Bow Tie,Bluetooth Headset,,
2548,Trading Floor Green,Human,Classic Side,Blonde,Blue,Dark Brown - Wide,Beard,Navy,Purple,Bow Tie,Rimless Glasses,,
2549,Steel,Devil,Wide Top,Light Brown,Green,Taupe - Wide,Mustache,Steel,Purple,Tie,Headset,,
2550,Light Blue,Human,Tall,Light Brown,Blue,Brown - Flat,Open,Purple,Green,Tie,Blue Boom Headset,,
2551,Tan,Human,Wavy,Dark Brown,Green,Pink - Flat,Smile,Slate,Red,Bow Tie,Headset,,
2552,Trading Floor Green,Human,Bald,,Amber,Taupe - Flat,Smirk,Forest,Red,Tie,Banded Frameless,,
2553,Slate,Human,Bald,,Slate Gray,,Mustache,Forest,Gold,Tie,Crown,Diamond Hands,
2554,Slate,Robot,Bald,,Green,,Mustache,Steel,Gold,Tie,3D Glasses,,
2555,Pale Blue,Devil,Classic Side,Blonde,Teal,Brown - Wide,Smile,Navy,Red,Bow Tie,,,
2556,Slate,Robot,Tall,Charcoal,Green,Light Brown - Wide,Beard,Slate,Blue,Tie,Headset,Diamond Hands,
2557,Steel,Human,Long Side,Gray Brown,Blue,Pink - Flat,Blond Beard,Charcoal,Teal,Tie,Crown,,
2558,Sky Blue,Robot,Bald,,Violet,Taupe - Wide,Neutral,Purple,Purple,Tie,Rimless Glasses,Insider,
2559,Sky Blue,Human,Classic Side,Charcoal,Teal,Dark Brown - Flat,Blond Beard,Purple,Teal,Tie,Headset,,
2560,Bloomberg Orange,Marshmallow,Short Crop,Light Brown,Brown,Pink - Wide,Mustache,Navy,Gold,Tie,3D Glasses,Whale,
2561,Light Blue,Devil,Wavy,Charcoal,Blue,Taupe - Flat,Smirk,Steel,Purple,Tie,Blue Boom Headset,,
2562,Steel,Human,Wavy,Jet Black,Slate Gray,Taupe - Wide,Mustache,Forest,Purple,Tie,Bluetooth Headset,,
2563,Slate,Human,Classic Side,Brown,Violet,Taupe - Flat,Neutral,Steel,Gold,Tie,Bull Horns,,
2564,Steel,Human,Long Side,Light Brown,Violet,Brown - Wide,Beard,Slate,Teal,Bow Tie,,,
2565,Sky Blue,Devil,Bald,,Brown,Dark Brown - Flat,Smirk,Steel,Gold,Tie,Crown,Insider,
2566,Pale Blue,Human,Classic Side,Dark Brown,Teal,,Beard,Purple,Teal,Tie,Bluetooth Headset,,
2567,Sky Blue,Human,Short Crop,Jet Black,Blue,Taupe - Flat,Mustache,Charcoal,Blue,Bow Tie,Headset,Whale,
2568,Light Blue,Robot,Short Crop,Dark Brown,Navy,,Open,Steel,Gold,Tie,Rimless Glasses,,Gold
2569,Tan,Shadow,Bald,,Green,Dark Brown - Wide,Smile,Forest,Blue,Tie,Bluetooth Headset,,
2570,Pale Blue,Alien,Classic Side,Blonde,Amber,Pink - Flat,Smirk,Steel,Red,Tie,Monocle,,
2571,Slate,Human,Short Crop,Jet Black,Brown,Dark Brown - Flat,Smile,Steel,Gold,Bow Tie,Bluetooth Headset,,
2572,Sky Blue,Human,Wide Top,Gray Brown,Brown,Dark Brown - Wide,Open,Navy,Green,Tie,Sunglasses,,White
2573,Light Blue,Devil,Bald,,Violet,Dark Brown - Flat,Smile,Steel,Green,Tie,Crown,,
2574,Tan,Marshmallow,Wavy,Blonde,Navy,Clown Red - Wide,Open,Charcoal,Purple,Tie,Sunglasses,,
2575,Trading Floor Green,Robot,Long Side,Gray Brown,Green,Taupe - Wide,Neutral,Slate,Blue,Bow Tie,Crown,,
2576,Tan,Devil,Long Side,Blonde,Blue,Pink - Flat,Neutral,Charcoal,Blue,Tie,Headset,,
2577,Pale Blue,Robot,Wide Top,Light Brown,Brown,Taupe - Wide,Beard,Purple,Gold,Tie,Banded Frameless,,
2578,Bloomberg Orange,Alien,Wavy,Jet Black,Teal,Brown - Wide,Beard,Navy,Green,Bow Tie,Bluetooth Headset,,
2579,Light Blue,Shadow,Wide Top,Jet Black,Violet,Brown - Flat,Open,Charcoal,Red,Bow Tie,Bluetooth Headset,Diamond Hands,
2580,Steel,Human,Short Crop,Jet Black,Teal,Pink - Flat,Neutral,Navy,Red,Bow Tie,Crown,,
2581,Tan,Devil,Tall,Dark Brown,Violet,,Open,Navy,Green,Tie,Blue Boom Headset,Whale,
2582,Pale Blue,Zombie,Bald,,Slate Gray,Pink - Flat,Smile,Steel,Purple,Bow Tie,,Insider,
2583,Tan,Human,Wide Top,Dark Brown,Brown,Taupe - Flat,Neutral,Steel,Teal,Tie,,Insider,
2584,Slate,Human,Long Side,Charcoal,Slate Gray,Dark Brown - Flat,Beard,Forest,Blue,Tie,Banded Frameless,Diamond Hands,
2585,Tan,Devil,Wide Top,Brown,Amber,Taupe - Wide,Smile,Purple,Gold,Bow Tie,Sunglasses,Insider,
2586,Bloomberg Orange,Human,Wavy,Gray Brown,Navy,,Smirk,Forest,Gold,Tie,Sunglasses,,
2587,Light Blue,Robot,Classic Side,Dark Brown,Violet,Dark Brown - Wide,Smile,Steel,Red,Tie,Rimless Glasses,Insider,
2588,Slate,Marshmallow,Bald,,Slate Gray,Light Brown - Flat,Open,Steel,Purple,Tie,Crown,,
2589,Sky Blue,Human,Long Side,Light Brown,Violet,Light Brown - Wide,Neutral,Steel,Blue,Bow Tie,Bluetooth Headset,,
2590,Pale Blue,Human,Wavy,Charcoal,Green,Pink - Wide,Mustache,Navy,Purple,Tie,Bull Horns,,
2591,Trading Floor Green,Lemon,Wavy,Charcoal,Brown,Pink - Flat,Mustache,Slate,Teal,Tie,Crown,,
2592,Sky Blue,Zombie,Classic Side,Charcoal,Slate Gray,Taupe - Flat,Open,Navy,Purple,Bow Tie,Golden Bull Horns,Insider,
2593,Pale Blue,Human,Long Side,Blonde,Blue,,Smile,Forest,Green,Tie,Headset,Diamond Hands,
2594,Tan,Human,Wavy,Light Brown,Navy,Taupe - Wide,Beard,Charcoal,Teal,Tie,Headset,,
2595,Tan,Alien,Wide Top,Charcoal,Teal,Pink - Wide,Mustache,Purple,Gold,Bow Tie,,,
2596,Pale Blue,Human,Tall,Brown,Teal,Pink - Flat,Beard,Steel,Blue,Tie,3D Glasses,,
2597,Steel,Human,Wavy,Gray Brown,Violet,Dark Brown - Wide,Gray Beard,Navy,Gold,Tie,Bull Horns,,
2598,Steel,Lemon,Long Side,Dark Brown,Green,Dark Brown - Wide,Open,Slate,Gold,Bow Tie,3D Glasses,,
2599,Sky Blue,Human,Tall,Light Brown,Amber,Pink - Wide,Beard,Rainbow,Gold,Tie,Headset,Diamond Hands,
2600,Sky Blue,Human,Wide Top,Jet Black,Teal,Pink - Wide,Gray Beard,Steel,Gold,Tie,Banded Frameless,,
2601,Light Blue,Alien,Short Crop,Blonde,Teal,Dark Brown - Flat,Beard,Steel,Green,Tie,3D Glasses,,
2602,Pale Blue,Human,Bald,,Teal,Dark Brown - Flat,Mustache,Navy,Purple,Tie,Headset,,
2603,Tan,Devil,Tall,Brown,Blue,Pink - Wide,Gray Beard,Slate,Red,Tie,Crown,Whale,
2604,Tan,Human,Short Crop,Gray Brown,Green,Light Brown - Wide,Beard,Charcoal,Red,Tie,Bluetooth Headset,Diamond Hands,
2605,Bloomberg Orange,Human,Short Crop,Jet Black,Amber,Taupe - Flat,Neutral,Purple,Blue,Tie,,Diamond Hands,
2606,Pale Blue,Human,Bald,,Blue,Pink - Flat,Beard,Navy,Gold,Tie,Bull Horns,Insider,
2607,Sky Blue,Human,Bald,,Brown,Dark Brown - Flat,Smile,Steel,Gold,Bow Tie,,Diamond Hands,
2608,Slate,Human,Tall,Jet Black,Violet,,Blond Beard,Navy,Green,Tie,Bull Horns,Diamond Hands,
2609,Light Blue,Human,Long Side,Gray Brown,Teal,Light Brown - Wide,Beard,Purple,Green,Tie,Banded Frameless,,
2610,Slate,Lemon,Short Crop,Blonde,Brown,Taupe - Flat,Beard,Steel,Blue,Bow Tie,Bull Horns,,
2611,Tan,Robot,Short Crop,Gray Brown,Violet,Brown - Wide,Smile,Navy,Purple,Tie,Monocle,,
2612,Steel,Human,Wide Top,Brown,Teal,Dark Brown - Flat,Beard,Forest,Blue,Tie,Rimless Glasses,,
2613,Light Blue,Lemon,Long Side,Gray Brown,Teal,Light Brown - Flat,Smile,Purple,Teal,Tie,Banded Frameless,Insider,
2614,Slate,Human,Classic Side,Brown,Blue,Pink - Flat,Neutral,Steel,Purple,Tie,Bluetooth Headset,,
2615,Light Blue,Marshmallow,Wide Top,Gray Brown,Brown,Brown - Wide,Smirk,Purple,Blue,Tie,Crown,,
2616,Slate,Alien,Wide Top,Light Brown,Brown,Dark Brown - Wide,Mustache,Slate,Blue,Bow Tie,Rimless Glasses,,
2617,Tan,Robot,Bald,,Navy,Brown - Flat,Mustache,Charcoal,Green,Tie,Bull Horns,Whale,
2618,Trading Floor Green,Human,Wavy,Light Brown,Violet,Dark Brown - Flat,Beard,Slate,Blue,Tie,3D Glasses,,
2619,Slate,Zombie,Classic Side,Blonde,Navy,Dark Brown - Flat,Beard,Steel,Green,Tie,,,
2620,Sky Blue,Robot,Tall,Gray Brown,Blue,Taupe - Flat,Smirk,Navy,Red,Tie,Headset,,
2621,Bloomberg Orange,Robot,Short Crop,Charcoal,Green,Light Brown - Wide,Smirk,Steel,Red,Tie,Banded Frameless,,
2622,Steel,Zombie,Bald,,Blue,Brown - Wide,Neutral,Slate,Red,Tie,Bluetooth Headset,,
2623,Slate,Robot,Long Side,Gray Brown,Blue,Dark Brown - Wide,Smile,Slate,Blue,Tie,,Diamond Hands,
2624,Steel,Robot,Classic Side,Gray Brown,Blue,Dark Brown - Wide,Smile,Forest,Blue,Tie,Bluetooth Headset,Diamond Hands,
2625,Sky Blue,Human,Wide Top,Gray Brown,Green,,Smile,Forest,Teal,Tie,Crown,Whale,
2626,Trading Floor Green,Human,Classic Side,Brown,Teal,Dark Brown - Wide,Smile,Navy,Purple,Tie,Rimless Glasses,Insider,
2627,Slate,Zombie,Bald,,Brown,Dark Brown - Flat,Smirk,Forest,Blue,Tie,Bluetooth Headset,,
2628,Light Blue,Devil,Classic Side,Brown,Violet,Light Brown - Wide,Mustache,Red,Teal,Bow Tie,Gold Headset,,
2629,Trading Floor Green,Human,Long Side,Light Brown,Amber,Taupe - Wide,Open,Steel,Purple,Tie,Bull Horns,,
2630,Slate,Shadow,Bald,,Violet,Taupe - Wide,Neutral,Charcoal,Gold,Tie,Headset,,
2631,Steel,Human,Tall,Brown,Amber,Brown - Wide,Mustache,Purple,Blue,Tie,,Insider,
2632,Pale Blue,Shadow,Bald,,Slate Gray,,Blonde Mustache,Forest,Teal,Bow Tie,Sunglasses,,
2633,Tan,Human,Classic Side,Jet Black,Teal,Brown - Wide,Neutral,Purple,Teal,Bow Tie,Sunglasses,,
2634,Bloomberg Orange,Alien,Wide Top,Blonde,Teal,Light Brown - Flat,Blonde Mustache,Red,Gold,Tie,,Diamond Hands,
2635,Pale Blue,Devil,Short Crop,Brown,Blue,Pink - Wide,Mustache,Forest,Gold,Tie,Monocle,,
2636,Steel,Human,Wide Top,Gray Brown,Navy,Light Brown - Flat,Open,Charcoal,Green,Tie,Banded Frameless,,
2637,Slate,Devil,Tall,Gray Brown,Teal,Dark Brown - Wide,Smile,Steel,Blue,Tie,Bluetooth Headset,Diamond Hands,
2638,Pale Blue,Zombie,Wide Top,Dark Brown,Violet,Pink - Wide,Smirk,Navy,Gold,Tie,Gold Headset,,
2639,Pale Blue,Human,Classic Side,Gray Brown,Green,Dark Brown - Wide,Open,Purple,Red,Tie,Devil Horns,,
2640,Sky Blue,Human,Wavy,Dark Brown,Slate Gray,Taupe - Flat,Open,Forest,Blue,Tie,Crown,,
2641,Steel,Zombie,Rainbow Afro,Rainbow,Teal,Brown - Flat,Smirk,Forest,Gold,Tie,Blue Boom Headset,Insider,
2642,Steel,Alien,Long Side,Light Brown,Brown,Light Brown - Wide,Open,Charcoal,Green,Bow Tie,Headset,Whale,
2643,Steel,Devil,Classic Side,Charcoal,Violet,Dark Brown - Flat,Smile,Navy,Gold,Tie,Eye Patch,,
2644,Steel,Shadow,Long Side,Jet Black,Blue,Brown - Flat,Open,Slate,Purple,Tie,Blue Boom Headset,,
2645,Bloomberg Orange,Human,Tall,Dark Brown,Slate Gray,Taupe - Flat,Beard,Navy,Purple,Tie,Bluetooth Headset,,
2646,Light Blue,Human,Classic Side,Light Brown,Teal,Pink - Flat,Smile,Slate,Gold,Tie,Blue Boom Headset,Whale,
2647,Tan,Alien,Wide Top,Dark Brown,Navy,Pink - Wide,Blond Beard,Slate,Teal,Tie,3D Glasses,Whale,
2648,Sky Blue,Lemon,Wide Top,Jet Black,Green,Light Brown - Wide,Open,Purple,Green,Bow Tie,Rimless Glasses,,
2649,Pale Blue,Human,Short Crop,Brown,Blue,Brown - Wide,Gold Tooth,Forest,Teal,Tie,Golden Bull Horns,,
2650,Light Blue,Marshmallow,Bald,,Brown,Pink - Wide,Gold Tooth,Navy,Gold,Bow Tie,Sunglasses,,
2651,Tan,Human,Classic Side,Light Brown,Green,Dark Brown - Wide,Neutral,Navy,Green,Tie,Bluetooth Headset,Diamond Hands,
2652,Trading Floor Green,Marshmallow,Short Crop,Blonde,Brown,,Neutral,Charcoal,Blue,Tie,3D Glasses,Diamond Hands,
2653,Slate,Marshmallow,Wavy,Brown,Navy,Brown - Flat,Smirk,Charcoal,Teal,Tie,Crown,Insider,
2654,Pale Blue,Shadow,Tall,Dark Brown,Green,Brown - Wide,Beard,Purple,Blue,Tie,Headset,,
2655,Bloomberg Orange,Human,Classic Side,Blonde,Blue,Light Brown - Flat,Neutral,Purple,Purple,Tie,Headset,,
2656,Bloomberg Orange,Human,Wavy,Jet Black,Teal,Pink - Flat,Smirk,Navy,Purple,Tie,Bluetooth Headset,,
2657,Bloomberg Orange,Devil,Short Crop,Light Brown,Navy,Taupe - Flat,Neutral,Charcoal,Purple,Tie,Crown,,
2658,Pale Blue,Alien,Tall,Dark Brown,Brown,Taupe - Flat,Smile,Slate,Green,Tie,Banded Frameless,,
2659,Sky Blue,Robot,Tall,Blonde,Brown,,Neutral,Steel,Gold,Tie,,,
2660,Sky Blue,Devil,Tall,Brown,Green,Dark Brown - Wide,Blonde Mustache,Charcoal,Blue,Tie,Bluetooth Headset,,
2661,Bloomberg Orange,Human,Bald,,Violet,Brown - Flat,Mustache,Steel,Green,Bow Tie,3D Glasses,Insider,
2662,Steel,Alien,Tall,Dark Brown,Green,Light Brown - Flat,Open,Charcoal,Green,Tie,Bull Horns,,
2663,Pale Blue,Human,Wavy,Brown,Blue,Taupe - Flat,Blond Beard,Slate,Red,Tie,Sunglasses,,
2664,Steel,Alien,Long Side,Jet Black,Navy,Brown - Flat,Blond Beard,Steel,Green,Bow Tie,Headset,Whale,
2665,Bloomberg Orange,Human,Bald,,Amber,,Mustache,Slate,Gold,Tie,,,
2666,Trading Floor Green,Zombie,Tall,Charcoal,Violet,Taupe - Wide,Blond Beard,Forest,Gold,Tie,,Insider,
2667,Steel,Devil,Short Crop,Blonde,Amber,Light Brown - Wide,Beard,Slate,Red,Tie,Bluetooth Headset,,
2668,Tan,Human,Classic Side,Brown,Green,Pink - Wide,Neutral,Forest,Blue,Tie,Headset,,
2669,Steel,Human,Wide Top,Blonde,Teal,,Neutral,Navy,Blue,Tie,,Insider,
2670,Pale Blue,Devil,Bald,,Violet,Pink - Wide,Mustache,Charcoal,Red,Tie,,,
2671,Slate,Devil,Classic Side,Blonde,Amber,Taupe - Flat,Beard,Purple,Purple,Bow Tie,Crown,Whale,
2672,Light Blue,Human,Wide Top,Dark Brown,Brown,Dark Brown - Wide,Mustache,Steel,Blue,Bow Tie,Headset,,
2673,Bloomberg Orange,Human,Long Side,Blonde,Blue,Pink - Flat,Mustache,Charcoal,Purple,Bow Tie,Bull Horns,Whale,Cream
2674,Bloomberg Orange,Alien,Short Crop,Blonde,Slate Gray,Dark Brown - Wide,Smile,Charcoal,Red,Tie,Bull Horns,,
2675,Trading Floor Green,Alien,Wavy,Gray Brown,Brown,Taupe - Flat,Smile,Purple,Teal,Bow Tie,Headset,,
2676,Trading Floor Green,Human,Bald,,Teal,Brown - Flat,Gold Tooth,Slate,Purple,Bow Tie,Eye Patch,Diamond Hands,
2677,Light Blue,Zombie,Bald,,Amber,Dark Brown - Wide,Open,Purple,Purple,Tie,Bluetooth Headset,,
2678,Light Blue,Human,Bald,,Blue,Taupe - Flat,Smile,Steel,Teal,Bow Tie,Devil Horns,,
2679,Steel,Human,Bald,,Green,,Open,Slate,Green,Tie,Eye Patch,Whale,
2680,Steel,Zombie,Wide Top,Light Brown,Brown,Brown - Wide,Open,Forest,Green,Tie,Bluetooth Headset,,
2681,Pale Blue,Alien,Tall,Gray Brown,Green,,Smile,Purple,Teal,Tie,Headset,,
2682,Trading Floor Green,Human,Long Side,Charcoal,Amber,Light Brown - Flat,Open,Navy,Gold,Tie,Banded Frameless,Whale,
2683,Light Blue,Robot,Long Side,Charcoal,Green,Taupe - Flat,Open,Steel,Green,Tie,Sunglasses,,
2684,Steel,Devil,Wide Top,Gray Brown,Green,Taupe - Wide,Open,Slate,Gold,Tie,Bluetooth Headset,,
2685,Slate,Human,Wavy,Gray Brown,Amber,Brown - Flat,Smirk,Navy,Teal,Tie,Gold Headset,,
2686,Steel,Human,Classic Side,Brown,Blue,,Beard,Forest,Red,Bow Tie,,Insider,
2687,Steel,Human,Wide Top,Brown,Teal,Dark Brown - Flat,Blond Beard,Steel,Blue,Tie,Crown,,
2688,Tan,Marshmallow,Classic Side,Charcoal,Violet,Light Brown - Flat,Gray Beard,Navy,Purple,Tie,Headset,,
2689,Pale Blue,Marshmallow,Classic Side,Jet Black,Amber,Pink - Flat,Smirk,Slate,Teal,Tie,Eye Patch,Insider,
2690,Slate,Alien,Long Side,Dark Brown,Amber,Light Brown - Flat,Beard,Steel,Green,Tie,Blue Boom Headset,,
2691,Steel,Robot,Wavy,Light Brown,Slate Gray,Pink - Flat,Beard,Purple,Purple,Tie,3D Glasses,,
2692,Sky Blue,Alien,Classic Side,Blonde,Green,Dark Brown - Flat,Open,Slate,Red,Tie,Bluetooth Headset,,
2693,Trading Floor Green,Alien,Long Side,Blonde,Navy,Pink - Flat,Open,Slate,Red,Tie,Crown,Whale,
2694,Slate,Human,Long Side,Gray Brown,Brown,Brown - Flat,Smirk,Steel,Green,Tie,,,
2695,Pale Blue,Human,Tall,Light Brown,Teal,Light Brown - Wide,Smile,Purple,Blue,Bow Tie,Devil Horns,,
2696,Bloomberg Orange,Shadow,Tall,Light Brown,Slate Gray,Brown - Wide,Smirk,Charcoal,Gold,Bow Tie,Eye Patch,Whale,
2697,Bloomberg Orange,Human,Wide Top,Charcoal,Navy,Dark Brown - Flat,Beard,Navy,Purple,Tie,Bluetooth Headset,,
2698,Tan,Human,Wavy,Jet Black,Teal,Pink - Wide,Mustache,Forest,Blue,Tie,Headset,Diamond Hands,
2699,Sky Blue,Human,Bald,,Brown,Light Brown - Wide,Smile,Purple,Gold,Bow Tie,Bull Horns,Diamond Hands,
2700,Slate,Human,Short Crop,Jet Black,Amber,Pink - Flat,Smirk,Steel,Purple,Tie,,,
2701,Light Blue,Human,Short Crop,Dark Brown,Teal,Pink - Flat,Beard,Purple,Red,Tie,Bluetooth Headset,Whale,
2702,Trading Floor Green,Human,Short Crop,Dark Brown,Teal,Taupe - Flat,Neutral,Charcoal,Green,Tie,Sunglasses,,
2703,Pale Blue,Human,Wide Top,Dark Brown,Amber,Dark Brown - Wide,Smirk,Steel,Blue,Tie,3D Glasses,,
2704,Tan,Human,Wide Top,Gray Brown,Green,Light Brown - Wide,Neutral,Forest,Purple,Tie,Bull Horns,,
2705,Bloomberg Orange,Human,Wide Top,Charcoal,Brown,Light Brown - Wide,Smile,Navy,Purple,Bow Tie,Banded Frameless,,
2706,Tan,Marshmallow,Classic Side,Light Brown,Bull Candle,Brown - Wide,Open,Navy,Gold,Tie,Devil Horns,,
2707,Pale Blue,Human,Bald,,Slate Gray,,Neutral,Forest,Purple,Tie,Headset,,
2708,Bloomberg Orange,Marshmallow,Tall,Light Brown,Amber,Light Brown - Flat,Smirk,Forest,Teal,Tie,Bull Horns,,
2709,Tan,Zombie,Long Side,Gray Brown,Blue,Light Brown - Wide,Smile,Slate,Purple,Tie,Bluetooth Headset,,
2710,Light Blue,Human,Short Crop,Charcoal,Slate Gray,Brown - Wide,Mustache,Steel,Gold,Bow Tie,Bluetooth Headset,,
2711,Bloomberg Orange,Human,Tall,Brown,Slate Gray,,Beard,Navy,Teal,Tie,Bull Horns,Whale,
2712,Trading Floor Green,Robot,Long Side,Jet Black,Green,Light Brown - Flat,Blonde Mustache,Purple,Red,Tie,Crown,Diamond Hands,
2713,Sky Blue,Shadow,Short Crop,Gray Brown,Blue,Light Brown - Wide,Neutral,Purple,Teal,Bow Tie,Rimless Glasses,Whale,
2714,Trading Floor Green,Human,Bald,,Blue,Dark Brown - Flat,Blond Beard,Red,Green,Tie,Rimless Glasses,,
2715,Pale Blue,Zombie,Classic Side,Gray Brown,Amber,Brown - Flat,Open,Slate,Red,Tie,Crown,,
2716,Steel,Zombie,Classic Side,Brown,Slate Gray,Brown - Wide,Open,Purple,Green,Tie,Bull Horns,,
2717,Pale Blue,Human,Long Side,Charcoal,Amber,Dark Brown - Flat,Beard,Purple,Purple,Bow Tie,Gold Rims,,
2718,Light Blue,Robot,Wide Top,Jet Black,Amber,Taupe - Flat,Open,Slate,Gold,Tie,Monocle,Diamond Hands,
2719,Sky Blue,Lemon,Bald,,Amber,Dark Brown - Wide,Blonde Mustache,Charcoal,Teal,Tie,Eye Patch,,
2720,Trading Floor Green,Human,Classic Side,Charcoal,Slate Gray,Brown - Wide,Open,Charcoal,Red,Tie,Sunglasses,Whale,
2721,Bloomberg Orange,Marshmallow,Short Crop,Gray Brown,Slate Gray,Taupe - Wide,Beard,Navy,Teal,Bow Tie,Sunglasses,Insider,
2722,Pale Blue,Zombie,Wide Top,Brown,Navy,Pink - Wide,Mustache,Slate,Green,Tie,Headset,,
2723,Steel,Shadow,Tall,Gray Brown,Blue,Taupe - Flat,Blond Beard,Charcoal,Purple,Tie,Headset,,
2724,Steel,Human,Bald,,Teal,Taupe - Flat,Beard,Purple,Teal,Tie,Headset,Insider,
2725,Bloomberg Orange,Human,Tall,Brown,Green,Brown - Wide,Open,Purple,Gold,Tie,3D Glasses,,
2726,Pale Blue,Human,Bald,,Brown,Taupe - Flat,Smile,Slate,Red,Tie,3D Glasses,,
2727,Pale Blue,Marshmallow,Tall,Blonde,Amber,Taupe - Wide,Smirk,Forest,Green,Tie,Rimless Glasses,Diamond Hands,
2728,Tan,Devil,Classic Side,Jet Black,Navy,Taupe - Flat,Smile,Charcoal,Purple,Bow Tie,Banded Frameless,,
2729,Steel,Human,Long Side,Charcoal,Teal,Taupe - Flat,Beard,Purple,Gold,Tie,Rimless Glasses,,
2730,Light Blue,Human,Bald,,Blue,Dark Brown - Wide,Smile,Purple,Blue,Tie,Devil Horns,Diamond Hands,
2731,Pale Blue,Devil,Wavy,Charcoal,Teal,Brown - Wide,Neutral,Steel,Teal,Tie,Monocle,Insider,
2732,Tan,Shadow,Wide Top,Light Brown,Navy,Brown - Wide,Smile,Slate,Gold,Tie,,,
2733,Light Blue,Shadow,Wavy,Light Brown,Brown,Dark Brown - Flat,Smirk,Purple,Green,Tie,Sunglasses,,
2734,Light Blue,Lemon,Long Side,Charcoal,Green,Taupe - Wide,Smirk,Charcoal,Purple,Tie,Gold Rims,,
2735,Bloomberg Orange,Zombie,Short Crop,Light Brown,Slate Gray,Pink - Flat,Smile,Charcoal,Green,Tie,Bull Horns,,
2736,Sky Blue,Devil,Long Side,Gray Brown,Slate Gray,,Open,Slate,Gold,Bow Tie,Blue Boom Headset,,
2737,Tan,Lemon,Wavy,Jet Black,Green,Dark Brown - Flat,Neutral,Slate,Green,Tie,Rimless Glasses,,
2738,Light Blue,Alien,Short Crop,Gray Brown,Navy,Pink - Wide,Beard,Slate,Gold,Tie,Eye Patch,,
2739,Steel,Zombie,Short Crop,Blonde,Violet,,Smirk,Charcoal,Teal,Tie,Crown,,
2740,Bloomberg Orange,Human,Short Crop,Jet Black,Amber,Dark Brown - Flat,Beard,Charcoal,Purple,Tie,Headset,Whale,
2741,Trading Floor Green,Human,Bald,,Violet,Pink - Wide,Neutral,Purple,Red,Tie,Headset,,
2742,Sky Blue,Human,Short Crop,Jet Black,Violet,Light Brown - Wide,Open,Purple,Red,Tie,3D Glasses,Diamond Hands,
2743,Slate,Human,Long Side,Light Brown,Navy,,Beard,Purple,Purple,Tie,Headset,,
2744,Light Blue,Human,Wide Top,Dark Brown,Brown,Dark Brown - Flat,Open,Navy,Blue,Tie,Crown,,
2745,Light Blue,Human,Bald,,Slate Gray,Light Brown - Wide,Open,Navy,Green,Tie,3D Glasses,Insider,
2746,Light Blue,Alien,Long Side,Brown,Green,Taupe - Wide,Beard,Purple,Gold,Tie,Golden Devil Horns,,
2747,Tan,Human,Tall,Charcoal,Slate Gray,Pink - Flat,Mustache,Slate,Purple,Tie,Rimless Glasses,Whale,
2748,Steel,Human,Bald,,Teal,Brown - Wide,Open,Navy,Purple,Tie,3D Glasses,,
2749,Bloomberg Orange,Human,Long Side,Gray Brown,Green,Taupe - Wide,Beard,Slate,Green,Tie,Headset,Diamond Hands,
2750,Trading Floor Green,Robot,Wavy,Light Brown,Teal,Light Brown - Flat,Mustache,Slate,Gold,Bow Tie,Rimless Glasses,,
2751,Pale Blue,Alien,Wavy,Dark Brown,Green,Dark Brown - Flat,Smile,Forest,Blue,Tie,,Diamond Hands,
2752,Pale Blue,Devil,Short Crop,Jet Black,Amber,Light Brown - Flat,Gray Beard,Forest,Purple,Tie,Crown,Whale,
2753,Light Blue,Devil,Long Side,Jet Black,Navy,Dark Brown - Flat,Smirk,Steel,Teal,Tie,Sunglasses,,
2754,Sky Blue,Alien,Short Crop,Blonde,Slate Gray,Pink - Flat,Smirk,Slate,Red,Bow Tie,Bluetooth Headset,,
2755,Light Blue,Devil,Long Side,Jet Black,Blue,Brown - Wide,Blond Beard,Navy,Teal,Tie,Sunglasses,,
2756,Steel,Robot,Tall,Charcoal,Teal,Dark Brown - Flat,Mustache,Slate,Blue,Tie,Crown,,
2757,Light Blue,Human,Short Crop,Gray Brown,Slate Gray,Pink - Wide,Neutral,Slate,Blue,Tie,Headset,Diamond Hands,
2758,Trading Floor Green,Alien,Tall,Dark Brown,Violet,Brown - Wide,Smirk,Navy,Purple,Tie,Rimless Glasses,,
2759,Pale Blue,Human,Wavy,Dark Brown,Amber,Pink - Wide,Smile,Charcoal,Purple,Bow Tie,,Whale,
2760,Light Blue,Lemon,Short Crop,Blonde,Green,Light Brown - Flat,Open,Navy,Gold,Tie,Headset,,
2761,Bloomberg Orange,Lemon,Bald,,Violet,Dark Brown - Wide,Smile,Purple,Teal,Tie,Headset,Insider,
2762,Trading Floor Green,Devil,Wide Top,Charcoal,Green,Brown - Flat,Open,Steel,Green,Tie,3D Glasses,,
2763,Bloomberg Orange,Human,Long Side,Charcoal,Teal,Taupe - Wide,Beard,Navy,Gold,Tie,Blue Boom Headset,,
2764,Tan,Shadow,Bald,,Green,Pink - Flat,Smile,Purple,Purple,Tie,Bluetooth Headset,,
2765,Steel,Human,Short Crop,Dark Brown,Amber,Pink - Wide,Mustache,Charcoal,Gold,Bow Tie,Bull Horns,,
2766,Tan,Human,Classic Side,Brown,Brown,Light Brown - Flat,Gray Beard,Forest,Teal,Tie,Sunglasses,Whale,
2767,Steel,Human,Classic Side,Dark Brown,Green,Taupe - Wide,Neutral,Steel,Blue,Tie,3D Glasses,,
2768,Slate,Human,Bald,,Violet,,Gray Beard,Steel,Purple,Tie,Bluetooth Headset,,
2769,Light Blue,Lemon,Long Side,Light Brown,Amber,Pink - Flat,Beard,Forest,Teal,Bow Tie,,,
2770,Pale Blue,Human,Tall,Blonde,Amber,Taupe - Wide,Smile,Steel,Red,Bow Tie,Crown,Diamond Hands,
2771,Steel,Human,Wide Top,Gray Brown,Slate Gray,Brown - Wide,Smile,Slate,Teal,Tie,Eye Patch,,
2772,Steel,Robot,Long Side,Charcoal,Green,,Smile,Slate,Green,Bow Tie,3D Glasses,Diamond Hands,
2773,Light Blue,Human,Bald,,Violet,Taupe - Wide,Beard,Charcoal,Purple,Bow Tie,Banded Frameless,,
2774,Light Blue,Human,Long Side,Gray Brown,Amber,Dark Brown - Wide,Neutral,Steel,Gold,Tie,Eye Patch,,
2775,Pale Blue,Human,Wavy,Gray Brown,Teal,Dark Brown - Flat,Gray Beard,Navy,Teal,Tie,Banded Frameless,,
2776,Pale Blue,Human,Classic Side,Brown,Amber,Brown - Flat,Smirk,Navy,Purple,Tie,3D Glasses,Diamond Hands,
2777,Trading Floor Green,Human,Tall,Blonde,Brown,Pink - Flat,Beard,Slate,Purple,Tie,Bluetooth Headset,Insider,
2778,Pale Blue,Zombie,Classic Side,Brown,Navy,Brown - Flat,Open,Steel,Blue,Tie,Bull Horns,Diamond Hands,
2779,Tan,Marshmallow,Classic Side,Brown,Brown,Dark Brown - Flat,Neutral,Purple,Green,Tie,Sunglasses,,
2780,Trading Floor Green,Robot,Short Crop,Charcoal,Teal,Light Brown - Wide,Blond Beard,Navy,Gold,Tie,Eye Patch,,
2781,Tan,Zombie,Wavy,Dark Brown,Slate Gray,Pink - Wide,Open,Charcoal,Red,Tie,Bluetooth Headset,Whale,
2782,Pale Blue,Shadow,Classic Side,Jet Black,Slate Gray,Pink - Wide,Neutral,Purple,Red,Tie,Rimless Glasses,,
2783,Bloomberg Orange,Lemon,Tall,Charcoal,Slate Gray,Light Brown - Wide,Smile,Purple,Red,Bow Tie,Bull Horns,,
2784,Trading Floor Green,Human,Wide Top,Jet Black,Violet,Taupe - Wide,Blonde Mustache,Steel,Gold,Bow Tie,Blue Boom Headset,,
2785,Steel,Human,Tall,Dark Brown,Violet,Dark Brown - Flat,Neutral,Steel,Green,Tie,Monocle,Insider,
2786,Slate,Robot,Long Side,Light Brown,Teal,Brown - Wide,Open,Charcoal,Gold,Tie,Banded Frameless,,
2787,Trading Floor Green,Human,Classic Side,Jet Black,Amber,Pink - Flat,Gray Beard,Steel,Blue,Tie,Eye Patch,Insider,
2788,Tan,Human,Bald,,Slate Gray,Pink - Wide,Mustache,Forest,Purple,Tie,Bluetooth Headset,,
2789,Slate,Lemon,Tall,Jet Black,Blue,Dark Brown - Flat,Mustache,Forest,Red,Tie,Blue Boom Headset,,
2790,Trading Floor Green,Human,Short Crop,Charcoal,Amber,Brown - Flat,Neutral,Navy,Gold,Bow Tie,Bluetooth Headset,Whale,
2791,Pale Blue,Devil,Classic Side,Blonde,Slate Gray,Pink - Flat,Blond Beard,Charcoal,Gold,Tie,Monocle,Insider,
2792,Pale Blue,Marshmallow,Wavy,Jet Black,Slate Gray,Dark Brown - Flat,Open,Charcoal,Green,Tie,Bull Horns,,
2793,Sky Blue,Human,Wavy,Light Brown,Blue,Taupe - Wide,Open,Forest,Purple,Tie,Sunglasses,Insider,
2794,Pale Blue,Robot,Classic Side,Dark Brown,Navy,Dark Brown - Flat,Mustache,Forest,Blue,Bow Tie,Banded Frameless,,
2795,Bloomberg Orange,Robot,Classic Side,Charcoal,Navy,Brown - Wide,Gray Beard,Navy,Red,Tie,Headset,,
2796,Light Blue,Devil,Classic Side,Light Brown,Amber,Taupe - Wide,Beard,Forest,Blue,Bow Tie,Rimless Glasses,,
2797,Steel,Human,Long Side,Jet Black,Green,Clown Red - Wide,Smirk,Charcoal,Teal,Tie,Bluetooth Headset,Diamond Hands,
2798,Pale Blue,Marshmallow,Bald,,Violet,Taupe - Wide,Mustache,Slate,Purple,Tie,Bull Horns,Insider,
2799,Slate,Human,Tall,Jet Black,Teal,Taupe - Wide,Beard,Charcoal,Red,Tie,Banded Frameless,Whale,
2800,Pale Blue,Human,Long Side,Light Brown,Violet,Light Brown - Flat,Beard,Charcoal,Gold,Bow Tie,Headset,Insider,
2801,Light Blue,Alien,Long Side,Blonde,Navy,Taupe - Wide,Blonde Mustache,Purple,Red,Bow Tie,,,
2802,Trading Floor Green,Human,Short Crop,Light Brown,Teal,Dark Brown - Flat,Smile,Purple,Blue,Bow Tie,,Insider,
2803,Tan,Lemon,Bald,,Violet,Taupe - Flat,Open,Purple,Purple,Tie,Blue Boom Headset,,
2804,Light Blue,Human,Bald,,Slate Gray,Taupe - Wide,Open,Navy,Purple,Tie,Rimless Glasses,,
2805,Bloomberg Orange,Human,Long Side,Dark Brown,Navy,Dark Brown - Wide,Smile,Forest,Purple,Bow Tie,Banded Frameless,,
2806,Pale Blue,Human,Tall,Gray Brown,Slate Gray,Taupe - Wide,Smile,Charcoal,Teal,Tie,Bluetooth Headset,Insider,
2807,Bloomberg Orange,Devil,Classic Side,Charcoal,Teal,Light Brown - Wide,Mustache,Charcoal,Teal,Tie,3D Glasses,,
2808,Pale Blue,Zombie,Bald,,Blue,Pink - Wide,Beard,Charcoal,Green,Bow Tie,3D Glasses,Insider,
2809,Sky Blue,Human,Wavy,Dark Brown,Green,,Smirk,Slate,Purple,Bow Tie,3D Glasses,Whale,
2810,Pale Blue,Human,Wide Top,Gray Brown,Green,,Smile,Purple,Red,Tie,Bull Horns,Insider,
2811,Light Blue,Zombie,Long Side,Charcoal,Violet,Light Brown - Flat,Beard,Slate,Green,Tie,,,
2812,Steel,Zombie,Long Side,Gray Brown,Amber,Dark Brown - Flat,Smile,Charcoal,Teal,Bow Tie,Eye Patch,Whale,
2813,Bloomberg Orange,Human,Wide Top,Charcoal,Violet,Pink - Wide,Smile,Forest,Red,Tie,3D Glasses,Whale,
2814,Trading Floor Green,Devil,Short Crop,Dark Brown,Navy,Dark Brown - Wide,Smile,Purple,Green,Tie,Rimless Glasses,,
2815,Sky Blue,Human,Long Side,Dark Brown,Blue,Pink - Flat,Blond Beard,Steel,Purple,Bow Tie,Golden Devil Horns,,
2816,Steel,Human,Classic Side,Jet Black,Blue,Light Brown - Flat,Open,Purple,Green,Tie,Rimless Glasses,,
2817,Bloomberg Orange,Human,Tall,Blonde,Green,Dark Brown - Flat,Neutral,Slate,Gold,Bow Tie,Sunglasses,,
2818,Tan,Lemon,Tall,Dark Brown,Blue,Light Brown - Wide,Smirk,Slate,Green,Bow Tie,3D Glasses,,
2819,Bloomberg Orange,Marshmallow,Bald,,Amber,Brown - Flat,Smile,Steel,Purple,Tie,Bluetooth Headset,,
2820,Bloomberg Orange,Human,Classic Side,Jet Black,Teal,Pink - Wide,Gray Beard,Charcoal,Red,Tie,,,
2821,Trading Floor Green,Alien,Tall,Gray Brown,Green,Brown - Flat,Smile,Purple,Gold,Tie,Bluetooth Headset,,
2822,Bloomberg Orange,Devil,Classic Side,Dark Brown,Violet,Taupe - Flat,Open,Steel,Gold,Tie,Devil Horns,Whale,
2823,Sky Blue,Human,Wide Top,Light Brown,Violet,,Neutral,Slate,Green,Bow Tie,Banded Frameless,,
2824,Pale Blue,Zombie,Classic Side,Blonde,Teal,Light Brown - Wide,Open,Purple,Blue,Bow Tie,Sunglasses,,
2825,Slate,Human,Short Crop,Blonde,Blue,Taupe - Wide,Smirk,Purple,Red,Tie,Sunglasses,,
2826,Pale Blue,Human,Long Side,Jet Black,Brown,,Smirk,Charcoal,Red,Bow Tie,Bluetooth Headset,,
2827,Bloomberg Orange,Alien,Wavy,Gray Brown,Amber,Pink - Wide,Gray Beard,Purple,Red,Tie,Bluetooth Headset,Whale,
2828,Bloomberg Orange,Shadow,Wide Top,Charcoal,Green,Pink - Flat,Beard,Charcoal,Red,Tie,Sunglasses,,
2829,Tan,Human,Wavy,Jet Black,Blue,Taupe - Flat,Smirk,Slate,Gold,Tie,3D Glasses,,
2830,Slate,Alien,Short Crop,Gray Brown,Teal,Dark Brown - Wide,Open,Forest,Green,Tie,Headset,,
2831,Slate,Human,Tall,Jet Black,Navy,Dark Brown - Wide,Open,Purple,Purple,Tie,Bluetooth Headset,Whale,
2832,Pale Blue,Human,Wavy,Gray Brown,Amber,Pink - Wide,Neutral,Slate,Red,Tie,,Whale,
2833,Sky Blue,Shadow,Short Crop,Charcoal,Teal,Light Brown - Wide,Beard,Slate,Gold,Tie,,Diamond Hands,
2834,Light Blue,Human,Classic Side,Brown,Teal,Brown - Wide,Open,Charcoal,Teal,Tie,Crown,Insider,
2835,Pale Blue,Human,Short Crop,Dark Brown,Amber,Dark Brown - Flat,Mustache,Charcoal,Teal,Tie,Eye Patch,,
2836,Steel,Lemon,Long Side,Jet Black,Green,Dark Brown - Wide,Gray Beard,Purple,Purple,Tie,Gold Banded Frameless,,
2837,Light Blue,Lemon,Wide Top,Dark Brown,Blue,Taupe - Flat,Mustache,Slate,Green,Tie,Sunglasses,,
2838,Bloomberg Orange,Human,Bald,,Amber,Pink - Flat,Neutral,Purple,Green,Bow Tie,Sunglasses,Insider,
2839,Light Blue,Human,Wide Top,Jet Black,Green,Pink - Wide,Open,Navy,Green,Tie,,Insider,
2840,Bloomberg Orange,Shadow,Wavy,Dark Brown,Brown,Taupe - Flat,Smirk,Navy,Red,Tie,,,
2841,Bloomberg Orange,Lemon,Classic Side,Light Brown,Teal,Brown - Flat,Blonde Mustache,Slate,Red,Tie,Headset,Insider,
2842,Sky Blue,Human,Wide Top,Brown,Teal,Brown - Wide,Neutral,Purple,Purple,Tie,Crown,Whale,
2843,Bloomberg Orange,Human,Classic Side,Jet Black,Violet,Clown Red - Wide,Smile,Slate,Gold,Bow Tie,Rimless Glasses,,
2844,Light Blue,Devil,Bald,,Blue,Light Brown - Flat,Smirk,Forest,Blue,Tie,Headset,,
2845,Steel,Devil,Wavy,Charcoal,Amber,Brown - Flat,Smirk,Charcoal,Blue,Tie,Headset,,
2846,Slate,Human,Wide Top,Brown,Violet,Light Brown - Wide,Smirk,Purple,Green,Bow Tie,Headset,Whale,
2847,Tan,Zombie,Classic Side,Charcoal,Navy,Light Brown - Wide,Beard,Navy,Green,Tie,Rimless Glasses,Diamond Hands,
2848,Slate,Human,Tall,Charcoal,Violet,Taupe - Wide,Beard,Navy,Green,Tie,Rimless Glasses,,
2849,Slate,Human,Bald,,Amber,,Beard,Purple,Teal,Bow Tie,,,
2850,Sky Blue,Human,Short Crop,Gray Brown,Violet,Dark Brown - Wide,Open,Slate,Blue,Tie,Banded Frameless,,
2851,Pale Blue,Lemon,Wide Top,Jet Black,Teal,Dark Brown - Wide,Smirk,Forest,Purple,Tie,Eye Patch,,
2852,Sky Blue,Human,Long Side,Charcoal,Brown,Taupe - Wide,Mustache,Purple,Teal,Tie,Headset,,
2853,Tan,Human,Wavy,Light Brown,Navy,Brown - Flat,Beard,Slate,Blue,Tie,,,
2854,Steel,Shadow,Wavy,Dark Brown,Navy,Brown - Flat,Beard,Forest,Gold,Tie,Monocle,Diamond Hands,
2855,Slate,Marshmallow,Tall,Light Brown,Green,Brown - Wide,Smile,Charcoal,Gold,Tie,3D Glasses,,
2856,Pale Blue,Human,Wide Top,Jet Black,Navy,Light Brown - Flat,Neutral,Forest,Teal,Tie,Bull Horns,Diamond Hands,
2857,Steel,Human,Long Side,Gray Brown,Blue,,Gold Tooth,Steel,Purple,Tie,Crown,Insider,
2858,Sky Blue,Human,Wide Top,Dark Brown,Brown,Taupe - Flat,Blond Beard,Purple,Blue,Tie,Headset,Insider,
2859,Steel,Human,Long Side,Brown,Blue,Brown - Flat,Smile,Steel,Blue,Bow Tie,Devil Horns,,
2860,Light Blue,Marshmallow,Bald,,Brown,Light Brown - Flat,Mustache,Purple,Teal,Bow Tie,Bluetooth Headset,,
2861,Trading Floor Green,Marshmallow,Short Crop,Charcoal,Navy,Taupe - Flat,Smirk,Purple,Gold,Tie,Headset,,
2862,Slate,Devil,Tall,Light Brown,Violet,Brown - Wide,Smile,Purple,Gold,Tie,3D Glasses,,
2863,Sky Blue,Human,Wide Top,Charcoal,Violet,Light Brown - Flat,Smirk,Forest,Teal,Tie,3D Glasses,Diamond Hands,
2864,Pale Blue,Human,Classic Side,Brown,Slate Gray,Taupe - Flat,Blond Beard,Charcoal,Green,Tie,Bluetooth Headset,,
2865,Tan,Human,Long Side,Brown,Green,Dark Brown - Wide,Blond Beard,Charcoal,Green,Tie,Rimless Glasses,,
2866,Trading Floor Green,Robot,Short Crop,Blonde,Navy,Light Brown - Wide,Smile,Steel,Red,Tie,Headset,Diamond Hands,
2867,Pale Blue,Human,Bald,,Brown,,Smirk,Slate,Gold,Tie,Headset,,
2868,Steel,Lemon,Classic Side,Dark Brown,Teal,Pink - Wide,Smirk,Navy,Purple,Tie,Crown,Whale,
2869,Tan,Robot,Wide Top,Charcoal,Violet,Light Brown - Flat,Blonde Mustache,Slate,Blue,Bow Tie,Headset,,
2870,Trading Floor Green,Devil,Short Crop,Dark Brown,Slate Gray,Taupe - Flat,Beard,Navy,Blue,Tie,Eye Patch,,
2871,Slate,Human,Short Crop,Brown,Blue,Pink - Wide,Gray Beard,Slate,Red,Tie,Bull Horns,Insider,
2872,Sky Blue,Marshmallow,Short Crop,Jet Black,Blue,Pink - Wide,Beard,Charcoal,Green,Tie,Sunglasses,,
2873,Bloomberg Orange,Human,Wavy,Blonde,Brown,Dark Brown - Wide,Smirk,Navy,Gold,Tie,Headset,,
2874,Steel,Alien,Classic Side,Charcoal,Violet,Light Brown - Flat,Gray Beard,Navy,Teal,Tie,,,
2875,Light Blue,Human,Wide Top,Brown,Green,Dark Brown - Wide,Neutral,Navy,Purple,Tie,Eye Patch,,
2876,Sky Blue,Human,Long Side,Charcoal,Teal,,Smile,Steel,Red,Tie,,,
2877,Slate,Human,Short Crop,Gray Brown,Green,Taupe - Flat,Neutral,Purple,Gold,Tie,Rimless Glasses,Insider,
2878,Slate,Zombie,Wide Top,Gray Brown,Teal,Pink - Flat,Neutral,Steel,Purple,Tie,Headset,,
2879,Steel,Human,Long Side,Brown,Navy,Light Brown - Flat,Neutral,Slate,Green,Tie,Bluetooth Headset,,
2880,Light Blue,Human,Bald,,Brown,,Blonde Mustache,Slate,Blue,Tie,Bluetooth Headset,Insider,
2881,Sky Blue,Human,Long Side,Light Brown,Slate Gray,Dark Brown - Wide,Neutral,Forest,Blue,Tie,Sunglasses,,
2882,Pale Blue,Alien,Wavy,Gray Brown,Navy,Dark Brown - Flat,Smirk,Red,Purple,Tie,Crown,Diamond Hands,
2883,Trading Floor Green,Lemon,Classic Side,Blonde,Green,Light Brown - Flat,Gold Tooth,Forest,Blue,Tie,Headset,,
2884,Bloomberg Orange,Shadow,Bald,,Slate Gray,Brown - Flat,Open,Forest,Gold,Bow Tie,Headset,Insider,
2885,Pale Blue,Human,Long Side,Brown,Blue,Pink - Flat,Blond Beard,Charcoal,Teal,Tie,Monocle,,
2886,Tan,Lemon,Short Crop,Dark Brown,Brown,,Neutral,Slate,Blue,Tie,Bluetooth Headset,Insider,
2887,Bloomberg Orange,Marshmallow,Short Crop,Jet Black,Violet,Pink - Wide,Neutral,Steel,Green,Bow Tie,Rimless Glasses,Diamond Hands,
2888,Pale Blue,Human,Tall,Blonde,Blue,Pink - Flat,Open,Steel,Blue,Bow Tie,Headset,Insider,
2889,Pale Blue,Zombie,Short Crop,Dark Brown,Blue,Taupe - Wide,Smile,Steel,Purple,Tie,Rimless Glasses,,
2890,Slate,Marshmallow,Wavy,Blonde,Brown,Taupe - Flat,Mustache,Forest,Purple,Tie,Monocle,,
2891,Tan,Human,Wavy,Light Brown,Amber,Brown - Wide,Beard,Charcoal,Red,Tie,Bull Horns,,
2892,Trading Floor Green,Alien,Short Crop,Dark Brown,Brown,,Smile,Forest,Teal,Bow Tie,Headset,,
2893,Light Blue,Human,Wavy,Blonde,Blue,,Smile,Charcoal,Blue,Tie,Bull Horns,,
2894,Tan,Zombie,Long Side,Jet Black,Navy,Dark Brown - Wide,Smirk,Forest,Red,Tie,Blue Boom Headset,Insider,
2895,Tan,Human,Tall,Light Brown,Navy,,Open,Forest,Red,Tie,Banded Frameless,,
2896,Tan,Human,Wavy,Gray Brown,Violet,Light Brown - Wide,Open,Purple,Teal,Bow Tie,Crown,Insider,
2897,Bloomberg Orange,Human,Short Crop,Dark Brown,Amber,Pink - Wide,Gray Beard,Charcoal,Teal,Tie,,Diamond Hands,
2898,Sky Blue,Human,Wavy,Light Brown,Brown,Light Brown - Wide,Mustache,Forest,Purple,Tie,Golden Devil Horns,,
2899,Sky Blue,Human,Tall,Gray Brown,Amber,Taupe - Flat,Smirk,Slate,Purple,Tie,Devil Horns,Insider,
2900,Slate,Human,Tall,Dark Brown,Amber,Light Brown - Flat,Smirk,Purple,Gold,Tie,Sunglasses,Whale,
2901,Bloomberg Orange,Alien,Bald,,Violet,Light Brown - Wide,Smile,Navy,Green,Bow Tie,Bluetooth Headset,,
2902,Pale Blue,Robot,Tall,Dark Brown,Navy,Pink - Wide,Smirk,Red,Purple,Tie,,,
2903,Steel,Alien,Classic Side,Light Brown,Violet,Brown - Flat,Smile,Navy,Gold,Tie,Bull Horns,,
2904,Light Blue,Lemon,Bald,,Brown,Pink - Flat,Smile,Steel,Red,Tie,Banded Frameless,,
2905,Bloomberg Orange,Human,Short Crop,Jet Black,Amber,Pink - Wide,Smile,Charcoal,Green,Tie,Bluetooth Headset,,
2906,Steel,Human,Bald,,Green,Pink - Flat,Smile,Pink,Teal,Tie,Crown,,
2907,Tan,Human,Wide Top,Dark Brown,Navy,Clown Red - Wide,Blond Beard,Steel,Teal,Tie,Banded Frameless,Whale,
2908,Tan,Human,Classic Side,Gray Brown,Blue,Brown - Wide,Neutral,Red,Green,Tie,Gold Banded Frameless,Diamond Hands,
2909,Slate,Alien,Wide Top,Jet Black,Amber,,Blonde Mustache,Navy,Red,Bow Tie,Monocle,,
2910,Trading Floor Green,Human,Short Crop,Gray Brown,Brown,Dark Brown - Flat,Beard,Forest,Green,Tie,Rimless Glasses,,
2911,Light Blue,Marshmallow,Short Crop,Charcoal,Slate Gray,Dark Brown - Wide,Neutral,Steel,Teal,Tie,Headset,,
2912,Tan,Shadow,Bald,,Violet,Brown - Wide,Open,Slate,Gold,Tie,,,
2913,Bloomberg Orange,Lemon,Short Crop,Jet Black,Amber,Light Brown - Flat,Open,Forest,Gold,Tie,Bull Horns,,
2914,Light Blue,Human,Short Crop,Brown,Green,Dark Brown - Flat,Beard,Forest,Blue,Tie,3D Glasses,Diamond Hands,
2915,Bloomberg Orange,Human,Classic Side,Blonde,Blue,Light Brown - Flat,Neutral,Charcoal,Blue,Tie,Bluetooth Headset,Whale,
2916,Bloomberg Orange,Marshmallow,Tall,Charcoal,Blue,Pink - Wide,Smirk,Navy,Purple,Tie,,,
2917,Pale Blue,Human,Tall,Charcoal,Teal,Brown - Wide,Smirk,Steel,Blue,Tie,Sunglasses,,
2918,Sky Blue,Human,Long Side,Gray Brown,Navy,Dark Brown - Flat,Beard,Charcoal,Red,Tie,3D Glasses,,
2919,Tan,Robot,Tall,Light Brown,Blue,Dark Brown - Flat,Open,Forest,Green,Tie,Rimless Glasses,,
2920,Trading Floor Green,Human,Classic Side,Light Brown,Violet,Light Brown - Wide,Beard,Charcoal,Purple,Tie,Gold Rims,,
2921,Bloomberg Orange,Alien,Long Side,Charcoal,Brown,,Mustache,Steel,Green,Tie,Headset,,
2922,Pale Blue,Human,Tall,Light Brown,Green,Light Brown - Flat,Neutral,Purple,Green,Bow Tie,Bull Horns,Whale,
2923,Tan,Human,Long Side,Dark Brown,Navy,Pink - Wide,Smirk,Forest,Teal,Tie,Sunglasses,Diamond Hands,
2924,Pale Blue,Lemon,Wide Top,Brown,Brown,Taupe - Flat,Smirk,Purple,Gold,Tie,Banded Frameless,,
2925,Bloomberg Orange,Shadow,Bald,,Navy,Pink - Wide,Smirk,Navy,Blue,Tie,,,
2926,Tan,Marshmallow,Bald,,Brown,Taupe - Wide,Beard,Purple,Red,Tie,Rimless Glasses,,
2927,Light Blue,Human,Short Crop,Gray Brown,Navy,Dark Brown - Wide,Neutral,Slate,Red,Tie,3D Glasses,Insider,
2928,Steel,Alien,Short Crop,Jet Black,Navy,Light Brown - Flat,Beard,Forest,Teal,Tie,Headset,,
2929,Slate,Alien,Bald,,Amber,Pink - Flat,Smile,Steel,Gold,Tie,Banded Frameless,,
2930,Slate,Human,Short Crop,Charcoal,Navy,Taupe - Flat,Smile,Steel,Green,Tie,Golden Bull Horns,,
2931,Tan,Alien,Wavy,Jet Black,Teal,Light Brown - Wide,Mustache,Steel,Gold,Tie,Bluetooth Headset,,
2932,Tan,Human,Tall,Blonde,Slate Gray,Taupe - Flat,Mustache,Charcoal,Green,Tie,3D Glasses,,
2933,Steel,Robot,Long Side,Gray Brown,Navy,Light Brown - Wide,Smirk,Forest,Blue,Tie,Banded Frameless,,
2934,Light Blue,Human,Wide Top,Gray Brown,Slate Gray,Brown - Flat,Smirk,Charcoal,Blue,Tie,3D Glasses,Whale,
2935,Trading Floor Green,Devil,Classic Side,Jet Black,Amber,Taupe - Flat,Open,Slate,Blue,Tie,,Diamond Hands,
2936,Steel,Human,Long Side,Jet Black,Green,Light Brown - Flat,Neutral,Slate,Green,Tie,Sunglasses,Whale,
2937,Tan,Human,Bald,,Blue,Pink - Flat,Open,Slate,Blue,Tie,Rimless Glasses,,
2938,Bloomberg Orange,Human,Long Side,Charcoal,Brown,Dark Brown - Flat,Smirk,Navy,Green,Bow Tie,Headset,,
2939,Bloomberg Orange,Human,Wavy,Jet Black,Violet,Dark Brown - Flat,Smile,Slate,Teal,Tie,Bull Horns,,
2940,Pale Blue,Shadow,Tall,Jet Black,Brown,Taupe - Wide,Neutral,Navy,Green,Bow Tie,Banded Frameless,,
2941,Trading Floor Green,Human,Tall,Gray Brown,Violet,,Gray Beard,Steel,Blue,Tie,Golden Devil Horns,,
2942,Pale Blue,Human,Wide Top,Gray Brown,Blue,,Gray Beard,Pink,Purple,Bow Tie,Headset,,
2943,Pale Blue,Robot,Long Side,Charcoal,Blue,Dark Brown - Flat,Smirk,Purple,Purple,Tie,Rimless Glasses,Whale,
2944,Tan,Human,Classic Side,Brown,Green,Light Brown - Wide,Neutral,Navy,Gold,Tie,Crown,Whale,
2945,Tan,Human,Short Crop,Brown,Violet,Taupe - Flat,Smile,Purple,Gold,Tie,Bluetooth Headset,,
2946,Bloomberg Orange,Devil,Tall,Light Brown,Amber,Light Brown - Wide,Smirk,Purple,Purple,Tie,Bull Horns,Whale,
2947,Tan,Lemon,Tall,Dark Brown,Blue,Brown - Wide,Beard,Slate,Teal,Tie,,Insider,
2948,Sky Blue,Human,Wavy,Gray Brown,Brown,Taupe - Wide,Mustache,Navy,Blue,Tie,Sunglasses,Whale,
2949,Pale Blue,Human,Wide Top,Gray Brown,Slate Gray,Taupe - Flat,Smile,Purple,Purple,Tie,Bluetooth Headset,Insider,
2950,Slate,Zombie,Tall,Jet Black,Slate Gray,Light Brown - Flat,Beard,Purple,Purple,Tie,Golden Bull Horns,,
2951,Steel,Devil,Long Side,Brown,Slate Gray,Light Brown - Wide,Blonde Mustache,Navy,Purple,Bow Tie,Sunglasses,Insider,
2952,Slate,Devil,Long Side,Brown,Amber,,Mustache,Steel,Green,Tie,Blue Boom Headset,Diamond Hands,
2953,Light Blue,Robot,Wide Top,Brown,Green,,Beard,Forest,Green,Tie,Bluetooth Headset,,
2954,Trading Floor Green,Lemon,Wavy,Jet Black,Navy,Taupe - Wide,Smirk,Slate,Green,Tie,Bull Horns,Diamond Hands,
2955,Pale Blue,Shadow,Tall,Light Brown,Green,,Beard,Steel,Green,Tie,Blue Boom Headset,Diamond Hands,
2956,Sky Blue,Shadow,Short Crop,Brown,Violet,Dark Brown - Wide,Open,Purple,Red,Tie,Bluetooth Headset,Insider,
2957,Pale Blue,Human,Tall,Dark Brown,Blue,Light Brown - Flat,Smirk,Forest,Teal,Tie,Bluetooth Headset,,
2958,Trading Floor Green,Zombie,Long Side,Brown,Blue,Dark Brown - Wide,Beard,Purple,Purple,Tie,Crown,,
2959,Bloomberg Orange,Human,Tall,Brown,Amber,Taupe - Flat,Neutral,Navy,Gold,Bow Tie,Headset,,
2960,Sky Blue,Devil,Wavy,Dark Brown,Green,Light Brown - Wide,Smirk,Navy,Teal,Tie,3D Glasses,,
2961,Steel,Human,Wide Top,Blonde,Navy,Pink - Wide,Neutral,Forest,Gold,Tie,,Insider,
2962,Pale Blue,Zombie,Short Crop,Brown,Amber,Dark Brown - Wide,Blonde Mustache,Slate,Teal,Bow Tie,Blue Boom Headset,Diamond Hands,
2963,Trading Floor Green,Human,Bald,,Blue,Brown - Wide,Smirk,Charcoal,Teal,Tie,,,
2964,Steel,Human,Bald,,Blue,Light Brown - Flat,Smirk,Slate,Teal,Tie,Devil Horns,,
2965,Steel,Human,Short Crop,Blonde,Amber,Dark Brown - Wide,Neutral,Charcoal,Gold,Tie,Bluetooth Headset,Diamond Hands,
2966,Bloomberg Orange,Devil,Wavy,Brown,Violet,Pink - Wide,Mustache,Navy,Red,Tie,Headset,Insider,
2967,Tan,Human,Classic Side,Gray Brown,Violet,Taupe - Flat,Open,Navy,Gold,Tie,Rimless Glasses,,
2968,Sky Blue,Robot,Short Crop,Brown,Green,Pink - Wide,Smile,Forest,Red,Bow Tie,Bluetooth Headset,,
2969,Slate,Lemon,Long Side,Brown,Slate Gray,Taupe - Wide,Mustache,Navy,Red,Tie,Bluetooth Headset,,
2970,Tan,Human,Tall,Dark Brown,Brown,Pink - Flat,Mustache,Charcoal,Gold,Bow Tie,Sunglasses,Diamond Hands,
2971,Tan,Zombie,Tall,Gray Brown,Brown,Brown - Wide,Open,Slate,Green,Tie,Bull Horns,Insider,
2972,Pale Blue,Human,Classic Side,Jet Black,Brown,Pink - Flat,Neutral,Forest,Green,Tie,Banded Frameless,Insider,
2973,Trading Floor Green,Human,Long Side,Charcoal,Blue,Brown - Wide,Beard,Steel,Red,Tie,Sunglasses,,
2974,Trading Floor Green,Lemon,Wide Top,Brown,Navy,Dark Brown - Flat,Smirk,Charcoal,Green,Bow Tie,Headset,Whale,
2975,Light Blue,Shadow,Bald,,Teal,Light Brown - Wide,Smile,Forest,Green,Tie,Bull Horns,Diamond Hands,
2976,Trading Floor Green,Robot,Short Crop,Blonde,Violet,Light Brown - Flat,Neutral,Steel,Green,Tie,,Whale,
2977,Light Blue,Human,Long Side,Jet Black,Green,Brown - Wide,Mustache,Purple,Red,Tie,Bluetooth Headset,,
2978,Tan,Human,Tall,Blonde,Violet,Light Brown - Wide,Smile,Slate,Blue,Tie,Sunglasses,Insider,
2979,Tan,Alien,Wide Top,Gray Brown,Navy,Taupe - Wide,Mustache,Steel,Red,Tie,Monocle,Insider,
2980,Steel,Lemon,Classic Side,Blonde,Slate Gray,,Beard,Steel,Blue,Tie,Bluetooth Headset,Whale,
2981,Sky Blue,Human,Wavy,Dark Brown,Brown,Taupe - Wide,Neutral,Charcoal,Red,Tie,Blue Boom Headset,Whale,
2982,Trading Floor Green,Shadow,Classic Side,Light Brown,Violet,Brown - Wide,Smirk,Navy,Teal,Tie,Headset,,
2983,Pale Blue,Human,Wavy,Light Brown,Brown,Light Brown - Wide,Mustache,Navy,Teal,Tie,Headset,Diamond Hands,
2984,Slate,Shadow,Long Side,Light Brown,Green,Brown - Flat,Blonde Mustache,Purple,Blue,Bow Tie,Sunglasses,Insider,
2985,Light Blue,Human,Classic Side,Blonde,Brown,Dark Brown - Flat,Gold Tooth,Slate,Gold,Bow Tie,Bluetooth Headset,,
2986,Light Blue,Human,Tall,Jet Black,Navy,Brown - Wide,Open,Slate,Purple,Tie,Crown,,
2987,Steel,Human,Long Side,Gray Brown,Brown,Light Brown - Wide,Neutral,Charcoal,Teal,Tie,Devil Horns,Diamond Hands,
2988,Pale Blue,Marshmallow,Short Crop,Brown,Blue,Brown - Flat,Mustache,Navy,Gold,Tie,3D Glasses,,
2989,Sky Blue,Devil,Wavy,Gray Brown,Navy,Dark Brown - Flat,Neutral,Navy,Blue,Tie,Crown,,
2990,Bloomberg Orange,Alien,Short Crop,Blonde,Slate Gray,Dark Brown - Wide,Neutral,Slate,Red,Tie,,,
2991,Sky Blue,Human,Wide Top,Gray Brown,Green,,Neutral,Forest,Purple,Bow Tie,Sunglasses,Whale,
2992,Tan,Human,Wide Top,Blonde,Blue,Taupe - Wide,Smile,Purple,Purple,Tie,Bull Horns,,
2993,Light Blue,Alien,Long Side,Brown,Brown,Pink - Wide,Neutral,Navy,Blue,Bow Tie,Crown,Whale,
2994,Sky Blue,Human,Long Side,Dark Brown,Green,Pink - Flat,Gray Beard,Forest,Blue,Tie,Rimless Glasses,Whale,
2995,Bloomberg Orange,Lemon,Wavy,Light Brown,Amber,Brown - Flat,Mustache,Slate,Teal,Tie,Rimless Glasses,,
2996,Bloomberg Orange,Robot,Classic Side,Blonde,Green,Brown - Flat,Smirk,Steel,Purple,Bow Tie,Crown,,
2997,Bloomberg Orange,Human,Wavy,Light Brown,Blue,Brown - Flat,Smirk,Purple,Gold,Bow Tie,Banded Frameless,,
2998,Light Blue,Human,Wide Top,Gray Brown,Teal,Taupe - Flat,Smile,Forest,Green,Tie,Monocle,Whale,
2999,Light Blue,Human,Wavy,Dark Brown,Green,Brown - Flat,Mustache,Forest,Blue,Tie,Headset,Insider,
3000,Trading Floor Green,Zombie,Wavy,Charcoal,Slate Gray,Dark Brown - Flat,Neutral,Forest,Purple,Tie,3D Glasses,,
3001,Light Blue,Human,Classic Side,Jet Black,Teal,,Beard,Charcoal,Green,Tie,Bluetooth Headset,,
3002,Sky Blue,Human,Short Crop,Light Brown,Green,Taupe - Flat,Smirk,Slate,Blue,Tie,Crown,,
3003,Sky Blue,Alien,Bald,,Green,Taupe - Flat,Smile,Navy,Gold,Tie,Banded Frameless,,
3004,Steel,Robot,Long Side,Jet Black,Brown,Light Brown - Wide,Smile,Charcoal,Blue,Bow Tie,Rimless Glasses,,
3005,Slate,Human,Short Crop,Gray Brown,Green,Pink - Wide,Smile,Charcoal,Gold,Bow Tie,Devil Horns,,
3006,Pale Blue,Human,Long Side,Brown,Amber,Light Brown - Wide,Open,Steel,Blue,Tie,Headset,,
3007,Pale Blue,Marshmallow,Short Crop,Blonde,Slate Gray,Dark Brown - Wide,Open,Forest,Green,Bow Tie,,Whale,
3008,Slate,Human,Bald,,Amber,Light Brown - Wide,Beard,Slate,Green,Bow Tie,Rimless Glasses,,
3009,Steel,Shadow,Classic Side,Charcoal,Blue,Pink - Flat,Neutral,Forest,Blue,Tie,Banded Frameless,,
3010,Trading Floor Green,Lemon,Wavy,Jet Black,Amber,Light Brown - Flat,Mustache,Slate,Gold,Bow Tie,Headset,Whale,
3011,Sky Blue,Robot,Short Crop,Dark Brown,Teal,Light Brown - Flat,Beard,Charcoal,Blue,Tie,,,
3012,Slate,Human,Wavy,Dark Brown,Navy,,Smile,Forest,Green,Bow Tie,,,
3013,Tan,Lemon,Wide Top,Brown,Navy,Brown - Wide,Smile,Forest,Red,Tie,Crown,,
3014,Steel,Human,Wide Top,Jet Black,Navy,Brown - Flat,Blonde Mustache,Navy,Gold,Bow Tie,Blue Boom Headset,,
3015,Pale Blue,Robot,Long Side,Charcoal,Green,Pink - Wide,Blonde Mustache,Steel,Blue,Tie,Gold Headset,,
3016,Sky Blue,Robot,Bald,,Green,,Mustache,Purple,Gold,Tie,3D Glasses,,
3017,Light Blue,Human,Bald,,Amber,Dark Brown - Wide,Beard,Purple,Green,Tie,Banded Frameless,,
3018,Bloomberg Orange,Robot,Tall,Charcoal,Teal,Dark Brown - Wide,Smile,Slate,Gold,Tie,Blue Boom Headset,Insider,
3019,Pale Blue,Zombie,Wide Top,Dark Brown,Amber,Brown - Flat,Smirk,Navy,Purple,Bow Tie,3D Glasses,,
3020,Bloomberg Orange,Shadow,Classic Side,Gray Brown,Slate Gray,,Gold Tooth,Forest,Gold,Tie,Rimless Glasses,Insider,
3021,Slate,Human,Wide Top,Blonde,Slate Gray,Pink - Wide,Smile,Charcoal,Green,Tie,Headset,,
3022,Bloomberg Orange,Devil,Wide Top,Jet Black,Brown,Dark Brown - Wide,Smile,Purple,Purple,Bow Tie,Eye Patch,,
3023,Tan,Zombie,Short Crop,Jet Black,Teal,Pink - Flat,Smile,Charcoal,Teal,Tie,,,
3024,Pale Blue,Shadow,Classic Side,Brown,Blue,,Gray Beard,Steel,Red,Tie,,Whale,
3025,Light Blue,Human,Wavy,Light Brown,Brown,Taupe - Flat,Open,Charcoal,Red,Tie,Blue Boom Headset,,
3026,Bloomberg Orange,Shadow,Classic Side,Blonde,Teal,,Neutral,Purple,Blue,Tie,Bluetooth Headset,,
3027,Trading Floor Green,Shadow,Classic Side,Light Brown,Amber,Light Brown - Flat,Neutral,Slate,Gold,Tie,Bull Horns,,
3028,Trading Floor Green,Human,Bald,,Blue,Brown - Flat,Smile,Purple,Teal,Tie,Headset,,
3029,Pale Blue,Human,Long Side,Blonde,Brown,Pink - Flat,Neutral,Pink,Green,Tie,Sunglasses,Insider,
3030,Pale Blue,Lemon,Short Crop,Jet Black,Navy,Light Brown - Flat,Blond Beard,Slate,Blue,Tie,Sunglasses,,
3031,Tan,Human,Wavy,Brown,Navy,Brown - Flat,Open,Slate,Green,Tie,3D Glasses,,
3032,Trading Floor Green,Robot,Wavy,Dark Brown,Blue,Light Brown - Flat,Open,Red,Green,Tie,Sunglasses,,
3033,Trading Floor Green,Robot,Bald,,Navy,Pink - Flat,Smirk,Steel,Blue,Tie,Bluetooth Headset,Whale,
3034,Slate,Devil,Bald,,Brown,Taupe - Flat,Open,Purple,Blue,Tie,,,
3035,Slate,Devil,Short Crop,Light Brown,Violet,Taupe - Wide,Neutral,Steel,Red,Tie,Crown,,
3036,Sky Blue,Human,Classic Side,Gray Brown,Amber,Light Brown - Wide,Smile,Charcoal,Red,Tie,3D Glasses,,
3037,Pale Blue,Human,Wavy,Blonde,Green,Light Brown - Flat,Open,Steel,Purple,Tie,3D Glasses,Insider,
3038,Light Blue,Robot,Short Crop,Dark Brown,Slate Gray,Light Brown - Flat,Smirk,Navy,Green,Tie,Devil Horns,Diamond Hands,
3039,Bloomberg Orange,Zombie,Wavy,Jet Black,Slate Gray,Light Brown - Wide,Neutral,Navy,Purple,Tie,Crown,,
3040,Steel,Human,Classic Side,Gray Brown,Amber,Taupe - Flat,Mustache,Navy,Gold,Tie,Bluetooth Headset,Diamond Hands,
3041,Slate,Lemon,Tall,Dark Brown,Teal,Taupe - Flat,Smile,Forest,Green,Tie,Rimless Glasses,,
3042,Pale Blue,Robot,Short Crop,Gray Brown,Green,,Blonde Mustache,Navy,Teal,Tie,Rimless Glasses,,
3043,Tan,Alien,Classic Side,Light Brown,Slate Gray,Pink - Flat,Smile,Navy,Purple,Tie,Headset,Whale,
3044,Trading Floor Green,Devil,Wavy,Dark Brown,Green,Taupe - Flat,Beard,Purple,Teal,Bow Tie,3D Glasses,,
3045,Light Blue,Lemon,Classic Side,Gray Brown,Amber,,Mustache,Purple,Gold,Tie,3D Glasses,,
3046,Light Blue,Marshmallow,Wavy,Dark Brown,Teal,,Neutral,Slate,Teal,Bow Tie,Banded Frameless,,
3047,Sky Blue,Alien,Wide Top,Jet Black,Violet,Taupe - Flat,Smile,Forest,Blue,Tie,Rimless Glasses,Insider,
3048,Bloomberg Orange,Human,Tall,Brown,Slate Gray,Brown - Wide,Neutral,Charcoal,Gold,Tie,Headset,Whale,
3049,Steel,Marshmallow,Tall,Blonde,Blue,Pink - Flat,Smile,Purple,Blue,Tie,3D Glasses,,
3050,Slate,Lemon,Wide Top,Gray Brown,Blue,Taupe - Flat,Blond Beard,Navy,Green,Tie,Golden Bull Horns,Diamond Hands,
3051,Pale Blue,Zombie,Short Crop,Light Brown,Amber,Light Brown - Flat,Beard,Purple,Green,Tie,Rimless Glasses,,
3052,Sky Blue,Devil,Wide Top,Charcoal,Blue,Taupe - Flat,Blond Beard,Charcoal,Red,Tie,,Insider,
3053,Slate,Lemon,Wide Top,Brown,Brown,Dark Brown - Flat,Neutral,Charcoal,Purple,Tie,Headset,,
3054,Steel,Shadow,Short Crop,Dark Brown,Teal,,Blond Beard,Purple,Gold,Tie,,Whale,
3055,Tan,Human,Classic Side,Light Brown,Teal,Dark Brown - Wide,Open,Navy,Purple,Tie,Rimless Glasses,,
3056,Sky Blue,Marshmallow,Classic Side,Dark Brown,Slate Gray,Taupe - Flat,Beard,Charcoal,Green,Bow Tie,Sunglasses,,
3057,Trading Floor Green,Robot,Wavy,Dark Brown,Slate Gray,Light Brown - Flat,Smile,Forest,Gold,Bow Tie,Bull Horns,Diamond Hands,
3058,Steel,Zombie,Classic Side,Jet Black,Green,Light Brown - Flat,Open,Purple,Teal,Tie,Gold Rims,,
3059,Trading Floor Green,Zombie,Long Side,Jet Black,Slate Gray,Light Brown - Wide,Smirk,Navy,Red,Tie,Crown,,
3060,Steel,Human,Long Side,Light Brown,Violet,Brown - Flat,Neutral,Steel,Green,Tie,Bluetooth Headset,Whale,
3061,Slate,Human,Long Side,Jet Black,Slate Gray,,Smile,Slate,Red,Tie,Bull Horns,,
3062,Sky Blue,Alien,Tall,Gray Brown,Navy,Dark Brown - Wide,Mustache,Slate,Gold,Tie,Crown,,
3063,Slate,Human,Short Crop,Jet Black,Brown,Light Brown - Flat,Neutral,Navy,Blue,Tie,Blue Boom Headset,Whale,
3064,Trading Floor Green,Zombie,Wide Top,Jet Black,Teal,Light Brown - Flat,Smile,Slate,Blue,Tie,,Whale,
3065,Trading Floor Green,Lemon,Wide Top,Dark Brown,Slate Gray,Pink - Wide,Beard,Forest,Gold,Tie,Bull Horns,Insider,
3066,Tan,Human,Bald,,Teal,Light Brown - Wide,Open,Forest,Blue,Tie,3D Glasses,Diamond Hands,
3067,Sky Blue,Human,Tall,Brown,Teal,Brown - Flat,Smile,Charcoal,Green,Tie,Eye Patch,,White
3068,Steel,Human,Classic Side,Brown,Blue,Light Brown - Wide,Beard,Slate,Blue,Tie,Bull Horns,,
3069,Sky Blue,Human,Bald,,Amber,,Beard,Slate,Green,Tie,Sunglasses,Diamond Hands,
3070,Pale Blue,Devil,Tall,Gray Brown,Violet,Light Brown - Wide,Beard,Steel,Blue,Tie,Headset,Insider,
3071,Light Blue,Human,Bald,,Navy,Dark Brown - Wide,Smile,Navy,Teal,Tie,,,
3072,Slate,Human,Bald,,Green,Pink - Flat,Neutral,Purple,Teal,Tie,,Insider,
3073,Pale Blue,Human,Short Crop,Light Brown,Teal,Pink - Wide,Smirk,Navy,Red,Tie,Bluetooth Headset,Diamond Hands,
3074,Bloomberg Orange,Human,Long Side,Jet Black,Blue,Brown - Wide,Open,Red,Green,Tie,Bluetooth Headset,Whale,
3075,Light Blue,Human,Wavy,Dark Brown,Blue,Light Brown - Flat,Neutral,Forest,Gold,Tie,Headset,,
3076,Light Blue,Robot,Wide Top,Charcoal,Blue,Pink - Wide,Smirk,Navy,Gold,Tie,Devil Horns,Whale,
3077,Slate,Marshmallow,Long Side,Blonde,Teal,Brown - Wide,Neutral,Navy,Red,Bow Tie,Golden Bull Horns,,
3078,Pale Blue,Marshmallow,Short Crop,Jet Black,Navy,Dark Brown - Flat,Neutral,Forest,Green,Tie,Crown,,
3079,Bloomberg Orange,Zombie,Wide Top,Gray Brown,Brown,Taupe - Wide,Neutral,Purple,Green,Tie,Eye Patch,,
3080,Sky Blue,Devil,Wide Top,Blonde,Teal,Pink - Wide,Mustache,Forest,Red,Tie,Headset,Insider,
3081,Sky Blue,Devil,Long Side,Brown,Slate Gray,,Beard,Navy,Green,Bow Tie,Bluetooth Headset,,
3082,Light Blue,Lemon,Long Side,Gray Brown,Violet,Pink - Flat,Blonde Mustache,Charcoal,Green,Bow Tie,Banded Frameless,,
3083,Trading Floor Green,Human,Short Crop,Brown,Navy,Pink - Flat,Open,Navy,Green,Bow Tie,Sunglasses,,
3084,Steel,Shadow,Classic Side,Charcoal,Blue,Light Brown - Wide,Smile,Steel,Green,Bow Tie,Rimless Glasses,Whale,
3085,Pale Blue,Lemon,Wide Top,Brown,Navy,Dark Brown - Flat,Open,Navy,Red,Tie,Headset,Whale,
3086,Steel,Shadow,Bald,,Amber,Dark Brown - Wide,Smile,Purple,Blue,Tie,Headset,Whale,
3087,Bloomberg Orange,Lemon,Classic Side,Gray Brown,Brown,,Blond Beard,Navy,Red,Tie,Headset,,
3088,Tan,Shadow,Wavy,Brown,Slate Gray,,Gray Beard,Slate,Purple,Bow Tie,Devil Horns,,
3089,Bloomberg Orange,Shadow,Wide Top,Charcoal,Green,,Mustache,Navy,Blue,Tie,Crown,Insider,
3090,Light Blue,Alien,Tall,Light Brown,Brown,Light Brown - Flat,Neutral,Charcoal,Green,Tie,Bull Horns,,
3091,Trading Floor Green,Lemon,Wavy,Gray Brown,Amber,Taupe - Flat,Smirk,Steel,Teal,Tie,Golden Bull Horns,Insider,
3092,Sky Blue,Human,Wide Top,Dark Brown,Blue,Dark Brown - Flat,Beard,Charcoal,Purple,Tie,Bluetooth Headset,,
3093,Slate,Robot,Wide Top,Jet Black,Navy,Pink - Wide,Beard,Purple,Blue,Tie,,,
3094,Trading Floor Green,Alien,Bald,,Violet,Brown - Wide,Smirk,Charcoal,Teal,Tie,Rimless Glasses,,
3095,Bloomberg Orange,Human,Long Side,Brown,Violet,Dark Brown - Flat,Beard,Steel,Blue,Tie,3D Glasses,,
3096,Steel,Human,Short Crop,Gray Brown,Blue,Pink - Flat,Mustache,Rainbow,Red,Bow Tie,Bull Horns,,
3097,Sky Blue,Devil,Long Side,Blonde,Blue,Taupe - Wide,Open,Steel,Green,Tie,,Whale,
3098,Tan,Human,Wavy,Light Brown,Slate Gray,Brown - Flat,Beard,Forest,Green,Tie,Sunglasses,Insider,
3099,Pale Blue,Zombie,Short Crop,Dark Brown,Green,Dark Brown - Flat,Beard,Forest,Green,Bow Tie,,,
3100,Trading Floor Green,Human,Long Side,Brown,Brown,Light Brown - Wide,Beard,Steel,Green,Tie,Golden Bull Horns,,
3101,Slate,Marshmallow,Wavy,Gray Brown,Teal,Pink - Wide,Smile,Charcoal,Blue,Tie,Headset,,
3102,Steel,Alien,Wavy,Blonde,Amber,Brown - Flat,Smirk,Slate,Green,Tie,Gold Headset,,
3103,Pale Blue,Zombie,Wavy,Jet Black,Amber,Brown - Wide,Neutral,Charcoal,Teal,Tie,Banded Frameless,Whale,
3104,Trading Floor Green,Alien,Short Crop,Gray Brown,Teal,Dark Brown - Flat,Smile,Slate,Green,Tie,Bluetooth Headset,,
3105,Tan,Human,Bald,,Amber,Taupe - Wide,Smile,Forest,Green,Tie,Headset,,
3106,Tan,Robot,Long Side,Charcoal,Slate Gray,Taupe - Flat,Gray Beard,Navy,Purple,Tie,Crown,Insider,
3107,Light Blue,Marshmallow,Tall,Jet Black,Slate Gray,Dark Brown - Wide,Mustache,Purple,Green,Bow Tie,Headset,Diamond Hands,
3108,Light Blue,Shadow,Classic Side,Jet Black,Navy,Brown - Wide,Smirk,Purple,Gold,Tie,Headset,,
3109,Bloomberg Orange,Human,Bald,,Teal,Brown - Flat,Smile,Navy,Teal,Tie,Headset,Diamond Hands,
3110,Light Blue,Human,Bald,,Slate Gray,Dark Brown - Flat,Smirk,Charcoal,Red,Tie,Sunglasses,,
3111,Trading Floor Green,Zombie,Wavy,Jet Black,Brown,,Smirk,Slate,Blue,Tie,Bluetooth Headset,,
3112,Tan,Human,Short Crop,Dark Brown,Slate Gray,Pink - Flat,Smile,Forest,Green,Tie,Headset,,
3113,Light Blue,Robot,Classic Side,Charcoal,Brown,Brown - Wide,Neutral,Charcoal,Green,Bow Tie,3D Glasses,Whale,
3114,Slate,Marshmallow,Tall,Charcoal,Navy,Pink - Wide,Beard,Navy,Teal,Tie,Crown,,
3115,Light Blue,Alien,Tall,Brown,Violet,Clown Red - Wide,Smirk,Navy,Red,Tie,Monocle,,
3116,Sky Blue,Human,Wide Top,Charcoal,Teal,Dark Brown - Wide,Neutral,Slate,Red,Tie,Bluetooth Headset,,
3117,Bloomberg Orange,Zombie,Classic Side,Blonde,Slate Gray,Pink - Flat,Beard,Purple,Teal,Bow Tie,Headset,Diamond Hands,
3118,Pale Blue,Human,Bald,,Amber,Light Brown - Wide,Beard,Navy,Gold,Bow Tie,Banded Frameless,,
3119,Bloomberg Orange,Alien,Long Side,Jet Black,Violet,Pink - Flat,Beard,Navy,Purple,Bow Tie,Rimless Glasses,,
3120,Sky Blue,Human,Short Crop,Brown,Violet,Brown - Wide,Blond Beard,Charcoal,Green,Tie,Bluetooth Headset,,
3121,Tan,Human,Wide Top,Dark Brown,Green,,Smile,Pink,Blue,Bow Tie,Rimless Glasses,,
3122,Tan,Human,Tall,Dark Brown,Navy,Taupe - Wide,Smirk,Charcoal,Blue,Bow Tie,Blue Boom Headset,,
3123,Pale Blue,Human,Wide Top,Dark Brown,Amber,Pink - Flat,Neutral,Navy,Red,Tie,Crown,Diamond Hands,
3124,Light Blue,Human,Short Crop,Charcoal,Brown,Light Brown - Flat,Smile,Steel,Blue,Tie,Headset,,
3125,Slate,Human,Wavy,Blonde,Violet,Brown - Flat,Open,Red,Purple,Tie,Headset,,
3126,Tan,Human,Short Crop,Blonde,Navy,Taupe - Flat,Smirk,Charcoal,Purple,Bow Tie,Headset,,
3127,Steel,Lemon,Bald,,Violet,Light Brown - Flat,Neutral,Charcoal,Red,Tie,3D Glasses,Whale,
3128,Tan,Human,Wavy,Dark Brown,Brown,Pink - Flat,Open,Slate,Teal,Tie,Monocle,,
3129,Tan,Marshmallow,Short Crop,Light Brown,Amber,Dark Brown - Flat,Blond Beard,Navy,Gold,Bow Tie,Bull Horns,,
3130,Light Blue,Human,Wide Top,Light Brown,Teal,Dark Brown - Wide,Smile,Purple,Purple,Tie,Banded Frameless,Whale,
3131,Trading Floor Green,Human,Long Side,Gray Brown,Green,Dark Brown - Wide,Mustache,Red,Gold,Tie,Golden Bull Horns,,Cream
3132,Light Blue,Human,Long Side,Jet Black,Brown,Pink - Wide,Smirk,Forest,Purple,Tie,Sunglasses,Whale,
3133,Slate,Devil,Classic Side,Gray Brown,Blue,,Neutral,Slate,Green,Tie,3D Glasses,,
3134,Light Blue,Human,Wavy,Gray Brown,Brown,,Smile,Purple,Purple,Tie,Gold Rims,Diamond Hands,
3135,Bloomberg Orange,Alien,Bald,,Teal,Dark Brown - Flat,Neutral,Purple,Green,Tie,Bull Horns,Diamond Hands,
3136,Steel,Shadow,Bald,,Amber,Taupe - Flat,Open,Purple,Green,Tie,Headset,,
3137,Light Blue,Human,Short Crop,Brown,Blue,Taupe - Wide,Smile,Forest,Red,Bow Tie,Eye Patch,,
3138,Light Blue,Alien,Wide Top,Gray Brown,Navy,Brown - Flat,Smile,Slate,Red,Tie,Crown,,
3139,Tan,Alien,Long Side,Charcoal,Blue,Dark Brown - Flat,Smile,Charcoal,Purple,Tie,,Diamond Hands,
3140,Bloomberg Orange,Human,Long Side,Charcoal,Amber,Light Brown - Wide,Beard,Slate,Green,Tie,3D Glasses,Whale,
3141,Trading Floor Green,Robot,Long Side,Light Brown,Brown,Brown - Wide,Blonde Mustache,Charcoal,Blue,Tie,Rimless Glasses,Whale,
3142,Tan,Devil,Tall,Blonde,Green,Pink - Flat,Beard,Purple,Red,Tie,Rimless Glasses,Insider,
3143,Trading Floor Green,Human,Wavy,Brown,Green,Taupe - Flat,Smirk,Steel,Teal,Tie,3D Glasses,Diamond Hands,
3144,Steel,Human,Wide Top,Gray Brown,Slate Gray,Pink - Flat,Neutral,Navy,Blue,Bow Tie,Bluetooth Headset,,
3145,Sky Blue,Marshmallow,Bald,,Blue,,Beard,Steel,Blue,Tie,3D Glasses,Whale,
3146,Pale Blue,Human,Wide Top,Blonde,Amber,Light Brown - Wide,Open,Navy,Gold,Tie,Crown,Diamond Hands,
3147,Slate,Lemon,Tall,Brown,Navy,Dark Brown - Wide,Blonde Mustache,Slate,Gold,Tie,Bull Horns,,
3148,Bloomberg Orange,Human,Short Crop,Gray Brown,Blue,Pink - Flat,Open,Slate,Purple,Tie,Sunglasses,,
3149,Bloomberg Orange,Zombie,Long Side,Jet Black,Green,Taupe - Wide,Neutral,Forest,Teal,Bow Tie,Headset,Insider,
3150,Slate,Shadow,Wavy,Dark Brown,Violet,Dark Brown - Wide,Beard,Steel,Teal,Tie,Golden Bull Horns,,
3151,Trading Floor Green,Robot,Short Crop,Jet Black,Green,Dark Brown - Wide,Smile,Forest,Gold,Tie,,,
3152,Steel,Zombie,Long Side,Dark Brown,Green,,Neutral,Forest,Purple,Tie,Sunglasses,,
3153,Bloomberg Orange,Alien,Bald,,Amber,Brown - Wide,Beard,Purple,Teal,Tie,Bluetooth Headset,,
3154,Light Blue,Human,Classic Side,Blonde,Slate Gray,Dark Brown - Flat,Smirk,Steel,Teal,Tie,,,
3155,Sky Blue,Lemon,Bald,,Slate Gray,Dark Brown - Wide,Mustache,Steel,Gold,Bow Tie,3D Glasses,,
3156,Bloomberg Orange,Human,Long Side,Blonde,Green,Brown - Flat,Mustache,Navy,Green,Tie,Gold Headset,,
3157,Tan,Human,Wavy,Gray Brown,Teal,Pink - Wide,Mustache,Red,Red,Bow Tie,Sunglasses,Diamond Hands,
3158,Light Blue,Devil,Wavy,Blonde,Blue,Taupe - Flat,Mustache,Charcoal,Teal,Tie,Crown,,
3159,Light Blue,Human,Tall,Gray Brown,Amber,Pink - Flat,Blonde Mustache,Navy,Blue,Tie,Rimless Glasses,,
3160,Bloomberg Orange,Shadow,Wavy,Dark Brown,Green,Dark Brown - Flat,Smirk,Purple,Gold,Bow Tie,3D Glasses,,
3161,Bloomberg Orange,Alien,Long Side,Gray Brown,Blue,Brown - Flat,Open,Purple,Purple,Bow Tie,,,
3162,Light Blue,Shadow,Tall,Charcoal,Brown,Dark Brown - Flat,Beard,Purple,Gold,Tie,,,
3163,Slate,Lemon,Wide Top,Light Brown,Slate Gray,Brown - Flat,Smile,Steel,Teal,Bow Tie,Sunglasses,,
3164,Tan,Zombie,Wavy,Charcoal,Amber,Brown - Flat,Open,Forest,Purple,Bow Tie,3D Glasses,,
3165,Slate,Human,Bald,,Blue,Taupe - Flat,Smile,Forest,Green,Tie,3D Glasses,Diamond Hands,
3166,Tan,Shadow,Bald,,Blue,,Beard,Forest,Green,Tie,Bluetooth Headset,,
3167,Slate,Human,Short Crop,Charcoal,Slate Gray,Dark Brown - Wide,Beard,Forest,Blue,Tie,Crown,,
3168,Sky Blue,Human,Long Side,Brown,Violet,Dark Brown - Wide,Neutral,Purple,Gold,Tie,Bluetooth Headset,,
3169,Steel,Zombie,Bald,,Navy,Taupe - Wide,Beard,Charcoal,Blue,Tie,Bluetooth Headset,,
3170,Tan,Robot,Tall,Dark Brown,Brown,Taupe - Wide,Open,Charcoal,Red,Tie,Bluetooth Headset,,
3171,Trading Floor Green,Lemon,Bald,,Slate Gray,Light Brown - Wide,Open,Slate,Blue,Tie,Headset,Diamond Hands,
3172,Light Blue,Alien,Long Side,Light Brown,Violet,Light Brown - Flat,Beard,Purple,Teal,Bow Tie,Crown,,
3173,Steel,Shadow,Long Side,Brown,Amber,Brown - Flat,Smile,Navy,Green,Tie,Bluetooth Headset,,
3174,Slate,Zombie,Tall,Brown,Blue,Taupe - Flat,Blond Beard,Steel,Red,Tie,Headset,,Gold
3175,Light Blue,Human,Wavy,Light Brown,Blue,Taupe - Wide,Mustache,Steel,Teal,Tie,Bull Horns,Diamond Hands,
3176,Light Blue,Marshmallow,Tall,Light Brown,Slate Gray,Taupe - Flat,Neutral,Navy,Green,Bow Tie,Blue Boom Headset,,
3177,Slate,Human,Classic Side,Blonde,Teal,Light Brown - Wide,Neutral,Charcoal,Red,Tie,Bluetooth Headset,,
3178,Tan,Devil,Bald,,Amber,,Smirk,Steel,Green,Tie,Bull Horns,Diamond Hands,
3179,Slate,Human,Long Side,Blonde,Amber,Pink - Wide,Smile,Steel,Green,Bow Tie,3D Glasses,,
3180,Sky Blue,Marshmallow,Wavy,Brown,Amber,Brown - Wide,Smirk,Slate,Blue,Tie,Bull Horns,,
3181,Bloomberg Orange,Human,Short Crop,Light Brown,Amber,,Beard,Steel,Teal,Tie,Headset,Insider,
3182,Steel,Human,Bald,,Violet,Light Brown - Flat,Neutral,Forest,Gold,Tie,Headset,,
3183,Light Blue,Zombie,Bald,,Brown,Taupe - Flat,Open,Slate,Purple,Tie,Banded Frameless,Diamond Hands,
3184,Bloomberg Orange,Robot,Short Crop,Brown,Teal,Dark Brown - Wide,Mustache,Slate,Green,Tie,3D Glasses,,
3185,Bloomberg Orange,Marshmallow,Tall,Charcoal,Slate Gray,Taupe - Wide,Beard,Slate,Gold,Bow Tie,3D Glasses,,
3186,Steel,Human,Bald,,Blue,Brown - Wide,Neutral,Charcoal,Green,Bow Tie,,Whale,
3187,Tan,Human,Classic Side,Gray Brown,Navy,Taupe - Flat,Smirk,Slate,Gold,Bow Tie,Monocle,,
3188,Slate,Human,Classic Side,Light Brown,Blue,Brown - Wide,Blond Beard,Steel,Blue,Tie,Golden Devil Horns,,
3189,Tan,Lemon,Tall,Brown,Brown,Light Brown - Flat,Smile,Steel,Gold,Tie,Bluetooth Headset,,
3190,Trading Floor Green,Alien,Wavy,Jet Black,Amber,Taupe - Flat,Open,Purple,Blue,Bow Tie,Banded Frameless,Whale,
3191,Slate,Devil,Classic Side,Gray Brown,Teal,Dark Brown - Wide,Smile,Navy,Teal,Tie,Blue Boom Headset,,
3192,Light Blue,Zombie,Wavy,Charcoal,Brown,Pink - Wide,Beard,Navy,Green,Tie,Blue Boom Headset,Diamond Hands,
3193,Trading Floor Green,Human,Wide Top,Gray Brown,Blue,Dark Brown - Flat,Smile,Navy,Green,Tie,Gold Headset,,Cream
3194,Slate,Marshmallow,Wavy,Dark Brown,Blue,Taupe - Flat,Beard,Steel,Purple,Bow Tie,Bull Horns,Insider,
3195,Bloomberg Orange,Human,Tall,Charcoal,Slate Gray,Light Brown - Wide,Smirk,Steel,Blue,Tie,,,
3196,Light Blue,Human,Wide Top,Blonde,Blue,Dark Brown - Flat,Beard,Steel,Green,Tie,,,
3197,Steel,Marshmallow,Wavy,Charcoal,Amber,Light Brown - Flat,Smirk,Steel,Red,Tie,Monocle,,
3198,Steel,Alien,Classic Side,Gray Brown,Slate Gray,Dark Brown - Wide,Smile,Purple,Blue,Tie,Banded Frameless,Insider,
3199,Pale Blue,Robot,Short Crop,Gray Brown,Violet,Brown - Wide,Blonde Mustache,Navy,Green,Tie,Bluetooth Headset,,
3200,Bloomberg Orange,Human,Tall,Jet Black,Green,Pink - Flat,Beard,Steel,Blue,Tie,Golden Bull Horns,Whale,
3201,Bloomberg Orange,Shadow,Tall,Dark Brown,Teal,Brown - Flat,Neutral,Purple,Gold,Tie,Golden Devil Horns,Diamond Hands,
3202,Light Blue,Human,Long Side,Light Brown,Brown,,Mustache,Charcoal,Purple,Tie,Bluetooth Headset,,
3203,Tan,Marshmallow,Classic Side,Charcoal,Navy,Light Brown - Flat,Mustache,Purple,Teal,Tie,Gold Banded Frameless,Insider,
3204,Tan,Human,Wavy,Gray Brown,Blue,Light Brown - Flat,Neutral,Forest,Green,Tie,Sunglasses,,
3205,Steel,Devil,Long Side,Jet Black,Navy,Brown - Flat,Open,Slate,Green,Tie,Crown,Diamond Hands,
3206,Steel,Shadow,Short Crop,Brown,Green,Taupe - Wide,Neutral,Purple,Teal,Tie,Sunglasses,,
3207,Trading Floor Green,Human,Short Crop,Light Brown,Brown,Brown - Wide,Gray Beard,Slate,Blue,Tie,Headset,,
3208,Pale Blue,Devil,Short Crop,Brown,Green,Light Brown - Wide,Blonde Mustache,Steel,Green,Bow Tie,Blue Boom Headset,,
3209,Tan,Robot,Long Side,Dark Brown,Violet,Dark Brown - Flat,Mustache,Charcoal,Purple,Tie,Crown,,
3210,Steel,Lemon,Wavy,Brown,Navy,Brown - Flat,Neutral,Navy,Blue,Tie,Eye Patch,,
3211,Trading Floor Green,Lemon,Classic Side,Brown,Brown,Light Brown - Flat,Beard,Steel,Red,Bow Tie,Sunglasses,,
3212,Sky Blue,Marshmallow,Classic Side,Charcoal,Teal,Dark Brown - Flat,Smirk,Forest,Green,Tie,Sunglasses,Whale,
3213,Sky Blue,Alien,Short Crop,Brown,Slate Gray,,Smirk,Slate,Purple,Tie,Sunglasses,Whale,
3214,Pale Blue,Shadow,Tall,Gray Brown,Teal,Taupe - Flat,Blonde Mustache,Navy,Purple,Tie,Sunglasses,Whale,
3215,Trading Floor Green,Lemon,Bald,,Brown,,Smile,Navy,Blue,Tie,Blue Boom Headset,Insider,
3216,Light Blue,Alien,Bald,,Amber,,Neutral,Charcoal,Green,Bow Tie,Banded Frameless,,
3217,Tan,Devil,Wavy,Light Brown,Green,Brown - Wide,Neutral,Purple,Red,Tie,3D Glasses,Insider,
3218,Trading Floor Green,Human,Tall,Jet Black,Blue,Dark Brown - Wide,Blond Beard,Charcoal,Teal,Tie,Sunglasses,,
3219,Steel,Robot,Classic Side,Dark Brown,Navy,Dark Brown - Wide,Mustache,Forest,Teal,Tie,Banded Frameless,Diamond Hands,
3220,Light Blue,Human,Wide Top,Charcoal,Navy,Taupe - Wide,Gold Tooth,Forest,Green,Bow Tie,Rimless Glasses,,
3221,Slate,Human,Wide Top,Gray Brown,Teal,Brown - Flat,Mustache,Forest,Green,Tie,Eye Patch,,
3222,Tan,Human,Bald,,Amber,Brown - Flat,Smile,Navy,Red,Tie,Sunglasses,,
3223,Tan,Zombie,Long Side,Dark Brown,Blue,Brown - Wide,Blonde Mustache,Steel,Green,Bow Tie,Gold Headset,,
3224,Sky Blue,Human,Tall,Dark Brown,Amber,,Blonde Mustache,Steel,Teal,Tie,Sunglasses,,
3225,Tan,Human,Tall,Blonde,Brown,Brown - Flat,Smirk,Navy,Gold,Tie,Bluetooth Headset,,
3226,Light Blue,Marshmallow,Wavy,Blonde,Amber,Brown - Wide,Smirk,Steel,Blue,Tie,,,
3227,Light Blue,Human,Bald,,Blue,Brown - Flat,Gray Beard,Forest,Red,Tie,,Diamond Hands,
3228,Light Blue,Devil,Tall,Light Brown,Slate Gray,Pink - Wide,Open,Forest,Teal,Tie,3D Glasses,,
3229,Trading Floor Green,Devil,Wavy,Light Brown,Violet,Taupe - Wide,Beard,Purple,Green,Tie,Headset,,
3230,Pale Blue,Human,Short Crop,Jet Black,Teal,Pink - Wide,Open,Rainbow,Teal,Tie,Banded Frameless,Diamond Hands,
3231,Trading Floor Green,Human,Tall,Light Brown,Amber,Light Brown - Wide,Mustache,Forest,Gold,Bow Tie,Crown,,
3232,Light Blue,Marshmallow,Bald,,Green,Brown - Flat,Mustache,Navy,Blue,Tie,Sunglasses,,
3233,Tan,Human,Tall,Charcoal,Green,Pink - Wide,Neutral,Steel,Gold,Tie,,,
3234,Pale Blue,Human,Short Crop,Charcoal,Slate Gray,Pink - Wide,Beard,Forest,Red,Tie,Bull Horns,,
3235,Slate,Human,Bald,,Teal,Pink - Flat,Beard,Charcoal,Gold,Tie,Rimless Glasses,,
3236,Pale Blue,Human,Wavy,Charcoal,Green,Taupe - Wide,Mustache,Navy,Teal,Tie,3D Glasses,,
3237,Bloomberg Orange,Human,Classic Side,Blonde,Brown,Dark Brown - Flat,Smirk,Forest,Green,Tie,3D Glasses,,
3238,Tan,Human,Long Side,Blonde,Teal,Taupe - Flat,Beard,Slate,Green,Tie,,,
3239,Pale Blue,Human,Short Crop,Gray Brown,Brown,Light Brown - Flat,Open,Steel,Red,Tie,Devil Horns,,
3240,Trading Floor Green,Human,Long Side,Blonde,Teal,,Beard,Purple,Gold,Tie,Eye Patch,,
3241,Pale Blue,Lemon,Wide Top,Jet Black,Slate Gray,Dark Brown - Wide,Smile,Forest,Red,Tie,Bluetooth Headset,,
3242,Trading Floor Green,Marshmallow,Classic Side,Light Brown,Brown,Light Brown - Wide,Blond Beard,Steel,Red,Tie,Headset,,
3243,Steel,Human,Short Crop,Brown,Green,Taupe - Wide,Open,Navy,Teal,Bow Tie,Crown,,
3244,Bloomberg Orange,Zombie,Classic Side,Dark Brown,Green,Pink - Flat,Mustache,Purple,Gold,Tie,Bluetooth Headset,,
3245,Trading Floor Green,Human,Bald,,Blue,Taupe - Wide,Mustache,Steel,Teal,Tie,Blue Boom Headset,Whale,
3246,Pale Blue,Devil,Long Side,Brown,Green,Pink - Flat,Beard,Rainbow,Purple,Bow Tie,Sunglasses,,
3247,Tan,Marshmallow,Wide Top,Charcoal,Blue,Taupe - Wide,Beard,Charcoal,Blue,Bow Tie,Headset,Insider,
3248,Pale Blue,Human,Classic Side,Brown,Slate Gray,Pink - Wide,Smile,Charcoal,Teal,Bow Tie,Monocle,Diamond Hands,
3249,Tan,Human,Long Side,Gray Brown,Navy,Pink - Flat,Open,Navy,Purple,Tie,Headset,,
3250,Slate,Zombie,Short Crop,Gray Brown,Blue,Dark Brown - Flat,Smirk,Navy,Gold,Tie,,,
3251,Slate,Human,Classic Side,Gray Brown,Navy,Pink - Flat,Smirk,Steel,Purple,Tie,Headset,Whale,
3252,Light Blue,Human,Bald,,Green,Dark Brown - Wide,Open,Forest,Red,Tie,Bluetooth Headset,Whale,
3253,Slate,Human,Bald,,Amber,Light Brown - Flat,Smirk,Steel,Red,Bow Tie,3D Glasses,,
3254,Steel,Marshmallow,Classic Side,Jet Black,Navy,Light Brown - Flat,Beard,Purple,Purple,Tie,Bluetooth Headset,,
3255,Tan,Marshmallow,Bald,,Navy,,Beard,Charcoal,Green,Bow Tie,Blue Boom Headset,,
3256,Trading Floor Green,Human,Classic Side,Blonde,Brown,Light Brown - Wide,Neutral,Navy,Blue,Bow Tie,Sunglasses,,
3257,Bloomberg Orange,Human,Bald,,Amber,Pink - Flat,Gray Beard,Purple,Gold,Tie,Headset,,
3258,Pale Blue,Human,Wide Top,Jet Black,Slate Gray,Dark Brown - Flat,Beard,Forest,Teal,Tie,Sunglasses,,
3259,Sky Blue,Human,Classic Side,Dark Brown,Green,Light Brown - Wide,Mustache,Navy,Green,Tie,,,
3260,Trading Floor Green,Robot,Short Crop,Gray Brown,Slate Gray,Dark Brown - Wide,Open,Forest,Blue,Tie,Headset,Diamond Hands,
3261,Pale Blue,Human,Long Side,Dark Brown,Green,Dark Brown - Wide,Smile,Charcoal,Purple,Bow Tie,3D Glasses,,
3262,Tan,Human,Short Crop,Brown,Green,Dark Brown - Wide,Beard,Slate,Green,Bow Tie,Eye Patch,,
3263,Steel,Human,Long Side,Dark Brown,Blue,Dark Brown - Flat,Neutral,Charcoal,Red,Tie,Sunglasses,Diamond Hands,
3264,Pale Blue,Human,Tall,Brown,Brown,Pink - Flat,Mustache,Steel,Purple,Tie,Headset,,
3265,Light Blue,Human,Classic Side,Charcoal,Navy,Brown - Wide,Mustache,Steel,Purple,Bow Tie,Rimless Glasses,,
3266,Steel,Devil,Classic Side,Charcoal,Blue,,Mustache,Red,Purple,Tie,Eye Patch,,
3267,Pale Blue,Marshmallow,Bald,,Green,Brown - Flat,Beard,Purple,Teal,Tie,3D Glasses,Insider,
3268,Trading Floor Green,Lemon,Short Crop,Dark Brown,Violet,Taupe - Wide,Mustache,Forest,Green,Tie,Rimless Glasses,,
3269,Tan,Lemon,Bald,,Slate Gray,Taupe - Wide,Blond Beard,Navy,Blue,Tie,Rimless Glasses,,
3270,Pale Blue,Alien,Wavy,Charcoal,Violet,Brown - Wide,Mustache,Slate,Teal,Tie,Headset,,
3271,Pale Blue,Human,Short Crop,Charcoal,Bull Candle,Light Brown - Wide,Neutral,Forest,Blue,Tie,Rimless Glasses,Whale,
3272,Light Blue,Lemon,Wavy,Light Brown,Slate Gray,Brown - Flat,Gray Beard,Charcoal,Gold,Tie,Rimless Glasses,,
3273,Sky Blue,Zombie,Long Side,Blonde,Violet,Taupe - Flat,Beard,Purple,Green,Bow Tie,3D Glasses,,
3274,Pale Blue,Marshmallow,Classic Side,Light Brown,Slate Gray,Brown - Flat,Smirk,Slate,Green,Tie,Sunglasses,,
3275,Pale Blue,Human,Wide Top,Blonde,Amber,Brown - Wide,Smirk,Steel,Teal,Tie,Bull Horns,Diamond Hands,
3276,Light Blue,Human,Bald,,Teal,Pink - Wide,Smile,Steel,Purple,Tie,Golden Bull Horns,Insider,
3277,Pale Blue,Alien,Long Side,Jet Black,Slate Gray,Brown - Flat,Mustache,Slate,Red,Bow Tie,3D Glasses,Whale,
3278,Light Blue,Lemon,Wide Top,Charcoal,Brown,Taupe - Flat,Blonde Mustache,Steel,Green,Tie,Bluetooth Headset,,
3279,Steel,Marshmallow,Short Crop,Light Brown,Slate Gray,,Smirk,Forest,Blue,Tie,3D Glasses,Insider,
3280,Steel,Human,Classic Side,Jet Black,Blue,Brown - Flat,Smirk,Forest,Green,Tie,Blue Boom Headset,,
3281,Bloomberg Orange,Human,Tall,Gray Brown,Green,Brown - Flat,Open,Navy,Purple,Tie,,Diamond Hands,
3282,Steel,Robot,Bald,,Teal,Light Brown - Wide,Beard,Charcoal,Red,Tie,3D Glasses,,
3283,Slate,Human,Wavy,Dark Brown,Amber,Dark Brown - Flat,Neutral,Navy,Purple,Tie,Bull Horns,Insider,
3284,Pale Blue,Human,Tall,Light Brown,Amber,Dark Brown - Flat,Blond Beard,Purple,Blue,Tie,Headset,,
3285,Tan,Alien,Wavy,Light Brown,Blue,Dark Brown - Flat,Smirk,Steel,Blue,Tie,Banded Frameless,,
3286,Trading Floor Green,Human,Bald,,Navy,,Open,Forest,Purple,Tie,Banded Frameless,Diamond Hands,
3287,Slate,Human,Bald,,Teal,Taupe - Wide,Smile,Forest,Purple,Bow Tie,Headset,,
3288,Light Blue,Alien,Short Crop,Gray Brown,Teal,Dark Brown - Wide,Blond Beard,Charcoal,Teal,Tie,Bull Horns,Diamond Hands,
3289,Slate,Human,Classic Side,Brown,Violet,Pink - Flat,Smirk,Steel,Red,Tie,Sunglasses,,
3290,Trading Floor Green,Human,Classic Side,Light Brown,Slate Gray,Light Brown - Flat,Mustache,Forest,Green,Tie,Monocle,,
3291,Light Blue,Human,Classic Side,Charcoal,Amber,Light Brown - Flat,Beard,Purple,Blue,Tie,,,
3292,Trading Floor Green,Robot,Tall,Charcoal,Green,Light Brown - Wide,Mustache,Rainbow,Purple,Tie,Bluetooth Headset,,
3293,Trading Floor Green,Lemon,Wide Top,Blonde,Navy,Light Brown - Flat,Neutral,Navy,Green,Bow Tie,Banded Frameless,,
3294,Light Blue,Devil,Short Crop,Blonde,Blue,Brown - Flat,Blond Beard,Charcoal,Purple,Tie,3D Glasses,,
3295,Bloomberg Orange,Lemon,Classic Side,Dark Brown,Blue,Brown - Wide,Beard,Navy,Red,Bow Tie,Headset,,
3296,Steel,Devil,Classic Side,Charcoal,Blue,Pink - Flat,Gray Beard,Navy,Purple,Tie,,Diamond Hands,
3297,Sky Blue,Zombie,Wide Top,Brown,Violet,Light Brown - Wide,Mustache,Steel,Red,Tie,Rimless Glasses,,
3298,Bloomberg Orange,Human,Wide Top,Blonde,Blue,,Smile,Slate,Gold,Tie,Headset,,
3299,Slate,Human,Wide Top,Charcoal,Brown,Light Brown - Wide,Open,Charcoal,Red,Tie,,Diamond Hands,
3300,Slate,Lemon,Short Crop,Brown,Blue,Taupe - Wide,Smile,Purple,Green,Tie,3D Glasses,,
3301,Trading Floor Green,Human,Bald,,Navy,Pink - Flat,Gold Tooth,Slate,Teal,Tie,Rimless Glasses,,
3302,Slate,Zombie,Long Side,Blonde,Teal,Dark Brown - Flat,Open,Purple,Green,Tie,Headset,,
3303,Pale Blue,Marshmallow,Long Side,Dark Brown,Blue,Taupe - Wide,Gold Tooth,Navy,Red,Tie,,Diamond Hands,
3304,Trading Floor Green,Human,Bald,,Violet,Dark Brown - Flat,Blonde Mustache,Charcoal,Gold,Bow Tie,Banded Frameless,,Gold
3305,Sky Blue,Marshmallow,Bald,,Violet,Taupe - Wide,Smile,Purple,Red,Bow Tie,,Diamond Hands,
3306,Trading Floor Green,Human,Long Side,Blonde,Blue,Taupe - Wide,Blond Beard,Navy,Blue,Tie,Gold Banded Frameless,,
3307,Sky Blue,Human,Classic Side,Blonde,Teal,Dark Brown - Flat,Blonde Mustache,Slate,Teal,Tie,Bull Horns,,
3308,Tan,Human,Bald,,Navy,Pink - Wide,Blond Beard,Navy,Teal,Bow Tie,Golden Devil Horns,,
3309,Pale Blue,Human,Wide Top,Dark Brown,Green,Brown - Wide,Beard,Navy,Blue,Tie,Bull Horns,,
3310,Light Blue,Shadow,Wide Top,Jet Black,Slate Gray,Taupe - Flat,Smile,Charcoal,Green,Tie,Rimless Glasses,,
3311,Tan,Human,Wavy,Blonde,Teal,Light Brown - Wide,Open,Red,Green,Tie,Monocle,Whale,
3312,Light Blue,Human,Bald,,Navy,Pink - Flat,Smile,Slate,Purple,Tie,Bull Horns,,
3313,Light Blue,Zombie,Wavy,Jet Black,Violet,Dark Brown - Wide,Smile,Steel,Purple,Tie,Rimless Glasses,Diamond Hands,
3314,Tan,Human,Wide Top,Charcoal,Teal,Light Brown - Flat,Mustache,Steel,Teal,Tie,Crown,Whale,
3315,Bloomberg Orange,Human,Wavy,Charcoal,Blue,Dark Brown - Wide,Beard,Charcoal,Purple,Tie,Monocle,Insider,
3316,Light Blue,Human,Wide Top,Charcoal,Bull Candle,Brown - Flat,Mustache,Steel,Blue,Tie,Headset,,
3317,Trading Floor Green,Human,Classic Side,Brown,Slate Gray,Light Brown - Flat,Smile,Purple,Blue,Tie,Rimless Glasses,,
3318,Tan,Human,Tall,Light Brown,Amber,Taupe - Wide,Blonde Mustache,Purple,Purple,Tie,Banded Frameless,,
3319,Trading Floor Green,Human,Tall,Gray Brown,Slate Gray,Taupe - Wide,Gray Beard,Purple,Teal,Tie,Bull Horns,Diamond Hands,
3320,Steel,Devil,Tall,Blonde,Amber,Taupe - Wide,Neutral,Slate,Red,Tie,Bull Horns,,
3321,Tan,Marshmallow,Long Side,Jet Black,Green,Brown - Wide,Open,Purple,Blue,Tie,Bull Horns,,
3322,Sky Blue,Zombie,Wide Top,Jet Black,Violet,Taupe - Wide,Beard,Rainbow,Gold,Tie,3D Glasses,Diamond Hands,
3323,Tan,Robot,Short Crop,Blonde,Amber,Brown - Wide,Open,Purple,Purple,Tie,Bluetooth Headset,,
3324,Sky Blue,Robot,Wide Top,Brown,Slate Gray,Brown - Wide,Mustache,Steel,Gold,Tie,Headset,,
3325,Slate,Human,Wavy,Light Brown,Amber,Brown - Wide,Open,Charcoal,Blue,Tie,,,
3326,Tan,Human,Wide Top,Brown,Brown,,Smile,Purple,Blue,Bow Tie,Crown,,
3327,Slate,Marshmallow,Long Side,Blonde,Violet,Light Brown - Flat,Open,Purple,Red,Tie,Rimless Glasses,,
3328,Tan,Human,Wavy,Charcoal,Violet,,Beard,Navy,Teal,Tie,Bluetooth Headset,,Gold
3329,Steel,Shadow,Tall,Jet Black,Navy,Dark Brown - Flat,Smile,Red,Gold,Tie,Golden Bull Horns,,
3330,Bloomberg Orange,Shadow,Long Side,Jet Black,Teal,Pink - Flat,Beard,Slate,Green,Tie,Headset,Diamond Hands,
3331,Steel,Lemon,Wavy,Gray Brown,Green,Brown - Flat,Mustache,Forest,Blue,Bow Tie,Rimless Glasses,,
3332,Pale Blue,Human,Bald,,Brown,Taupe - Flat,Neutral,Steel,Purple,Tie,Bull Horns,Whale,
3333,Slate,Human,Short Crop,Blonde,Brown,Pink - Flat,Open,Forest,Red,Tie,Monocle,,
3334,Sky Blue,Human,Bald,,Blue,,Smirk,Navy,Purple,Tie,Rimless Glasses,,
3335,Bloomberg Orange,Human,Long Side,Blonde,Green,Brown - Wide,Beard,Purple,Gold,Tie,Blue Boom Headset,,
3336,Sky Blue,Marshmallow,Tall,Gray Brown,Blue,Brown - Wide,Neutral,Slate,Green,Tie,Headset,Whale,
3337,Light Blue,Marshmallow,Tall,Dark Brown,Slate Gray,Pink - Flat,Mustache,Steel,Green,Tie,Banded Frameless,Insider,
3338,Bloomberg Orange,Robot,Wavy,Light Brown,Brown,,Open,Charcoal,Red,Tie,,,
3339,Pale Blue,Human,Tall,Jet Black,Amber,Taupe - Flat,Mustache,Navy,Gold,Tie,Banded Frameless,,
3340,Slate,Devil,Classic Side,Brown,Teal,Dark Brown - Wide,Gray Beard,Purple,Blue,Tie,3D Glasses,Whale,
3341,Slate,Shadow,Tall,Charcoal,Navy,Light Brown - Flat,Smirk,Navy,Red,Tie,Headset,,
3342,Sky Blue,Robot,Wide Top,Brown,Green,Brown - Wide,Beard,Charcoal,Red,Tie,Rimless Glasses,Insider,
3343,Slate,Zombie,Wavy,Charcoal,Brown,Pink - Wide,Open,Forest,Teal,Tie,Headset,,
3344,Bloomberg Orange,Human,Tall,Blonde,Green,Dark Brown - Flat,Neutral,Steel,Purple,Tie,Banded Frameless,,
3345,Slate,Shadow,Classic Side,Brown,Teal,Pink - Flat,Smirk,Slate,Red,Tie,Rimless Glasses,,
3346,Tan,Human,Long Side,Blonde,Green,Dark Brown - Flat,Beard,Navy,Purple,Tie,3D Glasses,,
3347,Light Blue,Marshmallow,Bald,,Teal,Dark Brown - Wide,Smirk,Purple,Gold,Tie,Blue Boom Headset,Diamond Hands,
3348,Bloomberg Orange,Human,Classic Side,Dark Brown,Slate Gray,Pink - Wide,Blond Beard,Navy,Green,Tie,Rimless Glasses,Whale,
3349,Bloomberg Orange,Human,Long Side,Dark Brown,Brown,Light Brown - Wide,Gray Beard,Forest,Blue,Tie,Golden Devil Horns,,
3350,Slate,Alien,Bald,,Bull Candle,Pink - Wide,Smirk,Steel,Green,Tie,Bluetooth Headset,,
3351,Tan,Human,Wide Top,Gray Brown,Amber,Brown - Wide,Open,Forest,Green,Tie,3D Glasses,Insider,
3352,Light Blue,Human,Tall,Blonde,Violet,Dark Brown - Flat,Smile,Steel,Red,Bow Tie,Crown,Insider,
3353,Light Blue,Human,Long Side,Brown,Brown,Brown - Flat,Mustache,Steel,Red,Tie,Crown,,White
3354,Sky Blue,Devil,Wavy,Brown,Brown,Pink - Wide,Mustache,Steel,Red,Tie,Headset,,
3355,Slate,Alien,Wavy,Charcoal,Brown,Brown - Wide,Gray Beard,Forest,Blue,Bow Tie,Sunglasses,Diamond Hands,
3356,Tan,Human,Classic Side,Gray Brown,Violet,Taupe - Wide,Gold Tooth,Purple,Green,Tie,3D Glasses,,
3357,Tan,Alien,Wavy,Jet Black,Green,Pink - Flat,Blond Beard,Navy,Green,Tie,Bull Horns,Diamond Hands,
3358,Pale Blue,Human,Bald,,Blue,Dark Brown - Wide,Beard,Forest,Purple,Bow Tie,Bluetooth Headset,,
3359,Steel,Marshmallow,Long Side,Gray Brown,Teal,Pink - Wide,Blond Beard,Navy,Red,Tie,,Diamond Hands,
3360,Pale Blue,Human,Long Side,Jet Black,Blue,Dark Brown - Wide,Mustache,Charcoal,Green,Tie,Bull Horns,Diamond Hands,
3361,Trading Floor Green,Alien,Wavy,Light Brown,Blue,Pink - Wide,Mustache,Purple,Green,Tie,Crown,,
3362,Steel,Devil,Short Crop,Blonde,Violet,Taupe - Wide,Open,Purple,Blue,Bow Tie,,,
3363,Steel,Human,Wavy,Dark Brown,Brown,Light Brown - Wide,Neutral,Navy,Green,Tie,Headset,,
3364,Light Blue,Devil,Short Crop,Gray Brown,Green,Pink - Wide,Neutral,Forest,Red,Bow Tie,Headset,,
3365,Pale Blue,Devil,Tall,Brown,Slate Gray,,Neutral,Forest,Blue,Tie,,Insider,
3366,Slate,Robot,Wide Top,Jet Black,Green,Light Brown - Flat,Neutral,Forest,Blue,Tie,Bluetooth Headset,,
3367,Bloomberg Orange,Shadow,Short Crop,Charcoal,Slate Gray,Pink - Wide,Smirk,Slate,Blue,Tie,,Whale,
3368,Pale Blue,Human,Wide Top,Jet Black,Amber,Light Brown - Wide,Blond Beard,Purple,Teal,Tie,Sunglasses,,
3369,Light Blue,Shadow,Tall,Dark Brown,Amber,Taupe - Flat,Beard,Charcoal,Gold,Tie,Rimless Glasses,Insider,
3370,Sky Blue,Human,Wavy,Brown,Brown,Brown - Flat,Mustache,Steel,Red,Tie,Bull Horns,,
3371,Tan,Human,Classic Side,Gray Brown,Amber,Pink - Wide,Mustache,Pink,Green,Tie,Bluetooth Headset,Insider,
3372,Tan,Zombie,Wide Top,Brown,Brown,Dark Brown - Flat,Mustache,Charcoal,Green,Tie,Headset,Insider,
3373,Bloomberg Orange,Lemon,Long Side,Gray Brown,Navy,Pink - Wide,Beard,Forest,Red,Tie,Bluetooth Headset,Insider,
3374,Pale Blue,Shadow,Short Crop,Charcoal,Amber,Light Brown - Flat,Neutral,Purple,Gold,Tie,Bull Horns,Insider,
3375,Bloomberg Orange,Human,Wavy,Jet Black,Amber,Dark Brown - Wide,Smirk,Slate,Red,Tie,Banded Frameless,,
3376,Light Blue,Lemon,Short Crop,Blonde,Green,Brown - Wide,Beard,Slate,Red,Tie,Banded Frameless,Diamond Hands,
3377,Trading Floor Green,Human,Long Side,Light Brown,Violet,Light Brown - Flat,Mustache,Charcoal,Gold,Tie,Gold Headset,Insider,
3378,Sky Blue,Alien,Short Crop,Light Brown,Slate Gray,,Open,Navy,Teal,Tie,Devil Horns,Insider,
3379,Sky Blue,Alien,Wavy,Blonde,Green,Pink - Flat,Neutral,Steel,Blue,Tie,Sunglasses,Diamond Hands,
3380,Trading Floor Green,Human,Tall,Blonde,Brown,Taupe - Wide,Open,Slate,Red,Bow Tie,,,
3381,Bloomberg Orange,Human,Wavy,Brown,Navy,Brown - Flat,Blond Beard,Slate,Green,Tie,Monocle,,
3382,Sky Blue,Shadow,Wide Top,Dark Brown,Amber,Brown - Flat,Smirk,Forest,Blue,Tie,Blue Boom Headset,,
3383,Light Blue,Alien,Tall,Charcoal,Navy,Taupe - Flat,Beard,Steel,Teal,Tie,Rimless Glasses,Insider,
3384,Bloomberg Orange,Alien,Bald,,Teal,Taupe - Flat,Open,Purple,Teal,Tie,Bull Horns,,
3385,Pale Blue,Human,Wide Top,Brown,Green,Dark Brown - Wide,Mustache,Charcoal,Purple,Bow Tie,,,
3386,Bloomberg Orange,Lemon,Long Side,Light Brown,Green,Dark Brown - Wide,Open,Slate,Gold,Tie,Bull Horns,Whale,
3387,Slate,Marshmallow,Short Crop,Blonde,Slate Gray,Light Brown - Flat,Beard,Charcoal,Red,Tie,Crown,Whale,
3388,Bloomberg Orange,Human,Wavy,Light Brown,Teal,Taupe - Flat,Open,Steel,Green,Tie,Headset,,
3389,Sky Blue,Human,Tall,Blonde,Teal,Light Brown - Flat,Smile,Navy,Red,Tie,,Diamond Hands,
3390,Tan,Alien,Wide Top,Gray Brown,Amber,Light Brown - Wide,Neutral,Forest,Gold,Tie,Bluetooth Headset,,
3391,Steel,Human,Wide Top,Light Brown,Navy,Light Brown - Flat,Neutral,Navy,Teal,Bow Tie,Blue Boom Headset,Whale,
3392,Bloomberg Orange,Zombie,Classic Side,Light Brown,Brown,Light Brown - Flat,Beard,Purple,Red,Tie,,,
3393,Tan,Human,Short Crop,Charcoal,Navy,Pink - Wide,Open,Navy,Green,Tie,Rimless Glasses,Insider,
3394,Pale Blue,Devil,Classic Side,Light Brown,Teal,Pink - Flat,Neutral,Purple,Green,Tie,Bluetooth Headset,Whale,
3395,Steel,Robot,Classic Side,Charcoal,Brown,Brown - Wide,Open,Charcoal,Blue,Tie,Bluetooth Headset,Diamond Hands,
3396,Slate,Marshmallow,Short Crop,Gray Brown,Brown,Light Brown - Wide,Neutral,Purple,Gold,Tie,Bluetooth Headset,Diamond Hands,
3397,Light Blue,Human,Wavy,Charcoal,Brown,Pink - Flat,Neutral,Slate,Red,Tie,Sunglasses,Diamond Hands,
3398,Bloomberg Orange,Devil,Long Side,Jet Black,Navy,Dark Brown - Wide,Smile,Steel,Teal,Tie,Rimless Glasses,Insider,
3399,Bloomberg Orange,Human,Long Side,Jet Black,Violet,Dark Brown - Wide,Smirk,Slate,Green,Tie,Crown,,
3400,Sky Blue,Human,Wide Top,Charcoal,Bull Candle,Light Brown - Flat,Smile,Forest,Teal,Bow Tie,3D Glasses,,
3401,Trading Floor Green,Human,Tall,Blonde,Brown,Dark Brown - Wide,Smile,Charcoal,Blue,Tie,Rimless Glasses,,
3402,Steel,Devil,Bald,,Blue,Light Brown - Wide,Smile,Slate,Purple,Tie,Bluetooth Headset,,
3403,Tan,Human,Wide Top,Brown,Violet,Taupe - Wide,Smile,Purple,Teal,Bow Tie,Devil Horns,,
3404,Slate,Robot,Bald,,Violet,Light Brown - Wide,Mustache,Navy,Green,Tie,Crown,,
3405,Light Blue,Robot,Wavy,Dark Brown,Slate Gray,Pink - Flat,Beard,Forest,Green,Tie,Sunglasses,Whale,
3406,Slate,Human,Wide Top,Dark Brown,Blue,Light Brown - Wide,Smile,Navy,Red,Tie,,Diamond Hands,
3407,Steel,Human,Tall,Light Brown,Blue,Dark Brown - Wide,Open,Charcoal,Green,Tie,Monocle,,
3408,Bloomberg Orange,Human,Long Side,Light Brown,Slate Gray,Pink - Flat,Smirk,Steel,Purple,Tie,Crown,,
3409,Trading Floor Green,Zombie,Bald,,Teal,Taupe - Flat,Mustache,Slate,Blue,Tie,Banded Frameless,Insider,Cream
3410,Tan,Human,Bald,,Violet,Light Brown - Flat,Open,Steel,Teal,Tie,Bull Horns,,
3411,Sky Blue,Human,Tall,Brown,Violet,Taupe - Flat,Beard,Rainbow,Purple,Bow Tie,Headset,Insider,
3412,Trading Floor Green,Robot,Wavy,Gray Brown,Slate Gray,Pink - Flat,Beard,Purple,Teal,Bow Tie,Sunglasses,,
3413,Bloomberg Orange,Human,Tall,Jet Black,Slate Gray,Taupe - Wide,Smile,Steel,Purple,Tie,Rimless Glasses,,
3414,Light Blue,Human,Wide Top,Dark Brown,Blue,Taupe - Wide,Blonde Mustache,Slate,Teal,Bow Tie,Devil Horns,Insider,
3415,Tan,Human,Bald,,Brown,Light Brown - Flat,Blonde Mustache,Rainbow,Blue,Bow Tie,Crown,,
3416,Tan,Shadow,Long Side,Dark Brown,Amber,,Smile,Forest,Blue,Tie,Sunglasses,Diamond Hands,
3417,Sky Blue,Robot,Bald,,Brown,Pink - Flat,Smirk,Navy,Green,Tie,Headset,,
3418,Steel,Human,Short Crop,Light Brown,Blue,Light Brown - Wide,Beard,Charcoal,Green,Tie,Rimless Glasses,Whale,
3419,Pale Blue,Devil,Short Crop,Jet Black,Navy,Light Brown - Flat,Neutral,Purple,Gold,Tie,3D Glasses,Whale,
3420,Pale Blue,Human,Wide Top,Charcoal,Teal,Dark Brown - Flat,Neutral,Navy,Blue,Tie,Bull Horns,,
3421,Light Blue,Marshmallow,Bald,,Slate Gray,Taupe - Flat,Beard,Red,Gold,Tie,Eye Patch,,
3422,Light Blue,Human,Long Side,Blonde,Bull Candle,Pink - Flat,Smirk,Slate,Green,Bow Tie,Crown,Insider,
3423,Steel,Shadow,Wide Top,Gray Brown,Teal,,Mustache,Steel,Purple,Tie,3D Glasses,,
3424,Tan,Devil,Wavy,Brown,Amber,Taupe - Flat,Smile,Forest,Gold,Tie,Crown,,
3425,Bloomberg Orange,Alien,Short Crop,Gray Brown,Green,Pink - Flat,Smile,Navy,Red,Tie,Eye Patch,Whale,
3426,Bloomberg Orange,Human,Short Crop,Light Brown,Teal,Brown - Flat,Smirk,Charcoal,Teal,Tie,Banded Frameless,,White
3427,Sky Blue,Zombie,Classic Side,Gray Brown,Violet,Light Brown - Wide,Blond Beard,Navy,Purple,Tie,Devil Horns,,
3428,Trading Floor Green,Alien,Wide Top,Gray Brown,Slate Gray,Dark Brown - Wide,Mustache,Purple,Blue,Tie,,,
3429,Slate,Marshmallow,Tall,Dark Brown,Navy,Dark Brown - Wide,Smile,Navy,Gold,Tie,Banded Frameless,Whale,
3430,Sky Blue,Lemon,Tall,Blonde,Green,Taupe - Flat,Beard,Navy,Red,Tie,3D Glasses,,
3431,Steel,Alien,Wavy,Dark Brown,Slate Gray,Taupe - Flat,Open,Slate,Teal,Tie,Sunglasses,Insider,
3432,Steel,Human,Tall,Light Brown,Green,Taupe - Wide,Open,Purple,Gold,Tie,Banded Frameless,Diamond Hands,
3433,Light Blue,Human,Bald,,Green,Dark Brown - Flat,Smirk,Charcoal,Red,Tie,Sunglasses,Diamond Hands,
3434,Light Blue,Alien,Short Crop,Gray Brown,Blue,Brown - Flat,Neutral,Navy,Purple,Tie,Crown,Insider,
3435,Slate,Human,Wavy,Brown,Amber,Taupe - Wide,Neutral,Steel,Green,Tie,Sunglasses,Diamond Hands,
3436,Slate,Alien,Wide Top,Dark Brown,Brown,Pink - Wide,Neutral,Navy,Red,Bow Tie,Bluetooth Headset,,
3437,Steel,Devil,Tall,Gray Brown,Brown,Brown - Wide,Smile,Purple,Purple,Tie,Blue Boom Headset,,
3438,Light Blue,Human,Long Side,Gray Brown,Green,,Mustache,Charcoal,Teal,Tie,Bluetooth Headset,Diamond Hands,
3439,Sky Blue,Human,Tall,Gray Brown,Navy,,Open,Forest,Red,Tie,Sunglasses,,
3440,Steel,Marshmallow,Long Side,Blonde,Violet,Light Brown - Wide,Smirk,Slate,Blue,Tie,Crown,,
3441,Tan,Human,Wavy,Jet Black,Violet,Brown - Wide,Open,Slate,Blue,Tie,Banded Frameless,,
3442,Sky Blue,Marshmallow,Short Crop,Gray Brown,Navy,Dark Brown - Wide,Blonde Mustache,Navy,Purple,Tie,Sunglasses,,
3443,Steel,Human,Classic Side,Brown,Green,Pink - Wide,Mustache,Purple,Purple,Tie,3D Glasses,,
3444,Trading Floor Green,Human,Short Crop,Brown,Amber,Taupe - Wide,Blond Beard,Navy,Blue,Tie,Banded Frameless,,
3445,Steel,Shadow,Wide Top,Brown,Green,Light Brown - Wide,Beard,Slate,Gold,Bow Tie,Golden Devil Horns,Insider,
3446,Steel,Human,Wavy,Gray Brown,Amber,Taupe - Wide,Smirk,Slate,Gold,Tie,Gold Headset,,
3447,Sky Blue,Lemon,Wavy,Jet Black,Green,Light Brown - Flat,Open,Forest,Green,Tie,Banded Frameless,,
3448,Steel,Human,Bald,,Brown,Dark Brown - Flat,Neutral,Purple,Green,Tie,Gold Banded Frameless,Whale,
3449,Bloomberg Orange,Robot,Short Crop,Brown,Blue,Taupe - Flat,Neutral,Pink,Green,Tie,Blue Boom Headset,Whale,
3450,Slate,Human,Wide Top,Charcoal,Violet,Light Brown - Flat,Neutral,Purple,Red,Tie,Rimless Glasses,,
3451,Bloomberg Orange,Marshmallow,Long Side,Blonde,Brown,Taupe - Flat,Smirk,Charcoal,Purple,Bow Tie,Banded Frameless,,
3452,Tan,Devil,Long Side,Gray Brown,Slate Gray,Pink - Wide,Mustache,Navy,Teal,Tie,Headset,,
3453,Trading Floor Green,Zombie,Long Side,Gray Brown,Violet,Taupe - Flat,Smile,Navy,Red,Tie,Banded Frameless,Diamond Hands,
3454,Slate,Robot,Classic Side,Blonde,Blue,Taupe - Flat,Open,Slate,Gold,Tie,Headset,Insider,
3455,Sky Blue,Marshmallow,Bald,,Blue,Brown - Wide,Smile,Slate,Gold,Bow Tie,Banded Frameless,Diamond Hands,
3456,Slate,Human,Tall,Dark Brown,Teal,Dark Brown - Wide,Smile,Steel,Teal,Tie,Bull Horns,,
3457,Trading Floor Green,Human,Tall,Blonde,Green,Taupe - Wide,Beard,Navy,Gold,Tie,Headset,Diamond Hands,
3458,Bloomberg Orange,Human,Short Crop,Charcoal,Amber,Dark Brown - Flat,Mustache,Steel,Green,Tie,3D Glasses,,
3459,Trading Floor Green,Marshmallow,Bald,,Violet,Pink - Wide,Neutral,Forest,Green,Bow Tie,3D Glasses,,
3460,Tan,Devil,Long Side,Jet Black,Navy,Brown - Wide,Gray Beard,Slate,Purple,Bow Tie,Sunglasses,Whale,
3461,Bloomberg Orange,Human,Short Crop,Blonde,Blue,Dark Brown - Flat,Beard,Charcoal,Red,Tie,Bluetooth Headset,Diamond Hands,
3462,Tan,Devil,Tall,Light Brown,Teal,Taupe - Wide,Smirk,Navy,Gold,Bow Tie,Banded Frameless,,
3463,Trading Floor Green,Human,Tall,Light Brown,Blue,Taupe - Wide,Open,Slate,Red,Tie,Rimless Glasses,Insider,
3464,Bloomberg Orange,Human,Tall,Brown,Teal,Dark Brown - Flat,Open,Forest,Gold,Tie,Headset,,
3465,Bloomberg Orange,Human,Tall,Light Brown,Teal,Taupe - Flat,Open,Charcoal,Blue,Tie,Sunglasses,Whale,
3466,Trading Floor Green,Shadow,Wavy,Light Brown,Violet,Pink - Wide,Smile,Steel,Purple,Tie,Banded Frameless,,
3467,Light Blue,Robot,Wide Top,Light Brown,Blue,Light Brown - Wide,Open,Steel,Blue,Tie,,,
3468,Light Blue,Human,Bald,,Violet,Taupe - Wide,Open,Purple,Red,Tie,Headset,Insider,
3469,Trading Floor Green,Human,Classic Side,Gray Brown,Amber,Pink - Wide,Open,Steel,Purple,Tie,3D Glasses,,
3470,Bloomberg Orange,Human,Bald,,Slate Gray,Pink - Wide,Smirk,Charcoal,Red,Tie,Headset,,
3471,Trading Floor Green,Human,Short Crop,Jet Black,Slate Gray,,Beard,Navy,Teal,Tie,Golden Devil Horns,,
3472,Sky Blue,Human,Bald,,Teal,Brown - Flat,Smirk,Charcoal,Blue,Bow Tie,,,
3473,Tan,Human,Classic Side,Dark Brown,Teal,,Mustache,Charcoal,Gold,Tie,Crown,,
3474,Trading Floor Green,Human,Long Side,Dark Brown,Green,Dark Brown - Wide,Smirk,Steel,Gold,Bow Tie,Sunglasses,Whale,
3475,Steel,Human,Wide Top,Gray Brown,Teal,Brown - Flat,Smile,Steel,Teal,Bow Tie,Headset,Diamond Hands,
3476,Trading Floor Green,Lemon,Wide Top,Jet Black,Blue,Taupe - Flat,Mustache,Charcoal,Green,Bow Tie,3D Glasses,,
3477,Slate,Human,Classic Side,Dark Brown,Brown,Dark Brown - Flat,Smile,Forest,Blue,Tie,Rimless Glasses,,
3478,Pale Blue,Human,Short Crop,Gray Brown,Brown,Pink - Flat,Smirk,Charcoal,Blue,Tie,Bluetooth Headset,,
3479,Tan,Marshmallow,Short Crop,Dark Brown,Amber,Pink - Flat,Smirk,Red,Blue,Bow Tie,Gold Rims,Diamond Hands,
3480,Tan,Devil,Long Side,Jet Black,Amber,Light Brown - Wide,Mustache,Charcoal,Teal,Tie,3D Glasses,,
3481,Bloomberg Orange,Human,Long Side,Charcoal,Blue,Taupe - Wide,Neutral,Forest,Red,Tie,Bluetooth Headset,Whale,
3482,Trading Floor Green,Human,Long Side,Charcoal,Blue,Dark Brown - Wide,Beard,Steel,Purple,Tie,Headset,,
3483,Steel,Shadow,Long Side,Gray Brown,Bull Candle,Dark Brown - Wide,Neutral,Red,Purple,Tie,3D Glasses,,
3484,Sky Blue,Alien,Short Crop,Gray Brown,Navy,,Open,Charcoal,Gold,Tie,Banded Frameless,Insider,
3485,Pale Blue,Marshmallow,Tall,Brown,Navy,Brown - Flat,Beard,Charcoal,Blue,Tie,Crown,Insider,
3486,Bloomberg Orange,Alien,Classic Side,Charcoal,Amber,Dark Brown - Wide,Mustache,Slate,Red,Bow Tie,Bluetooth Headset,,
3487,Pale Blue,Marshmallow,Bald,,Violet,,Smile,Purple,Red,Bow Tie,Headset,Diamond Hands,
3488,Tan,Human,Bald,,Teal,Pink - Flat,Open,Navy,Green,Bow Tie,Headset,,
3489,Sky Blue,Zombie,Wavy,Jet Black,Slate Gray,Taupe - Flat,Open,Charcoal,Gold,Tie,3D Glasses,Insider,
3490,Trading Floor Green,Human,Long Side,Gray Brown,Blue,Dark Brown - Flat,Mustache,Charcoal,Green,Tie,3D Glasses,,
3491,Pale Blue,Human,Classic Side,Jet Black,Green,Taupe - Flat,Open,Forest,Red,Bow Tie,Banded Frameless,,
3492,Trading Floor Green,Lemon,Wavy,Jet Black,Violet,Taupe - Wide,Beard,Navy,Blue,Tie,Bull Horns,Diamond Hands,
3493,Bloomberg Orange,Human,Bald,,Blue,Pink - Flat,Smile,Charcoal,Green,Tie,Headset,,
3494,Tan,Human,Tall,Jet Black,Brown,Clown Red - Wide,Open,Charcoal,Red,Bow Tie,Headset,Insider,
3495,Slate,Devil,Classic Side,Brown,Bull Candle,Pink - Flat,Mustache,Charcoal,Red,Tie,,,
3496,Pale Blue,Human,Short Crop,Dark Brown,Green,,Smile,Slate,Teal,Bow Tie,Sunglasses,Insider,
3497,Tan,Alien,Bald,,Amber,Taupe - Flat,Gray Beard,Steel,Blue,Bow Tie,Headset,,
3498,Light Blue,Human,Tall,Blonde,Green,Brown - Wide,Neutral,Forest,Green,Tie,Headset,Whale,
3499,Bloomberg Orange,Human,Tall,Charcoal,Brown,Brown - Wide,Smile,Steel,Green,Bow Tie,Bull Horns,Insider,
3500,Pale Blue,Zombie,Tall,Dark Brown,Blue,Light Brown - Flat,Beard,Slate,Blue,Tie,Crown,Whale,Cream
3501,Tan,Human,Bald,,Violet,Brown - Wide,Smirk,Steel,Gold,Bow Tie,,Whale,
3502,Slate,Lemon,Tall,Brown,Blue,Brown - Flat,Smile,Forest,Purple,Tie,Banded Frameless,Insider,
3503,Sky Blue,Alien,Long Side,Charcoal,Slate Gray,Pink - Wide,Beard,Slate,Green,Tie,Sunglasses,,
3504,Slate,Shadow,Long Side,Dark Brown,Blue,Taupe - Wide,Open,Navy,Gold,Bow Tie,Headset,,
3505,Light Blue,Human,Tall,Charcoal,Slate Gray,Light Brown - Flat,Smirk,Steel,Green,Bow Tie,Headset,,
3506,Sky Blue,Human,Bald,,Violet,Dark Brown - Flat,Neutral,Steel,Blue,Tie,,,
3507,Slate,Human,Short Crop,Gray Brown,Navy,Taupe - Flat,Mustache,Forest,Red,Bow Tie,Blue Boom Headset,,
3508,Steel,Human,Classic Side,Jet Black,Blue,Dark Brown - Wide,Beard,Purple,Purple,Tie,Sunglasses,,
3509,Slate,Human,Bald,,Blue,Taupe - Wide,Beard,Steel,Blue,Bow Tie,,,
3510,Steel,Robot,Classic Side,Light Brown,Navy,Brown - Wide,Smirk,Slate,Green,Tie,Bluetooth Headset,Insider,
3511,Slate,Robot,Long Side,Dark Brown,Slate Gray,Taupe - Flat,Neutral,Forest,Blue,Tie,Monocle,Whale,
3512,Pale Blue,Human,Wavy,Light Brown,Blue,Taupe - Wide,Neutral,Charcoal,Blue,Tie,Devil Horns,Whale,
3513,Steel,Robot,Tall,Dark Brown,Blue,Taupe - Wide,Blonde Mustache,Slate,Gold,Bow Tie,Blue Boom Headset,Whale,
3514,Tan,Robot,Short Crop,Jet Black,Amber,Dark Brown - Flat,Smirk,Forest,Gold,Tie,,Whale,
3515,Bloomberg Orange,Human,Wavy,Jet Black,Navy,Pink - Flat,Neutral,Slate,Green,Bow Tie,Bluetooth Headset,Diamond Hands,
3516,Pale Blue,Zombie,Classic Side,Jet Black,Violet,Taupe - Wide,Mustache,Forest,Purple,Tie,Bluetooth Headset,,
3517,Trading Floor Green,Human,Wide Top,Gray Brown,Amber,Dark Brown - Wide,Mustache,Slate,Teal,Tie,Headset,Whale,
3518,Tan,Robot,Tall,Jet Black,Violet,,Smirk,Slate,Teal,Tie,Bull Horns,,
3519,Trading Floor Green,Human,Classic Side,Charcoal,Blue,Brown - Wide,Beard,Steel,Red,Tie,Crown,,
3520,Slate,Human,Bald,,Violet,,Smile,Slate,Purple,Tie,Headset,,
3521,Light Blue,Devil,Rainbow Afro,Rainbow,Slate Gray,Taupe - Wide,Gold Tooth,Charcoal,Green,Tie,Monocle,,
3522,Bloomberg Orange,Alien,Tall,Blonde,Blue,Dark Brown - Flat,Open,Navy,Green,Bow Tie,Sunglasses,Whale,
3523,Tan,Human,Short Crop,Gray Brown,Brown,Light Brown - Wide,Smirk,Slate,Green,Tie,Sunglasses,,
3524,Slate,Human,Short Crop,Blonde,Amber,Pink - Flat,Mustache,Navy,Blue,Bow Tie,Bluetooth Headset,Diamond Hands,
3525,Pale Blue,Robot,Long Side,Dark Brown,Blue,Dark Brown - Wide,Gold Tooth,Slate,Purple,Bow Tie,Bull Horns,Insider,
3526,Slate,Alien,Long Side,Jet Black,Violet,Pink - Flat,Neutral,Purple,Green,Tie,Headset,,
3527,Light Blue,Human,Wavy,Charcoal,Slate Gray,Brown - Flat,Beard,Charcoal,Gold,Tie,Devil Horns,Whale,
3528,Pale Blue,Human,Wide Top,Jet Black,Navy,Pink - Flat,Beard,Steel,Teal,Bow Tie,,Insider,
3529,Pale Blue,Human,Tall,Brown,Violet,,Smirk,Slate,Green,Bow Tie,Headset,,
3530,Trading Floor Green,Devil,Tall,Blonde,Amber,,Open,Forest,Red,Tie,,,Cream
3531,Light Blue,Human,Bald,,Violet,Dark Brown - Flat,Smirk,Charcoal,Teal,Tie,3D Glasses,,
3532,Tan,Lemon,Long Side,Gray Brown,Blue,Pink - Flat,Mustache,Steel,Blue,Bow Tie,Rimless Glasses,Whale,
3533,Pale Blue,Human,Wide Top,Blonde,Blue,Dark Brown - Wide,Smile,Steel,Purple,Bow Tie,Blue Boom Headset,Diamond Hands,
3534,Pale Blue,Human,Wavy,Dark Brown,Navy,Brown - Wide,Gray Beard,Purple,Purple,Bow Tie,Rimless Glasses,,
3535,Steel,Human,Wide Top,Blonde,Teal,Light Brown - Wide,Smirk,Steel,Purple,Tie,3D Glasses,,
3536,Tan,Human,Wide Top,Gray Brown,Blue,Dark Brown - Wide,Neutral,Slate,Gold,Tie,3D Glasses,,Cream
3537,Steel,Human,Wide Top,Jet Black,Teal,Dark Brown - Wide,Neutral,Navy,Teal,Tie,3D Glasses,Insider,
3538,Slate,Shadow,Bald,,Blue,Taupe - Wide,Smile,Purple,Teal,Tie,Bluetooth Headset,,
3539,Light Blue,Marshmallow,Short Crop,Light Brown,Teal,Light Brown - Wide,Neutral,Charcoal,Purple,Tie,Headset,,
3540,Pale Blue,Robot,Classic Side,Dark Brown,Green,,Gray Beard,Navy,Blue,Tie,Golden Devil Horns,Diamond Hands,
3541,Steel,Lemon,Wavy,Jet Black,Teal,,Smile,Navy,Teal,Tie,Blue Boom Headset,Diamond Hands,
3542,Slate,Human,Wide Top,Dark Brown,Violet,Brown - Wide,Neutral,Purple,Purple,Tie,Crown,,
3543,Pale Blue,Zombie,Bald,,Brown,Dark Brown - Wide,Blonde Mustache,Charcoal,Red,Tie,,,
3544,Steel,Human,Classic Side,Jet Black,Navy,Light Brown - Wide,Smile,Charcoal,Purple,Bow Tie,Devil Horns,Whale,
3545,Sky Blue,Devil,Tall,Brown,Brown,Pink - Flat,Open,Forest,Gold,Bow Tie,Gold Headset,Insider,
3546,Bloomberg Orange,Robot,Classic Side,Brown,Navy,Pink - Flat,Smirk,Navy,Green,Tie,Sunglasses,,
3547,Tan,Shadow,Bald,,Green,Dark Brown - Flat,Smirk,Navy,Green,Tie,Sunglasses,,
3548,Bloomberg Orange,Human,Wavy,Dark Brown,Blue,,Neutral,Charcoal,Green,Tie,Sunglasses,,
3549,Steel,Human,Wavy,Gray Brown,Violet,Dark Brown - Flat,Smile,Purple,Green,Tie,Headset,,
3550,Bloomberg Orange,Human,Wide Top,Gray Brown,Brown,Dark Brown - Flat,Smile,Charcoal,Purple,Tie,,,
3551,Steel,Lemon,Wavy,Jet Black,Navy,Light Brown - Wide,Mustache,Slate,Purple,Tie,Rimless Glasses,,
3552,Light Blue,Human,Wide Top,Gray Brown,Amber,Dark Brown - Wide,Open,Forest,Purple,Bow Tie,Golden Bull Horns,,
3553,Pale Blue,Human,Bald,,Navy,Taupe - Flat,Mustache,Steel,Green,Bow Tie,3D Glasses,,
3554,Light Blue,Marshmallow,Long Side,Brown,Brown,Light Brown - Wide,Beard,Charcoal,Gold,Tie,Crown,Insider,
3555,Sky Blue,Shadow,Bald,,Slate Gray,,Beard,Charcoal,Green,Bow Tie,Sunglasses,Insider,
3556,Light Blue,Shadow,Classic Side,Dark Brown,Slate Gray,Taupe - Flat,Smile,Forest,Blue,Bow Tie,Bluetooth Headset,,
3557,Trading Floor Green,Shadow,Bald,,Blue,Brown - Wide,Neutral,Steel,Gold,Tie,Sunglasses,,
3558,Trading Floor Green,Human,Wide Top,Gray Brown,Teal,Light Brown - Wide,Neutral,Purple,Green,Tie,Bluetooth Headset,,
3559,Sky Blue,Devil,Classic Side,Jet Black,Navy,Taupe - Wide,Neutral,Slate,Red,Tie,Banded Frameless,,
3560,Tan,Zombie,Short Crop,Light Brown,Blue,Pink - Flat,Beard,Charcoal,Red,Tie,Headset,Whale,
3561,Slate,Human,Wide Top,Charcoal,Slate Gray,Pink - Flat,Open,Forest,Teal,Tie,Headset,,
3562,Slate,Human,Wavy,Light Brown,Slate Gray,Taupe - Flat,Mustache,Purple,Purple,Bow Tie,3D Glasses,,
3563,Trading Floor Green,Shadow,Tall,Charcoal,Slate Gray,Brown - Flat,Mustache,Forest,Teal,Tie,Bull Horns,,
3564,Slate,Devil,Short Crop,Gray Brown,Navy,Pink - Wide,Neutral,Forest,Teal,Tie,Bluetooth Headset,Diamond Hands,
3565,Tan,Human,Wavy,Dark Brown,Amber,,Gray Beard,Forest,Red,Tie,Sunglasses,,
3566,Tan,Robot,Wavy,Jet Black,Blue,,Beard,Navy,Purple,Tie,Banded Frameless,Diamond Hands,
3567,Slate,Marshmallow,Long Side,Jet Black,Blue,Dark Brown - Wide,Blond Beard,Purple,Blue,Tie,3D Glasses,Diamond Hands,
3568,Steel,Marshmallow,Wide Top,Light Brown,Brown,Dark Brown - Flat,Gray Beard,Navy,Blue,Tie,Sunglasses,Insider,
3569,Tan,Human,Bald,,Brown,Dark Brown - Flat,Neutral,Rainbow,Teal,Tie,Gold Rims,,
3570,Light Blue,Human,Classic Side,Jet Black,Teal,Pink - Wide,Smirk,Slate,Red,Tie,Bluetooth Headset,,
3571,Light Blue,Alien,Classic Side,Charcoal,Brown,Pink - Wide,Neutral,Slate,Teal,Tie,Banded Frameless,Insider,
3572,Sky Blue,Human,Classic Side,Light Brown,Blue,Brown - Flat,Mustache,Pink,Teal,Bow Tie,Headset,,
3573,Tan,Zombie,Long Side,Dark Brown,Teal,Brown - Flat,Neutral,Forest,Red,Tie,Bluetooth Headset,Diamond Hands,
3574,Tan,Human,Short Crop,Gray Brown,Teal,Brown - Wide,Neutral,Slate,Purple,Tie,Sunglasses,,
3575,Bloomberg Orange,Robot,Long Side,Charcoal,Violet,Light Brown - Flat,Mustache,Purple,Blue,Bow Tie,Sunglasses,Insider,
3576,Pale Blue,Lemon,Wide Top,Light Brown,Violet,Light Brown - Flat,Beard,Forest,Red,Tie,3D Glasses,,
3577,Light Blue,Human,Tall,Blonde,Brown,Dark Brown - Wide,Smile,Slate,Purple,Tie,Bluetooth Headset,Diamond Hands,
3578,Pale Blue,Zombie,Classic Side,Light Brown,Violet,Dark Brown - Flat,Open,Steel,Purple,Tie,3D Glasses,Whale,
3579,Pale Blue,Human,Tall,Dark Brown,Amber,Light Brown - Flat,Mustache,Steel,Red,Tie,Bluetooth Headset,,
3580,Bloomberg Orange,Human,Short Crop,Light Brown,Amber,Brown - Wide,Mustache,Charcoal,Purple,Tie,,,
3581,Pale Blue,Marshmallow,Wavy,Dark Brown,Brown,,Mustache,Steel,Purple,Tie,Bluetooth Headset,,
3582,Pale Blue,Human,Classic Side,Brown,Navy,Taupe - Wide,Smile,Purple,Purple,Bow Tie,,,
3583,Sky Blue,Robot,Classic Side,Blonde,Green,Dark Brown - Flat,Neutral,Forest,Blue,Bow Tie,Rimless Glasses,,
3584,Sky Blue,Robot,Wide Top,Gray Brown,Slate Gray,Brown - Flat,Neutral,Charcoal,Red,Tie,Headset,Insider,
3585,Steel,Devil,Wavy,Gray Brown,Amber,,Neutral,Forest,Gold,Bow Tie,Headset,Diamond Hands,
3586,Slate,Marshmallow,Classic Side,Charcoal,Green,Pink - Flat,Smirk,Purple,Red,Tie,Sunglasses,,
3587,Slate,Human,Wide Top,Jet Black,Brown,Light Brown - Wide,Neutral,Navy,Gold,Tie,Headset,,
3588,Tan,Shadow,Wavy,Gray Brown,Teal,Brown - Flat,Beard,Forest,Green,Tie,Bluetooth Headset,Whale,
3589,Steel,Robot,Wide Top,Dark Brown,Brown,Pink - Wide,Beard,Slate,Teal,Bow Tie,3D Glasses,Whale,
3590,Sky Blue,Shadow,Wide Top,Light Brown,Amber,Light Brown - Wide,Smile,Navy,Gold,Bow Tie,,,
3591,Tan,Human,Wavy,Blonde,Blue,Brown - Flat,Beard,Slate,Teal,Tie,Bull Horns,,
3592,Steel,Lemon,Classic Side,Light Brown,Brown,Pink - Flat,Mustache,Navy,Purple,Tie,,,
3593,Bloomberg Orange,Human,Classic Side,Dark Brown,Violet,Dark Brown - Flat,Neutral,Navy,Blue,Tie,Rimless Glasses,Diamond Hands,
3594,Pale Blue,Human,Wide Top,Brown,Teal,Pink - Flat,Mustache,Navy,Purple,Tie,3D Glasses,Insider,
3595,Slate,Human,Classic Side,Light Brown,Teal,Dark Brown - Flat,Gray Beard,Slate,Teal,Bow Tie,Gold Banded Frameless,,
3596,Pale Blue,Human,Wavy,Brown,Brown,Light Brown - Flat,Neutral,Slate,Gold,Tie,Bull Horns,,
3597,Bloomberg Orange,Marshmallow,Tall,Charcoal,Slate Gray,Brown - Flat,Smirk,Steel,Purple,Bow Tie,Bull Horns,,Gold
3598,Slate,Human,Tall,Light Brown,Violet,Dark Brown - Wide,Smile,Slate,Gold,Tie,Bluetooth Headset,,
3599,Steel,Human,Wide Top,Charcoal,Violet,Brown - Flat,Beard,Charcoal,Green,Tie,Sunglasses,,
3600,Slate,Devil,Wide Top,Charcoal,Amber,Light Brown - Flat,Blond Beard,Slate,Blue,Bow Tie,Headset,,
3601,Pale Blue,Devil,Long Side,Dark Brown,Brown,Brown - Flat,Smirk,Navy,Green,Tie,3D Glasses,Diamond Hands,
3602,Tan,Human,Wavy,Light Brown,Violet,Dark Brown - Flat,Smile,Forest,Teal,Tie,Golden Devil Horns,,
3603,Tan,Human,Bald,,Bull Candle,,Smile,Charcoal,Red,Tie,Bull Horns,,
3604,Bloomberg Orange,Robot,Tall,Charcoal,Blue,Pink - Wide,Beard,Charcoal,Red,Bow Tie,Blue Boom Headset,,
3605,Trading Floor Green,Marshmallow,Tall,Jet Black,Amber,,Neutral,Steel,Gold,Bow Tie,Blue Boom Headset,,
3606,Slate,Shadow,Tall,Blonde,Brown,Light Brown - Flat,Smile,Slate,Teal,Tie,Headset,,
3607,Slate,Lemon,Bald,,Amber,,Beard,Purple,Green,Bow Tie,Gold Banded Frameless,Whale,
3608,Sky Blue,Shadow,Short Crop,Light Brown,Green,Light Brown - Wide,Smile,Forest,Purple,Tie,Bluetooth Headset,Diamond Hands,
3609,Slate,Human,Bald,,Teal,Light Brown - Wide,Neutral,Forest,Blue,Tie,3D Glasses,,
3610,Bloomberg Orange,Shadow,Short Crop,Gray Brown,Amber,Light Brown - Flat,Beard,Steel,Red,Tie,3D Glasses,,
3611,Tan,Marshmallow,Classic Side,Jet Black,Slate Gray,Brown - Flat,Smirk,Forest,Red,Tie,,,
3612,Steel,Human,Short Crop,Light Brown,Blue,Dark Brown - Wide,Open,Purple,Teal,Tie,Sunglasses,,
3613,Pale Blue,Human,Wide Top,Brown,Teal,Light Brown - Flat,Smirk,Navy,Green,Tie,3D Glasses,,
3614,Steel,Human,Classic Side,Brown,Brown,Dark Brown - Wide,Smirk,Purple,Blue,Tie,Blue Boom Headset,Diamond Hands,
3615,Steel,Alien,Short Crop,Gray Brown,Blue,Brown - Wide,Smile,Steel,Blue,Tie,Monocle,,
3616,Bloomberg Orange,Human,Tall,Jet Black,Navy,Dark Brown - Wide,Open,Forest,Teal,Tie,Banded Frameless,,
3617,Steel,Human,Wavy,Brown,Slate Gray,Light Brown - Wide,Neutral,Purple,Blue,Bow Tie,3D Glasses,,
3618,Slate,Human,Bald,,Teal,,Open,Steel,Gold,Bow Tie,Headset,Insider,
3619,Light Blue,Shadow,Classic Side,Gray Brown,Brown,Taupe - Wide,Smirk,Charcoal,Blue,Bow Tie,Headset,Diamond Hands,
3620,Trading Floor Green,Robot,Wide Top,Charcoal,Teal,Clown Red - Wide,Smirk,Purple,Purple,Tie,3D Glasses,,
3621,Trading Floor Green,Human,Tall,Brown,Violet,Light Brown - Wide,Open,Steel,Green,Tie,,Whale,
3622,Light Blue,Human,Wavy,Gray Brown,Blue,Taupe - Wide,Neutral,Slate,Gold,Tie,Bluetooth Headset,Whale,
3623,Slate,Lemon,Classic Side,Light Brown,Brown,Pink - Flat,Beard,Slate,Red,Tie,Blue Boom Headset,,
3624,Tan,Human,Wavy,Gray Brown,Amber,Light Brown - Wide,Smirk,Navy,Teal,Tie,,Insider,
3625,Steel,Alien,Short Crop,Jet Black,Green,Brown - Wide,Smirk,Purple,Green,Tie,3D Glasses,,
3626,Pale Blue,Human,Classic Side,Dark Brown,Teal,Dark Brown - Flat,Beard,Charcoal,Red,Bow Tie,Bluetooth Headset,,
3627,Steel,Marshmallow,Classic Side,Brown,Slate Gray,Pink - Flat,Neutral,Charcoal,Green,Tie,Sunglasses,,
3628,Tan,Zombie,Tall,Charcoal,Blue,Brown - Flat,Blond Beard,Slate,Teal,Bow Tie,Headset,Diamond Hands,
3629,Light Blue,Human,Wavy,Gray Brown,Navy,Taupe - Wide,Neutral,Forest,Gold,Tie,,Whale,
3630,Bloomberg Orange,Lemon,Long Side,Light Brown,Brown,,Smirk,Navy,Gold,Tie,Rimless Glasses,,
3631,Light Blue,Human,Wavy,Charcoal,Green,Light Brown - Wide,Smirk,Slate,Teal,Tie,Headset,,
3632,Slate,Human,Wide Top,Blonde,Brown,Light Brown - Wide,Gray Beard,Navy,Gold,Tie,Blue Boom Headset,,
3633,Sky Blue,Robot,Wide Top,Blonde,Brown,Light Brown - Wide,Neutral,Slate,Purple,Tie,Sunglasses,Insider,
3634,Bloomberg Orange,Lemon,Tall,Gray Brown,Amber,Light Brown - Wide,Beard,Navy,Purple,Bow Tie,Blue Boom Headset,,
3635,Tan,Robot,Bald,,Navy,,Mustache,Forest,Green,Tie,Gold Rims,,
3636,Tan,Human,Wavy,Charcoal,Green,Taupe - Flat,Neutral,Forest,Red,Tie,Banded Frameless,Whale,
3637,Pale Blue,Robot,Wavy,Jet Black,Amber,Light Brown - Wide,Beard,Steel,Gold,Bow Tie,3D Glasses,Diamond Hands,
3638,Sky Blue,Marshmallow,Classic Side,Brown,Navy,Light Brown - Wide,Smirk,Slate,Teal,Tie,Monocle,,
3639,Bloomberg Orange,Human,Wavy,Jet Black,Slate Gray,Dark Brown - Flat,Beard,Steel,Teal,Tie,Banded Frameless,,
3640,Pale Blue,Human,Wide Top,Dark Brown,Blue,Brown - Wide,Gray Beard,Slate,Green,Tie,Blue Boom Headset,,
3641,Light Blue,Zombie,Short Crop,Blonde,Brown,Taupe - Wide,Smirk,Forest,Red,Tie,Headset,Whale,
3642,Tan,Human,Wide Top,Charcoal,Amber,Pink - Flat,Smirk,Charcoal,Purple,Tie,Rimless Glasses,,
3643,Bloomberg Orange,Devil,Short Crop,Blonde,Amber,Brown - Wide,Gray Beard,Steel,Red,Bow Tie,Gold Headset,,
3644,Sky Blue,Human,Wide Top,Brown,Navy,Light Brown - Flat,Smile,Steel,Green,Tie,Bluetooth Headset,,
3645,Bloomberg Orange,Human,Tall,Brown,Navy,Dark Brown - Wide,Gray Beard,Forest,Teal,Tie,,,
3646,Sky Blue,Lemon,Long Side,Jet Black,Blue,Brown - Flat,Mustache,Purple,Gold,Tie,Sunglasses,Whale,
3647,Bloomberg Orange,Devil,Long Side,Jet Black,Navy,Pink - Wide,Smile,Charcoal,Teal,Tie,Bull Horns,,
3648,Bloomberg Orange,Robot,Long Side,Dark Brown,Blue,Light Brown - Wide,Mustache,Steel,Red,Bow Tie,Gold Banded Frameless,,
3649,Steel,Zombie,Wavy,Dark Brown,Amber,Taupe - Wide,Mustache,Steel,Teal,Tie,Headset,,
3650,Slate,Human,Short Crop,Dark Brown,Amber,Brown - Flat,Gray Beard,Forest,Gold,Bow Tie,Headset,,
3651,Light Blue,Zombie,Wavy,Gray Brown,Green,Dark Brown - Flat,Beard,Navy,Red,Tie,Crown,Insider,
3652,Bloomberg Orange,Shadow,Wide Top,Gray Brown,Slate Gray,,Open,Purple,Green,Tie,Bull Horns,,
3653,Pale Blue,Alien,Bald,,Teal,Taupe - Flat,Smirk,Forest,Blue,Tie,3D Glasses,Diamond Hands,
3654,Sky Blue,Human,Classic Side,Light Brown,Violet,Taupe - Flat,Mustache,Purple,Green,Bow Tie,3D Glasses,,
3655,Bloomberg Orange,Human,Tall,Brown,Amber,Light Brown - Flat,Open,Charcoal,Green,Tie,3D Glasses,,
3656,Light Blue,Human,Wide Top,Dark Brown,Slate Gray,Taupe - Flat,Open,Navy,Blue,Bow Tie,,,
3657,Tan,Human,Classic Side,Charcoal,Brown,Taupe - Wide,Mustache,Purple,Red,Bow Tie,Bluetooth Headset,,
3658,Pale Blue,Human,Short Crop,Blonde,Amber,Dark Brown - Wide,Mustache,Steel,Teal,Tie,3D Glasses,,
3659,Trading Floor Green,Human,Long Side,Light Brown,Slate Gray,Pink - Flat,Open,Steel,Blue,Tie,,Diamond Hands,
3660,Light Blue,Shadow,Bald,,Amber,Dark Brown - Wide,Smile,Slate,Teal,Tie,Headset,,
3661,Bloomberg Orange,Human,Wavy,Dark Brown,Navy,Brown - Wide,Smirk,Navy,Purple,Tie,Banded Frameless,Insider,
3662,Steel,Zombie,Wide Top,Charcoal,Slate Gray,Dark Brown - Wide,Beard,Purple,Red,Tie,Bluetooth Headset,,
3663,Bloomberg Orange,Human,Classic Side,Blonde,Teal,Light Brown - Flat,Smile,Charcoal,Blue,Bow Tie,Sunglasses,Diamond Hands,
3664,Trading Floor Green,Devil,Tall,Brown,Navy,Brown - Wide,Beard,Navy,Green,Tie,Bull Horns,,
3665,Slate,Human,Short Crop,Charcoal,Violet,Brown - Flat,Smile,Charcoal,Green,Tie,Bull Horns,Diamond Hands,
3666,Sky Blue,Human,Classic Side,Jet Black,Slate Gray,Dark Brown - Wide,Smile,Navy,Purple,Tie,,,
3667,Trading Floor Green,Human,Wavy,Brown,Brown,Dark Brown - Flat,Smile,Navy,Blue,Bow Tie,Golden Devil Horns,,
3668,Trading Floor Green,Lemon,Wide Top,Blonde,Amber,Brown - Flat,Mustache,Charcoal,Green,Tie,Headset,,
3669,Trading Floor Green,Human,Bald,,Amber,Dark Brown - Wide,Smirk,Purple,Blue,Tie,Headset,,
3670,Trading Floor Green,Lemon,Tall,Jet Black,Green,Brown - Wide,Smirk,Navy,Gold,Bow Tie,Blue Boom Headset,,
3671,Slate,Devil,Classic Side,Light Brown,Navy,Pink - Wide,Blond Beard,Slate,Red,Tie,Bull Horns,,
3672,Slate,Devil,Long Side,Blonde,Teal,Brown - Flat,Open,Purple,Green,Tie,Headset,,
3673,Tan,Human,Wide Top,Jet Black,Brown,Pink - Flat,Blonde Mustache,Slate,Green,Tie,,,
3674,Light Blue,Shadow,Wide Top,Gray Brown,Brown,Dark Brown - Wide,Beard,Steel,Blue,Bow Tie,Bluetooth Headset,,
3675,Light Blue,Shadow,Tall,Charcoal,Teal,Brown - Wide,Smile,Forest,Blue,Tie,Headset,,
3676,Tan,Devil,Bald,,Slate Gray,Light Brown - Flat,Neutral,Purple,Red,Tie,3D Glasses,Insider,
3677,Slate,Lemon,Wavy,Light Brown,Navy,Light Brown - Wide,Neutral,Steel,Teal,Tie,Bull Horns,,
3678,Slate,Human,Tall,Jet Black,Navy,Light Brown - Flat,Neutral,Charcoal,Red,Bow Tie,Blue Boom Headset,,
3679,Light Blue,Robot,Long Side,Blonde,Teal,Brown - Wide,Gray Beard,Navy,Blue,Bow Tie,Headset,Insider,
3680,Sky Blue,Devil,Wavy,Brown,Amber,Taupe - Flat,Blond Beard,Navy,Gold,Bow Tie,Sunglasses,Insider,
3681,Pale Blue,Zombie,Bald,,Navy,Pink - Flat,Smirk,Slate,Red,Bow Tie,Crown,,
3682,Steel,Alien,Wide Top,Jet Black,Blue,,Beard,Slate,Teal,Tie,Bluetooth Headset,,
3683,Pale Blue,Human,Tall,Blonde,Blue,Dark Brown - Flat,Blonde Mustache,Steel,Teal,Tie,Sunglasses,,
3684,Sky Blue,Human,Short Crop,Charcoal,Green,Pink - Wide,Neutral,Navy,Blue,Tie,Headset,,
3685,Slate,Human,Tall,Charcoal,Teal,Light Brown - Flat,Mustache,Slate,Teal,Tie,Rimless Glasses,Insider,
3686,Trading Floor Green,Human,Short Crop,Dark Brown,Navy,Pink - Flat,Neutral,Forest,Gold,Tie,Golden Bull Horns,,
3687,Steel,Human,Short Crop,Charcoal,Violet,,Neutral,Purple,Gold,Tie,Sunglasses,,
3688,Pale Blue,Shadow,Long Side,Gray Brown,Slate Gray,Light Brown - Flat,Open,Forest,Teal,Tie,Banded Frameless,,
3689,Light Blue,Marshmallow,Classic Side,Blonde,Brown,Light Brown - Flat,Neutral,Charcoal,Gold,Tie,Bull Horns,,
3690,Tan,Human,Tall,Brown,Amber,Light Brown - Flat,Mustache,Steel,Gold,Tie,Devil Horns,,
3691,Trading Floor Green,Shadow,Bald,,Violet,Brown - Wide,Neutral,Forest,Blue,Tie,Bull Horns,Diamond Hands,
3692,Light Blue,Human,Bald,,Amber,Taupe - Wide,Beard,Navy,Blue,Tie,Gold Banded Frameless,Insider,
3693,Trading Floor Green,Human,Wide Top,Charcoal,Slate Gray,Light Brown - Wide,Beard,Navy,Red,Tie,3D Glasses,Diamond Hands,
3694,Trading Floor Green,Human,Wavy,Gray Brown,Violet,,Smile,Navy,Teal,Bow Tie,Headset,,
3695,Pale Blue,Lemon,Short Crop,Charcoal,Brown,Taupe - Wide,Smirk,Purple,Teal,Tie,Bluetooth Headset,Diamond Hands,Gold
3696,Sky Blue,Alien,Short Crop,Charcoal,Blue,Light Brown - Wide,Neutral,Charcoal,Gold,Tie,Golden Bull Horns,,
3697,Pale Blue,Marshmallow,Tall,Gray Brown,Brown,Taupe - Wide,Open,Slate,Red,Tie,Devil Horns,,
3698,Bloomberg Orange,Human,Wide Top,Jet Black,Violet,Light Brown - Flat,Neutral,Purple,Gold,Bow Tie,Sunglasses,Diamond Hands,
3699,Light Blue,Human,Tall,Brown,Brown,,Open,Forest,Purple,Bow Tie,Sunglasses,Whale,
3700,Pale Blue,Human,Wavy,Light Brown,Green,Dark Brown - Wide,Mustache,Charcoal,Teal,Tie,Bluetooth Headset,,White
3701,Trading Floor Green,Robot,Short Crop,Jet Black,Amber,Taupe - Flat,Neutral,Purple,Purple,Tie,Bull Horns,Whale,
3702,Tan,Shadow,Wide Top,Blonde,Blue,Pink - Flat,Mustache,Slate,Blue,Bow Tie,Blue Boom Headset,,
3703,Tan,Alien,Wavy,Charcoal,Slate Gray,Brown - Wide,Blonde Mustache,Steel,Teal,Tie,Sunglasses,Insider,
3704,Tan,Human,Long Side,Brown,Blue,Taupe - Wide,Smirk,Charcoal,Blue,Bow Tie,Headset,Insider,
3705,Light Blue,Human,Short Crop,Light Brown,Blue,Taupe - Flat,Neutral,Purple,Red,Bow Tie,Bluetooth Headset,,
3706,Bloomberg Orange,Human,Classic Side,Jet Black,Violet,Light Brown - Wide,Open,Steel,Red,Bow Tie,Sunglasses,,
3707,Steel,Human,Tall,Jet Black,Slate Gray,Dark Brown - Flat,Gray Beard,Pink,Purple,Tie,Blue Boom Headset,,
3708,Sky Blue,Zombie,Classic Side,Brown,Blue,Dark Brown - Flat,Neutral,Purple,Teal,Bow Tie,Golden Bull Horns,,
3709,Tan,Human,Classic Side,Gray Brown,Slate Gray,Taupe - Wide,Smirk,Navy,Gold,Tie,Headset,,
3710,Trading Floor Green,Shadow,Wide Top,Blonde,Brown,Taupe - Wide,Neutral,Charcoal,Red,Bow Tie,Golden Bull Horns,Insider,
3711,Steel,Marshmallow,Wavy,Light Brown,Violet,Dark Brown - Flat,Beard,Slate,Green,Tie,Headset,,
3712,Pale Blue,Alien,Long Side,Charcoal,Teal,Pink - Wide,Open,Navy,Blue,Tie,Bull Horns,Diamond Hands,
3713,Tan,Human,Bald,,Teal,Brown - Wide,Neutral,Charcoal,Blue,Bow Tie,Blue Boom Headset,Insider,
3714,Bloomberg Orange,Human,Wide Top,Light Brown,Brown,Brown - Wide,Smile,Forest,Green,Tie,Bull Horns,,
3715,Light Blue,Marshmallow,Wavy,Jet Black,Amber,Brown - Flat,Mustache,Charcoal,Green,Bow Tie,Banded Frameless,,
3716,Bloomberg Orange,Human,Wavy,Light Brown,Violet,Taupe - Flat,Mustache,Steel,Purple,Tie,Crown,,
3717,Sky Blue,Human,Classic Side,Gray Brown,Teal,Taupe - Wide,Smile,Forest,Green,Bow Tie,Banded Frameless,,
3718,Sky Blue,Human,Wavy,Dark Brown,Teal,,Mustache,Steel,Gold,Tie,Bull Horns,,
3719,Bloomberg Orange,Lemon,Classic Side,Charcoal,Green,Dark Brown - Wide,Smile,Charcoal,Green,Tie,Crown,Insider,
3720,Tan,Lemon,Classic Side,Light Brown,Teal,Taupe - Wide,Smile,Forest,Purple,Tie,Bull Horns,Insider,
3721,Sky Blue,Human,Classic Side,Gray Brown,Blue,Light Brown - Wide,Open,Pink,Green,Tie,Bluetooth Headset,Insider,
3722,Trading Floor Green,Shadow,Bald,,Blue,Light Brown - Wide,Smirk,Slate,Purple,Tie,3D Glasses,,
3723,Steel,Robot,Long Side,Charcoal,Amber,Dark Brown - Flat,Smirk,Slate,Green,Tie,,,
3724,Slate,Zombie,Long Side,Charcoal,Violet,Brown - Flat,Open,Steel,Teal,Tie,Devil Horns,,
3725,Steel,Human,Long Side,Dark Brown,Violet,Light Brown - Wide,Mustache,Steel,Gold,Tie,Headset,Insider,
3726,Tan,Human,Long Side,Jet Black,Violet,Brown - Wide,Beard,Navy,Gold,Tie,,Diamond Hands,
3727,Trading Floor Green,Robot,Tall,Charcoal,Slate Gray,Brown - Flat,Smile,Charcoal,Purple,Tie,,,
3728,Light Blue,Human,Wide Top,Light Brown,Blue,Light Brown - Flat,Smile,Steel,Teal,Tie,3D Glasses,,
3729,Light Blue,Human,Wide Top,Brown,Violet,Dark Brown - Flat,Gray Beard,Forest,Purple,Tie,Sunglasses,,
3730,Trading Floor Green,Robot,Tall,Dark Brown,Violet,,Neutral,Steel,Teal,Tie,Rimless Glasses,,
3731,Steel,Human,Wavy,Blonde,Violet,Dark Brown - Wide,Smile,Slate,Purple,Tie,3D Glasses,,
3732,Bloomberg Orange,Human,Bald,,Navy,Brown - Flat,Open,Navy,Purple,Tie,Headset,Whale,
3733,Steel,Human,Classic Side,Light Brown,Slate Gray,Brown - Flat,Open,Purple,Gold,Tie,Bluetooth Headset,Whale,
3734,Bloomberg Orange,Zombie,Short Crop,Brown,Blue,Pink - Wide,Smile,Charcoal,Green,Tie,Sunglasses,Insider,
3735,Trading Floor Green,Marshmallow,Classic Side,Blonde,Navy,,Mustache,Steel,Red,Tie,Bluetooth Headset,Whale,
3736,Bloomberg Orange,Human,Classic Side,Dark Brown,Brown,,Neutral,Steel,Blue,Tie,Headset,,
3737,Pale Blue,Human,Classic Side,Jet Black,Blue,Taupe - Flat,Mustache,Slate,Blue,Tie,3D Glasses,,
3738,Pale Blue,Shadow,Short Crop,Gray Brown,Brown,Taupe - Flat,Beard,Purple,Red,Tie,Headset,,
3739,Tan,Lemon,Wide Top,Blonde,Violet,,Smile,Purple,Red,Tie,Crown,,
3740,Tan,Robot,Wide Top,Jet Black,Teal,Dark Brown - Flat,Open,Navy,Teal,Tie,Headset,,
3741,Slate,Human,Short Crop,Light Brown,Green,Taupe - Flat,Mustache,Steel,Green,Tie,Bull Horns,,
3742,Trading Floor Green,Human,Wavy,Blonde,Violet,Taupe - Flat,Neutral,Forest,Red,Tie,Headset,,
3743,Slate,Human,Wavy,Charcoal,Amber,Light Brown - Wide,Mustache,Purple,Teal,Tie,,Insider,
3744,Tan,Human,Wide Top,Blonde,Navy,Taupe - Flat,Neutral,Charcoal,Blue,Tie,3D Glasses,,
3745,Light Blue,Human,Tall,Gray Brown,Navy,Brown - Wide,Smirk,Charcoal,Red,Tie,3D Glasses,Diamond Hands,
3746,Trading Floor Green,Human,Classic Side,Jet Black,Slate Gray,Light Brown - Wide,Gray Beard,Slate,Gold,Tie,Headset,,
3747,Trading Floor Green,Human,Short Crop,Brown,Navy,Pink - Wide,Beard,Slate,Teal,Bow Tie,Headset,,
3748,Bloomberg Orange,Human,Wide Top,Dark Brown,Blue,,Neutral,Steel,Green,Tie,3D Glasses,Insider,
3749,Slate,Robot,Tall,Dark Brown,Blue,Brown - Wide,Neutral,Slate,Red,Tie,Blue Boom Headset,Diamond Hands,
3750,Trading Floor Green,Human,Long Side,Charcoal,Slate Gray,Dark Brown - Wide,Mustache,Steel,Red,Tie,Bluetooth Headset,,
3751,Sky Blue,Human,Tall,Brown,Green,Brown - Flat,Open,Navy,Green,Bow Tie,Headset,,
3752,Pale Blue,Alien,Wavy,Blonde,Navy,Taupe - Flat,Neutral,Purple,Teal,Tie,Blue Boom Headset,Diamond Hands,
3753,Trading Floor Green,Human,Short Crop,Light Brown,Violet,Taupe - Wide,Beard,Steel,Red,Tie,Bluetooth Headset,,
3754,Pale Blue,Robot,Bald,,Blue,Pink - Flat,Mustache,Forest,Purple,Tie,Monocle,,
3755,Trading Floor Green,Zombie,Tall,Blonde,Blue,Brown - Flat,Open,Steel,Green,Tie,Headset,,
3756,Sky Blue,Human,Wide Top,Gray Brown,Blue,Pink - Flat,Mustache,Slate,Red,Tie,Sunglasses,Insider,
3757,Bloomberg Orange,Human,Rainbow Afro,Rainbow,Slate Gray,Light Brown - Flat,Smirk,Charcoal,Teal,Tie,Banded Frameless,,
3758,Sky Blue,Human,Wavy,Dark Brown,Teal,Light Brown - Flat,Beard,Purple,Green,Tie,Eye Patch,Insider,
3759,Tan,Human,Tall,Dark Brown,Slate Gray,Pink - Flat,Open,Rainbow,Blue,Bow Tie,Monocle,,
3760,Steel,Human,Wavy,Jet Black,Navy,Light Brown - Flat,Mustache,Slate,Gold,Bow Tie,Blue Boom Headset,,
3761,Sky Blue,Human,Wavy,Charcoal,Amber,,Blonde Mustache,Navy,Green,Tie,Bull Horns,,
3762,Light Blue,Devil,Classic Side,Charcoal,Green,Light Brown - Wide,Smile,Forest,Blue,Tie,Crown,,
3763,Bloomberg Orange,Human,Tall,Dark Brown,Slate Gray,,Beard,Charcoal,Red,Tie,,,
3764,Bloomberg Orange,Human,Classic Side,Brown,Violet,Pink - Flat,Neutral,Steel,Teal,Bow Tie,Headset,Diamond Hands,
3765,Pale Blue,Zombie,Wavy,Jet Black,Brown,Light Brown - Wide,Neutral,Purple,Gold,Tie,Devil Horns,Diamond Hands,
3766,Tan,Human,Bald,,Navy,Pink - Flat,Neutral,Purple,Blue,Tie,Sunglasses,Whale,
3767,Tan,Zombie,Long Side,Dark Brown,Green,,Beard,Steel,Gold,Tie,Eye Patch,,
3768,Light Blue,Robot,Wide Top,Brown,Slate Gray,Taupe - Wide,Mustache,Slate,Red,Tie,Eye Patch,Insider,
3769,Steel,Human,Tall,Brown,Blue,Light Brown - Wide,Smile,Navy,Red,Tie,Crown,,
3770,Slate,Human,Long Side,Blonde,Brown,Light Brown - Flat,Smirk,Steel,Purple,Tie,Rimless Glasses,,
3771,Slate,Human,Bald,,Blue,Taupe - Wide,Open,Pink,Gold,Tie,3D Glasses,Insider,
3772,Bloomberg Orange,Human,Wavy,Brown,Teal,Pink - Flat,Neutral,Forest,Purple,Tie,Bluetooth Headset,Diamond Hands,
3773,Tan,Lemon,Tall,Charcoal,Amber,Pink - Flat,Neutral,Purple,Green,Tie,Sunglasses,,
3774,Sky Blue,Human,Wide Top,Gray Brown,Blue,Pink - Wide,Smile,Steel,Teal,Tie,Bull Horns,,
3775,Light Blue,Alien,Bald,,Violet,Dark Brown - Flat,Beard,Navy,Green,Tie,Sunglasses,,
3776,Bloomberg Orange,Lemon,Bald,,Amber,,Beard,Charcoal,Green,Bow Tie,Monocle,,
3777,Pale Blue,Human,Classic Side,Charcoal,Brown,Dark Brown - Flat,Mustache,Steel,Green,Tie,Headset,,
3778,Light Blue,Lemon,Wavy,Gray Brown,Brown,Dark Brown - Flat,Smirk,Purple,Purple,Bow Tie,Rimless Glasses,Whale,White
3779,Tan,Human,Short Crop,Charcoal,Violet,Pink - Flat,Blonde Mustache,Navy,Blue,Tie,3D Glasses,Diamond Hands,
3780,Light Blue,Human,Short Crop,Light Brown,Green,Pink - Flat,Neutral,Charcoal,Teal,Tie,Bull Horns,Insider,
3781,Tan,Human,Long Side,Brown,Violet,Dark Brown - Flat,Neutral,Steel,Purple,Tie,Bluetooth Headset,,
3782,Bloomberg Orange,Lemon,Long Side,Brown,Amber,Brown - Wide,Beard,Purple,Purple,Tie,Bluetooth Headset,,
3783,Bloomberg Orange,Robot,Tall,Jet Black,Amber,Taupe - Flat,Blond Beard,Purple,Red,Tie,3D Glasses,,
3784,Light Blue,Human,Wide Top,Jet Black,Amber,Taupe - Flat,Beard,Forest,Red,Tie,Blue Boom Headset,,
3785,Sky Blue,Human,Tall,Blonde,Navy,Taupe - Flat,Beard,Forest,Green,Bow Tie,3D Glasses,Diamond Hands,
3786,Slate,Marshmallow,Classic Side,Brown,Brown,Brown - Flat,Blonde Mustache,Slate,Red,Tie,3D Glasses,Insider,
3787,Light Blue,Zombie,Wide Top,Brown,Green,Light Brown - Wide,Beard,Rainbow,Red,Tie,,,
3788,Steel,Zombie,Tall,Brown,Blue,Pink - Flat,Mustache,Navy,Gold,Tie,Bull Horns,,
3789,Slate,Devil,Bald,,Brown,Taupe - Flat,Smirk,Slate,Red,Tie,Rimless Glasses,,
3790,Pale Blue,Devil,Classic Side,Gray Brown,Navy,Brown - Flat,Beard,Slate,Green,Bow Tie,Banded Frameless,,
3791,Bloomberg Orange,Lemon,Tall,Charcoal,Navy,Light Brown - Wide,Smirk,Navy,Purple,Tie,Banded Frameless,,
3792,Steel,Marshmallow,Wide Top,Gray Brown,Amber,Pink - Flat,Neutral,Charcoal,Blue,Tie,Bull Horns,,
3793,Steel,Shadow,Long Side,Blonde,Brown,Light Brown - Flat,Smile,Slate,Purple,Tie,,Insider,
3794,Steel,Robot,Long Side,Charcoal,Violet,Taupe - Wide,Neutral,Steel,Teal,Bow Tie,Sunglasses,,
3795,Pale Blue,Shadow,Wide Top,Jet Black,Teal,,Neutral,Purple,Green,Tie,Rimless Glasses,,
3796,Trading Floor Green,Human,Wide Top,Charcoal,Blue,Taupe - Wide,Open,Slate,Teal,Tie,Crown,Diamond Hands,
3797,Sky Blue,Marshmallow,Classic Side,Brown,Blue,Brown - Wide,Neutral,Forest,Green,Tie,Bluetooth Headset,Diamond Hands,
3798,Pale Blue,Marshmallow,Tall,Brown,Green,Pink - Flat,Open,Forest,Teal,Tie,Devil Horns,Insider,
3799,Trading Floor Green,Alien,Tall,Dark Brown,Green,Brown - Wide,Open,Slate,Teal,Tie,,,
3800,Steel,Devil,Bald,,Blue,Taupe - Flat,Neutral,Slate,Gold,Tie,Bluetooth Headset,,
3801,Tan,Lemon,Tall,Blonde,Teal,Taupe - Flat,Smile,Charcoal,Purple,Tie,Headset,,
3802,Sky Blue,Human,Short Crop,Light Brown,Teal,Taupe - Flat,Beard,Steel,Purple,Tie,Sunglasses,,
3803,Sky Blue,Zombie,Bald,,Slate Gray,Brown - Wide,Open,Navy,Blue,Tie,,,
3804,Light Blue,Human,Bald,,Brown,Brown - Wide,Beard,Purple,Teal,Bow Tie,Rimless Glasses,Whale,
3805,Bloomberg Orange,Human,Tall,Brown,Teal,,Beard,Forest,Gold,Tie,Banded Frameless,Insider,
3806,Trading Floor Green,Devil,Classic Side,Gray Brown,Teal,Dark Brown - Wide,Beard,Forest,Teal,Tie,,,
3807,Sky Blue,Human,Long Side,Dark Brown,Blue,Pink - Wide,Smile,Forest,Gold,Bow Tie,Blue Boom Headset,,
3808,Light Blue,Human,Classic Side,Dark Brown,Brown,,Smile,Navy,Teal,Tie,Monocle,,
3809,Steel,Human,Tall,Brown,Brown,Dark Brown - Flat,Open,Steel,Red,Tie,Sunglasses,,
3810,Slate,Devil,Tall,Brown,Violet,Clown Red - Wide,Smile,Navy,Purple,Bow Tie,3D Glasses,,
3811,Trading Floor Green,Human,Wavy,Brown,Brown,Dark Brown - Flat,Smile,Slate,Blue,Tie,Headset,Diamond Hands,
3812,Light Blue,Lemon,Bald,,Brown,Brown - Flat,Smile,Navy,Gold,Tie,Gold Headset,,
3813,Trading Floor Green,Alien,Wide Top,Light Brown,Teal,Dark Brown - Wide,Smirk,Purple,Teal,Tie,Headset,,
3814,Bloomberg Orange,Human,Wide Top,Light Brown,Brown,Light Brown - Wide,Mustache,Purple,Blue,Tie,Crown,,
3815,Sky Blue,Human,Classic Side,Jet Black,Brown,Dark Brown - Wide,Smile,Purple,Red,Tie,Crown,,
3816,Slate,Human,Long Side,Jet Black,Blue,Pink - Wide,Beard,Purple,Teal,Tie,Bull Horns,,
3817,Tan,Human,Long Side,Jet Black,Teal,,Blond Beard,Purple,Gold,Bow Tie,Banded Frameless,,
3818,Tan,Human,Wavy,Gray Brown,Blue,Taupe - Wide,Neutral,Steel,Red,Bow Tie,Sunglasses,,
3819,Bloomberg Orange,Human,Short Crop,Blonde,Violet,Dark Brown - Wide,Gray Beard,Slate,Teal,Tie,,,
3820,Pale Blue,Human,Long Side,Charcoal,Slate Gray,Pink - Wide,Smile,Forest,Red,Bow Tie,3D Glasses,Diamond Hands,
3821,Slate,Human,Wide Top,Charcoal,Brown,Pink - Wide,Mustache,Slate,Red,Tie,3D Glasses,,
3822,Steel,Human,Classic Side,Gray Brown,Amber,Pink - Wide,Beard,Charcoal,Purple,Tie,Sunglasses,Diamond Hands,
3823,Trading Floor Green,Zombie,Tall,Light Brown,Navy,Brown - Flat,Smirk,Purple,Teal,Tie,Headset,Diamond Hands,
3824,Bloomberg Orange,Human,Bald,,Amber,Dark Brown - Flat,Neutral,Charcoal,Red,Tie,Crown,,
3825,Tan,Devil,Bald,,Navy,Dark Brown - Flat,Neutral,Charcoal,Green,Tie,Bluetooth Headset,,
3826,Trading Floor Green,Robot,Long Side,Light Brown,Blue,Taupe - Wide,Open,Steel,Gold,Tie,,Whale,
3827,Slate,Human,Long Side,Light Brown,Teal,Brown - Flat,Smirk,Steel,Green,Tie,3D Glasses,,
3828,Slate,Alien,Wavy,Blonde,Brown,Pink - Flat,Neutral,Navy,Purple,Tie,Bluetooth Headset,Diamond Hands,
3829,Sky Blue,Human,Long Side,Dark Brown,Navy,Taupe - Flat,Smirk,Charcoal,Gold,Tie,Headset,Whale,
3830,Bloomberg Orange,Human,Tall,Gray Brown,Slate Gray,Light Brown - Wide,Beard,Slate,Purple,Bow Tie,,,
3831,Trading Floor Green,Shadow,Short Crop,Gray Brown,Teal,Light Brown - Wide,Smile,Purple,Red,Tie,Banded Frameless,,
3832,Tan,Human,Wavy,Brown,Amber,Taupe - Wide,Gray Beard,Slate,Red,Bow Tie,Sunglasses,,
3833,Light Blue,Zombie,Bald,,Amber,Dark Brown - Flat,Blonde Mustache,Purple,Red,Bow Tie,Crown,,
3834,Tan,Devil,Tall,Light Brown,Slate Gray,Brown - Flat,Beard,Steel,Green,Bow Tie,Sunglasses,Insider,
3835,Trading Floor Green,Alien,Wide Top,Dark Brown,Blue,Dark Brown - Wide,Beard,Red,Gold,Tie,Bull Horns,Whale,
3836,Pale Blue,Devil,Tall,Brown,Blue,Brown - Wide,Beard,Navy,Blue,Tie,3D Glasses,Diamond Hands,
3837,Tan,Devil,Tall,Light Brown,Green,Brown - Wide,Open,Charcoal,Blue,Tie,Banded Frameless,,
3838,Tan,Human,Bald,,Bull Candle,Dark Brown - Flat,Gray Beard,Slate,Gold,Bow Tie,Gold Headset,,
3839,Sky Blue,Human,Wavy,Jet Black,Amber,Dark Brown - Wide,Beard,Forest,Green,Tie,Headset,,
3840,Pale Blue,Human,Short Crop,Brown,Amber,Taupe - Flat,Smirk,Purple,Gold,Tie,Gold Headset,,
3841,Light Blue,Human,Long Side,Jet Black,Blue,Light Brown - Flat,Smirk,Forest,Blue,Tie,Rimless Glasses,Diamond Hands,
3842,Pale Blue,Shadow,Wavy,Charcoal,Green,Light Brown - Wide,Mustache,Charcoal,Green,Tie,,,
3843,Bloomberg Orange,Shadow,Wide Top,Charcoal,Blue,Brown - Flat,Beard,Slate,Teal,Tie,Rimless Glasses,Whale,
3844,Trading Floor Green,Human,Wavy,Brown,Teal,Dark Brown - Wide,Smile,Slate,Purple,Bow Tie,Sunglasses,,
3845,Trading Floor Green,Human,Wavy,Brown,Amber,,Smile,Forest,Teal,Tie,,Insider,
3846,Trading Floor Green,Zombie,Bald,,Teal,Brown - Flat,Smile,Charcoal,Red,Tie,Headset,,
3847,Bloomberg Orange,Human,Tall,Dark Brown,Slate Gray,Taupe - Wide,Smirk,Navy,Green,Tie,Blue Boom Headset,,
3848,Pale Blue,Human,Long Side,Brown,Teal,Brown - Flat,Smirk,Navy,Gold,Tie,Sunglasses,Insider,
3849,Bloomberg Orange,Human,Bald,,Navy,Dark Brown - Wide,Open,Navy,Teal,Tie,Sunglasses,,
3850,Tan,Devil,Classic Side,Dark Brown,Amber,Pink - Flat,Open,Navy,Gold,Bow Tie,,,
3851,Light Blue,Shadow,Wide Top,Gray Brown,Navy,Brown - Flat,Mustache,Pink,Green,Bow Tie,Bull Horns,Insider,
3852,Slate,Zombie,Tall,Brown,Brown,Pink - Wide,Smile,Slate,Green,Bow Tie,Banded Frameless,Whale,
3853,Tan,Lemon,Wide Top,Dark Brown,Slate Gray,Light Brown - Wide,Smile,Navy,Red,Tie,Sunglasses,Whale,
3854,Pale Blue,Marshmallow,Wide Top,Blonde,Amber,Light Brown - Flat,Beard,Purple,Purple,Tie,Crown,Whale,
3855,Pale Blue,Robot,Bald,,Slate Gray,Taupe - Flat,Open,Purple,Gold,Tie,Rimless Glasses,Diamond Hands,
3856,Steel,Human,Bald,,Blue,Brown - Flat,Smile,Red,Gold,Tie,Crown,,
3857,Sky Blue,Human,Long Side,Charcoal,Violet,Light Brown - Flat,Blond Beard,Charcoal,Teal,Tie,Bluetooth Headset,,
3858,Light Blue,Human,Wide Top,Light Brown,Brown,Dark Brown - Wide,Beard,Steel,Red,Tie,Crown,,
3859,Trading Floor Green,Human,Wavy,Jet Black,Blue,Pink - Flat,Smile,Steel,Teal,Tie,Headset,Insider,
3860,Light Blue,Human,Long Side,Gray Brown,Blue,Brown - Wide,Neutral,Slate,Green,Bow Tie,Headset,,
3861,Bloomberg Orange,Human,Bald,,Amber,Pink - Flat,Smirk,Steel,Gold,Tie,Bluetooth Headset,Insider,
3862,Pale Blue,Lemon,Short Crop,Light Brown,Teal,Pink - Flat,Smirk,Charcoal,Red,Tie,Eye Patch,Diamond Hands,
3863,Steel,Robot,Classic Side,Brown,Brown,Brown - Flat,Neutral,Slate,Purple,Bow Tie,,,
3864,Light Blue,Alien,Bald,,Slate Gray,Brown - Flat,Mustache,Charcoal,Teal,Tie,Banded Frameless,Insider,
3865,Trading Floor Green,Zombie,Wavy,Gray Brown,Amber,Light Brown - Flat,Neutral,Navy,Blue,Tie,Rimless Glasses,,
3866,Sky Blue,Robot,Wavy,Blonde,Navy,Taupe - Wide,Mustache,Purple,Teal,Bow Tie,3D Glasses,,
3867,Sky Blue,Lemon,Wavy,Blonde,Amber,Pink - Flat,Mustache,Charcoal,Green,Bow Tie,Headset,,
3868,Steel,Alien,Wide Top,Jet Black,Navy,Brown - Wide,Open,Charcoal,Gold,Tie,Crown,Whale,
3869,Light Blue,Human,Short Crop,Brown,Brown,Dark Brown - Wide,Smirk,Navy,Blue,Tie,Rimless Glasses,,
3870,Bloomberg Orange,Human,Tall,Light Brown,Green,Dark Brown - Flat,Neutral,Charcoal,Blue,Tie,Headset,,
3871,Tan,Human,Wavy,Jet Black,Navy,Dark Brown - Wide,Smirk,Steel,Purple,Tie,Bluetooth Headset,,
3872,Slate,Marshmallow,Wide Top,Light Brown,Navy,Brown - Flat,Smile,Purple,Purple,Tie,Bull Horns,Diamond Hands,
3873,Bloomberg Orange,Human,Wavy,Gray Brown,Amber,Dark Brown - Flat,Smirk,Charcoal,Red,Bow Tie,Blue Boom Headset,,
3874,Pale Blue,Devil,Wavy,Brown,Slate Gray,Dark Brown - Flat,Neutral,Slate,Purple,Tie,Monocle,,
3875,Sky Blue,Alien,Long Side,Blonde,Violet,Taupe - Wide,Neutral,Purple,Red,Tie,Sunglasses,,
3876,Tan,Human,Bald,,Teal,Taupe - Flat,Mustache,Steel,Purple,Bow Tie,Eye Patch,Diamond Hands,
3877,Trading Floor Green,Devil,Classic Side,Charcoal,Amber,Dark Brown - Flat,Mustache,Slate,Gold,Tie,Bull Horns,,
3878,Sky Blue,Lemon,Wavy,Charcoal,Blue,Dark Brown - Flat,Beard,Forest,Purple,Bow Tie,,,
3879,Light Blue,Zombie,Bald,,Brown,Dark Brown - Flat,Smile,Charcoal,Purple,Tie,3D Glasses,,
3880,Steel,Human,Wide Top,Dark Brown,Amber,Brown - Wide,Blonde Mustache,Forest,Green,Bow Tie,Banded Frameless,,
3881,Trading Floor Green,Marshmallow,Wavy,Dark Brown,Brown,Dark Brown - Wide,Beard,Steel,Teal,Tie,Headset,,
3882,Bloomberg Orange,Human,Wavy,Brown,Violet,Taupe - Wide,Blond Beard,Purple,Blue,Tie,Crown,,
3883,Bloomberg Orange,Lemon,Wide Top,Charcoal,Amber,Pink - Wide,Mustache,Charcoal,Purple,Tie,Blue Boom Headset,,
3884,Trading Floor Green,Human,Tall,Jet Black,Green,,Beard,Slate,Red,Tie,Rimless Glasses,,
3885,Bloomberg Orange,Robot,Classic Side,Dark Brown,Amber,Brown - Flat,Smirk,Navy,Green,Bow Tie,Headset,,
3886,Steel,Human,Wide Top,Jet Black,Amber,Brown - Flat,Smile,Forest,Gold,Tie,,,
3887,Light Blue,Shadow,Wavy,Blonde,Violet,Clown Red - Wide,Mustache,Steel,Gold,Tie,Headset,,
3888,Slate,Human,Bald,,Slate Gray,Taupe - Flat,Smirk,Forest,Green,Tie,Rimless Glasses,,
3889,Trading Floor Green,Marshmallow,Tall,Dark Brown,Teal,Taupe - Flat,Smirk,Purple,Purple,Tie,,,
3890,Steel,Marshmallow,Wavy,Dark Brown,Amber,Dark Brown - Wide,Open,Steel,Green,Tie,3D Glasses,,
3891,Bloomberg Orange,Marshmallow,Wide Top,Brown,Brown,Taupe - Wide,Smile,Steel,Green,Tie,Sunglasses,Insider,
3892,Pale Blue,Human,Bald,,Slate Gray,Light Brown - Wide,Neutral,Navy,Blue,Bow Tie,Crown,,
3893,Steel,Alien,Tall,Light Brown,Navy,Brown - Wide,Blonde Mustache,Slate,Blue,Tie,Rimless Glasses,Diamond Hands,
3894,Tan,Zombie,Wide Top,Dark Brown,Violet,Light Brown - Flat,Mustache,Slate,Gold,Tie,Crown,,
3895,Tan,Human,Long Side,Charcoal,Violet,Brown - Wide,Mustache,Charcoal,Purple,Tie,Banded Frameless,Diamond Hands,
3896,Trading Floor Green,Human,Short Crop,Blonde,Green,Taupe - Wide,Smirk,Navy,Gold,Tie,3D Glasses,Diamond Hands,
3897,Sky Blue,Human,Wavy,Gray Brown,Green,Light Brown - Flat,Smirk,Steel,Red,Bow Tie,Blue Boom Headset,Insider,
3898,Steel,Shadow,Classic Side,Jet Black,Slate Gray,Brown - Flat,Beard,Purple,Red,Tie,Headset,Insider,
3899,Pale Blue,Lemon,Bald,,Amber,Taupe - Wide,Gray Beard,Purple,Teal,Tie,Blue Boom Headset,Insider,
3900,Trading Floor Green,Alien,Bald,,Violet,Pink - Flat,Smile,Navy,Purple,Tie,Blue Boom Headset,,
3901,Tan,Human,Long Side,Jet Black,Blue,Taupe - Flat,Smirk,Purple,Teal,Bow Tie,Bluetooth Headset,,
3902,Trading Floor Green,Lemon,Short Crop,Brown,Slate Gray,Pink - Flat,Mustache,Navy,Green,Tie,Headset,,
3903,Light Blue,Human,Wavy,Dark Brown,Green,Clown Red - Wide,Mustache,Navy,Gold,Bow Tie,Headset,,
3904,Tan,Human,Classic Side,Light Brown,Slate Gray,,Smirk,Purple,Gold,Tie,3D Glasses,Insider,
3905,Slate,Human,Tall,Light Brown,Amber,Pink - Wide,Smirk,Navy,Red,Bow Tie,3D Glasses,,
3906,Slate,Human,Wavy,Brown,Amber,Brown - Flat,Beard,Charcoal,Purple,Tie,Banded Frameless,Insider,
3907,Slate,Human,Bald,,Green,Light Brown - Flat,Smile,Navy,Teal,Tie,Crown,Whale,
3908,Steel,Lemon,Tall,Gray Brown,Teal,Brown - Flat,Neutral,Navy,Purple,Bow Tie,Bluetooth Headset,,
3909,Light Blue,Alien,Classic Side,Brown,Green,Pink - Flat,Neutral,Navy,Gold,Bow Tie,Blue Boom Headset,,
3910,Pale Blue,Human,Tall,Brown,Blue,Brown - Wide,Smirk,Navy,Purple,Tie,Bull Horns,Diamond Hands,
3911,Pale Blue,Human,Long Side,Charcoal,Navy,Dark Brown - Wide,Smirk,Slate,Gold,Bow Tie,Crown,,
3912,Trading Floor Green,Human,Wavy,Gray Brown,Blue,Taupe - Flat,Smirk,Slate,Blue,Tie,Headset,,
3913,Tan,Human,Short Crop,Jet Black,Slate Gray,Pink - Wide,Neutral,Forest,Gold,Tie,Bluetooth Headset,Diamond Hands,
3914,Tan,Marshmallow,Bald,,Amber,Taupe - Wide,Mustache,Purple,Green,Tie,Monocle,,
3915,Bloomberg Orange,Human,Bald,,Green,Pink - Flat,Open,Charcoal,Purple,Tie,Rimless Glasses,,
3916,Pale Blue,Human,Short Crop,Brown,Brown,Dark Brown - Flat,Open,Steel,Red,Tie,Bluetooth Headset,Whale,
3917,Bloomberg Orange,Shadow,Classic Side,Light Brown,Amber,,Neutral,Forest,Red,Bow Tie,Headset,Whale,
3918,Steel,Zombie,Classic Side,Brown,Navy,Pink - Flat,Neutral,Slate,Purple,Tie,Headset,,
3919,Sky Blue,Lemon,Long Side,Blonde,Amber,Pink - Wide,Beard,Forest,Gold,Tie,Banded Frameless,Whale,
3920,Pale Blue,Human,Wide Top,Charcoal,Blue,,Smile,Slate,Blue,Bow Tie,Headset,,
3921,Slate,Human,Wavy,Jet Black,Teal,Taupe - Flat,Smirk,Navy,Red,Tie,Bluetooth Headset,,
3922,Light Blue,Human,Tall,Dark Brown,Green,,Open,Slate,Gold,Tie,Bluetooth Headset,Diamond Hands,
3923,Tan,Human,Tall,Gray Brown,Teal,Taupe - Wide,Beard,Purple,Red,Bow Tie,Crown,,
3924,Pale Blue,Devil,Long Side,Charcoal,Blue,Taupe - Wide,Mustache,Navy,Red,Tie,Bull Horns,,
3925,Trading Floor Green,Zombie,Long Side,Gray Brown,Brown,Taupe - Wide,Mustache,Steel,Blue,Bow Tie,Crown,,
3926,Sky Blue,Human,Wide Top,Light Brown,Amber,Dark Brown - Flat,Neutral,Charcoal,Blue,Bow Tie,Crown,,
3927,Sky Blue,Robot,Tall,Brown,Violet,Taupe - Flat,Smile,Charcoal,Gold,Tie,Bluetooth Headset,,
3928,Trading Floor Green,Human,Classic Side,Dark Brown,Slate Gray,Dark Brown - Flat,Blond Beard,Slate,Purple,Tie,Sunglasses,,
3929,Tan,Marshmallow,Long Side,Blonde,Slate Gray,,Open,Steel,Green,Tie,Headset,,
3930,Tan,Human,Wide Top,Dark Brown,Violet,,Neutral,Purple,Teal,Tie,Blue Boom Headset,,
3931,Steel,Marshmallow,Short Crop,Brown,Blue,Dark Brown - Flat,Open,Steel,Teal,Tie,Bluetooth Headset,,
3932,Slate,Marshmallow,Wavy,Light Brown,Navy,Taupe - Flat,Mustache,Steel,Gold,Bow Tie,Sunglasses,Whale,
3933,Trading Floor Green,Human,Bald,,Teal,Light Brown - Wide,Smile,Charcoal,Blue,Tie,3D Glasses,,
3934,Pale Blue,Lemon,Wide Top,Blonde,Blue,Dark Brown - Flat,Open,Slate,Teal,Tie,Crown,,
3935,Light Blue,Devil,Wide Top,Brown,Slate Gray,Dark Brown - Flat,Beard,Purple,Teal,Tie,Headset,,
3936,Pale Blue,Human,Long Side,Jet Black,Amber,Light Brown - Wide,Smile,Forest,Gold,Bow Tie,Headset,Whale,
3937,Trading Floor Green,Devil,Tall,Light Brown,Teal,Dark Brown - Wide,Mustache,Forest,Blue,Tie,Headset,Diamond Hands,
3938,Tan,Human,Wide Top,Brown,Teal,,Mustache,Navy,Red,Tie,Headset,,
3939,Light Blue,Devil,Long Side,Blonde,Teal,Pink - Flat,Smile,Purple,Teal,Tie,,Insider,
3940,Bloomberg Orange,Shadow,Classic Side,Charcoal,Navy,Taupe - Flat,Neutral,Purple,Red,Tie,,,
3941,Slate,Human,Wavy,Gray Brown,Navy,Pink - Wide,Beard,Purple,Purple,Bow Tie,Eye Patch,,
3942,Sky Blue,Human,Long Side,Brown,Brown,Taupe - Wide,Mustache,Navy,Red,Tie,Rimless Glasses,,
3943,Steel,Alien,Wide Top,Brown,Bull Candle,Dark Brown - Flat,Mustache,Charcoal,Red,Tie,Eye Patch,Diamond Hands,
3944,Trading Floor Green,Alien,Short Crop,Light Brown,Navy,,Blonde Mustache,Purple,Red,Tie,Bluetooth Headset,,
3945,Tan,Human,Tall,Charcoal,Blue,Taupe - Flat,Mustache,Charcoal,Gold,Tie,Rimless Glasses,,
3946,Steel,Human,Bald,,Violet,Pink - Flat,Blonde Mustache,Forest,Red,Bow Tie,Headset,,
3947,Trading Floor Green,Alien,Bald,,Green,Pink - Flat,Smirk,Charcoal,Blue,Tie,Headset,,
3948,Slate,Human,Classic Side,Dark Brown,Amber,Pink - Wide,Beard,Slate,Purple,Tie,,Diamond Hands,
3949,Light Blue,Human,Bald,,Amber,,Smirk,Purple,Teal,Tie,Crown,Whale,
3950,Pale Blue,Zombie,Wide Top,Jet Black,Brown,Dark Brown - Flat,Smirk,Forest,Teal,Tie,Headset,,
3951,Light Blue,Shadow,Long Side,Charcoal,Violet,Pink - Flat,Beard,Navy,Green,Tie,Devil Horns,Whale,
3952,Sky Blue,Human,Bald,,Slate Gray,Taupe - Wide,Neutral,Purple,Blue,Tie,Blue Boom Headset,,
3953,Sky Blue,Human,Wavy,Charcoal,Amber,Light Brown - Flat,Smirk,Steel,Green,Tie,Devil Horns,Insider,
3954,Slate,Human,Wide Top,Jet Black,Amber,Taupe - Flat,Mustache,Purple,Blue,Tie,Bluetooth Headset,,
3955,Slate,Human,Long Side,Charcoal,Navy,Taupe - Wide,Smirk,Navy,Purple,Tie,Headset,,
3956,Slate,Lemon,Short Crop,Brown,Violet,Pink - Flat,Neutral,Charcoal,Green,Bow Tie,Devil Horns,,
3957,Light Blue,Human,Long Side,Blonde,Green,Dark Brown - Wide,Mustache,Charcoal,Blue,Tie,Crown,Diamond Hands,
3958,Tan,Human,Wide Top,Charcoal,Brown,Pink - Flat,Beard,Slate,Blue,Tie,Crown,Insider,
3959,Slate,Human,Wide Top,Light Brown,Amber,,Open,Navy,Red,Tie,Bluetooth Headset,,
3960,Steel,Devil,Long Side,Light Brown,Violet,Brown - Flat,Smirk,Steel,Red,Tie,3D Glasses,,
3961,Steel,Lemon,Short Crop,Charcoal,Green,Brown - Flat,Open,Forest,Green,Tie,Blue Boom Headset,Diamond Hands,
3962,Trading Floor Green,Devil,Tall,Blonde,Amber,Brown - Wide,Beard,Navy,Red,Tie,Sunglasses,,
3963,Bloomberg Orange,Human,Long Side,Brown,Teal,Brown - Flat,Beard,Purple,Teal,Bow Tie,Crown,,
3964,Steel,Human,Bald,,Slate Gray,Brown - Wide,Open,Forest,Purple,Tie,3D Glasses,,
3965,Light Blue,Devil,Wavy,Charcoal,Navy,,Neutral,Slate,Purple,Tie,Bull Horns,Insider,
3966,Pale Blue,Human,Tall,Light Brown,Teal,Brown - Flat,Beard,Slate,Red,Tie,Headset,,
3967,Sky Blue,Human,Short Crop,Light Brown,Amber,Taupe - Flat,Mustache,Steel,Purple,Tie,,,
3968,Trading Floor Green,Human,Wide Top,Dark Brown,Bull Candle,Light Brown - Flat,Neutral,Steel,Blue,Bow Tie,Bluetooth Headset,,
3969,Pale Blue,Human,Classic Side,Brown,Brown,Light Brown - Flat,Mustache,Steel,Red,Tie,Bluetooth Headset,,
3970,Sky Blue,Human,Bald,,Brown,Brown - Flat,Beard,Navy,Gold,Tie,,,
3971,Bloomberg Orange,Human,Short Crop,Blonde,Green,Pink - Wide,Neutral,Purple,Teal,Tie,Bull Horns,Diamond Hands,
3972,Steel,Alien,Bald,,Slate Gray,Light Brown - Wide,Smirk,Forest,Teal,Tie,Golden Bull Horns,,
3973,Steel,Marshmallow,Classic Side,Charcoal,Navy,Light Brown - Wide,Neutral,Steel,Blue,Tie,Headset,,
3974,Tan,Robot,Bald,,Brown,Dark Brown - Wide,Beard,Steel,Purple,Tie,Headset,,
3975,Trading Floor Green,Human,Classic Side,Blonde,Blue,Pink - Wide,Blonde Mustache,Forest,Teal,Tie,Bluetooth Headset,,
3976,Light Blue,Human,Long Side,Gray Brown,Violet,Taupe - Flat,Smirk,Charcoal,Green,Tie,Crown,,
3977,Light Blue,Human,Wavy,Charcoal,Navy,Pink - Wide,Neutral,Slate,Blue,Bow Tie,Bull Horns,,
3978,Trading Floor Green,Robot,Bald,,Bull Candle,Pink - Flat,Mustache,Charcoal,Red,Bow Tie,Bull Horns,,
3979,Trading Floor Green,Human,Wide Top,Blonde,Amber,Taupe - Flat,Mustache,Forest,Gold,Bow Tie,Golden Bull Horns,,
3980,Trading Floor Green,Human,Wavy,Jet Black,Green,Taupe - Flat,Mustache,Charcoal,Purple,Bow Tie,Bull Horns,,
3981,Pale Blue,Human,Wide Top,Charcoal,Blue,Taupe - Flat,Mustache,Purple,Green,Tie,,,
3982,Sky Blue,Human,Classic Side,Dark Brown,Teal,Brown - Wide,Beard,Slate,Gold,Bow Tie,Headset,,
3983,Light Blue,Robot,Bald,,Teal,Pink - Wide,Beard,Charcoal,Purple,Tie,3D Glasses,Insider,
3984,Trading Floor Green,Lemon,Long Side,Blonde,Green,Pink - Flat,Beard,Navy,Blue,Tie,Crown,Whale,
3985,Tan,Human,Long Side,Brown,Navy,Pink - Wide,Smirk,Slate,Red,Tie,Crown,Diamond Hands,
3986,Steel,Human,Tall,Dark Brown,Blue,Light Brown - Wide,Neutral,Slate,Red,Tie,Monocle,Diamond Hands,
3987,Sky Blue,Shadow,Short Crop,Blonde,Brown,Light Brown - Flat,Open,Charcoal,Blue,Tie,Bull Horns,,
3988,Tan,Human,Wide Top,Jet Black,Green,Brown - Flat,Smile,Steel,Blue,Tie,,Diamond Hands,
3989,Pale Blue,Human,Bald,,Green,Taupe - Flat,Smile,Charcoal,Green,Tie,3D Glasses,Whale,
3990,Slate,Human,Classic Side,Charcoal,Teal,Light Brown - Wide,Mustache,Slate,Teal,Tie,Bluetooth Headset,Insider,
3991,Tan,Human,Tall,Jet Black,Teal,,Smile,Purple,Green,Bow Tie,Golden Devil Horns,,
3992,Sky Blue,Marshmallow,Wavy,Light Brown,Brown,Brown - Flat,Open,Steel,Red,Bow Tie,3D Glasses,Diamond Hands,
3993,Bloomberg Orange,Alien,Wide Top,Dark Brown,Navy,Taupe - Wide,Mustache,Forest,Red,Bow Tie,Crown,,
3994,Slate,Shadow,Tall,Blonde,Teal,Light Brown - Wide,Blond Beard,Charcoal,Red,Tie,Sunglasses,,
3995,Pale Blue,Human,Classic Side,Light Brown,Slate Gray,,Mustache,Steel,Blue,Tie,Gold Headset,,
3996,Sky Blue,Human,Bald,,Amber,,Mustache,Steel,Green,Bow Tie,Headset,,
3997,Slate,Marshmallow,Classic Side,Brown,Blue,Dark Brown - Flat,Open,Purple,Blue,Bow Tie,Sunglasses,,
3998,Trading Floor Green,Shadow,Short Crop,Gray Brown,Teal,Light Brown - Wide,Beard,Forest,Purple,Bow Tie,Bull Horns,,
3999,Light Blue,Human,Wide Top,Brown,Slate Gray,Brown - Wide,Blonde Mustache,Purple,Red,Bow Tie,Bluetooth Headset,,
4000,Steel,Human,Bald,,Amber,Brown - Wide,Smile,Purple,Gold,Tie,Bluetooth Headset,,
4001,Slate,Marshmallow,Wide Top,Blonde,Violet,Dark Brown - Flat,Mustache,Purple,Purple,Tie,Rimless Glasses,,
4002,Bloomberg Orange,Human,Tall,Light Brown,Violet,Pink - Wide,Mustache,Slate,Red,Tie,Headset,,
4003,Steel,Human,Long Side,Brown,Brown,,Beard,Forest,Gold,Tie,,,
4004,Pale Blue,Devil,Short Crop,Gray Brown,Green,Light Brown - Flat,Mustache,Slate,Gold,Tie,3D Glasses,,
4005,Steel,Human,Classic Side,Gray Brown,Blue,Dark Brown - Flat,Smile,Steel,Gold,Bow Tie,Blue Boom Headset,,
4006,Tan,Human,Wavy,Jet Black,Violet,Brown - Flat,Smirk,Navy,Teal,Bow Tie,Headset,,
4007,Bloomberg Orange,Human,Tall,Charcoal,Slate Gray,Taupe - Flat,Open,Charcoal,Red,Tie,Headset,,
4008,Tan,Human,Short Crop,Gray Brown,Amber,,Open,Steel,Red,Tie,Golden Devil Horns,,
4009,Steel,Devil,Wide Top,Gray Brown,Navy,Taupe - Wide,Open,Navy,Teal,Tie,Rimless Glasses,,
4010,Tan,Human,Bald,,Violet,Pink - Flat,Neutral,Purple,Blue,Tie,Blue Boom Headset,,
4011,Slate,Devil,Classic Side,Dark Brown,Blue,Brown - Flat,Open,Forest,Green,Tie,Bull Horns,Insider,
4012,Tan,Human,Wavy,Blonde,Blue,Light Brown - Wide,Open,Forest,Teal,Tie,Crown,Diamond Hands,
4013,Tan,Marshmallow,Long Side,Charcoal,Violet,Brown - Flat,Mustache,Steel,Purple,Bow Tie,Banded Frameless,,
4014,Trading Floor Green,Human,Bald,,Green,Dark Brown - Wide,Mustache,Steel,Gold,Tie,Bluetooth Headset,,
4015,Slate,Human,Bald,,Blue,Brown - Wide,Mustache,Charcoal,Teal,Tie,Bluetooth Headset,,
4016,Trading Floor Green,Human,Bald,,Blue,Pink - Flat,Mustache,Charcoal,Gold,Bow Tie,Headset,Diamond Hands,
4017,Pale Blue,Human,Wide Top,Blonde,Teal,Brown - Wide,Neutral,Navy,Green,Tie,Banded Frameless,Diamond Hands,
4018,Trading Floor Green,Human,Wide Top,Gray Brown,Green,Taupe - Wide,Neutral,Steel,Purple,Tie,Bluetooth Headset,Diamond Hands,
4019,Tan,Human,Tall,Dark Brown,Blue,Pink - Flat,Smirk,Forest,Blue,Tie,Bluetooth Headset,Insider,
4020,Slate,Shadow,Tall,Charcoal,Navy,Dark Brown - Wide,Beard,Purple,Teal,Tie,Headset,,
4021,Bloomberg Orange,Human,Tall,Charcoal,Violet,Pink - Flat,Mustache,Steel,Green,Tie,Monocle,,
4022,Bloomberg Orange,Devil,Bald,,Navy,Taupe - Wide,Beard,Steel,Blue,Tie,,Diamond Hands,
4023,Light Blue,Human,Wavy,Brown,Slate Gray,Light Brown - Flat,Smirk,Charcoal,Green,Tie,Rimless Glasses,,
4024,Sky Blue,Human,Bald,,Blue,Dark Brown - Flat,Beard,Forest,Blue,Tie,Bluetooth Headset,,
4025,Trading Floor Green,Human,Tall,Brown,Slate Gray,Light Brown - Wide,Beard,Charcoal,Purple,Tie,Banded Frameless,,
4026,Pale Blue,Marshmallow,Tall,Blonde,Amber,Light Brown - Wide,Gold Tooth,Charcoal,Blue,Bow Tie,,,
4027,Steel,Shadow,Tall,Charcoal,Teal,Brown - Wide,Beard,Charcoal,Teal,Bow Tie,Bluetooth Headset,Diamond Hands,
4028,Light Blue,Alien,Wavy,Gray Brown,Navy,Pink - Flat,Smile,Steel,Teal,Tie,Headset,,
4029,Steel,Human,Classic Side,Light Brown,Blue,Pink - Wide,Neutral,Purple,Teal,Tie,Rimless Glasses,Insider,
4030,Slate,Zombie,Wide Top,Gray Brown,Green,Taupe - Wide,Smirk,Forest,Blue,Tie,Devil Horns,Diamond Hands,
4031,Trading Floor Green,Robot,Wavy,Charcoal,Amber,Pink - Flat,Beard,Slate,Teal,Bow Tie,Rimless Glasses,,
4032,Light Blue,Alien,Wide Top,Dark Brown,Brown,Pink - Flat,Smirk,Rainbow,Purple,Tie,,Insider,
4033,Pale Blue,Human,Long Side,Gray Brown,Green,Light Brown - Wide,Beard,Navy,Blue,Tie,Headset,Diamond Hands,
4034,Tan,Devil,Tall,Gray Brown,Teal,Pink - Flat,Smile,Steel,Gold,Tie,Sunglasses,Insider,
4035,Bloomberg Orange,Human,Classic Side,Blonde,Amber,Taupe - Wide,Neutral,Steel,Teal,Bow Tie,3D Glasses,Diamond Hands,
4036,Tan,Shadow,Bald,,Teal,Brown - Flat,Mustache,Slate,Green,Bow Tie,3D Glasses,Diamond Hands,
4037,Bloomberg Orange,Human,Classic Side,Jet Black,Blue,,Mustache,Purple,Blue,Tie,3D Glasses,,
4038,Light Blue,Human,Classic Side,Dark Brown,Navy,Dark Brown - Flat,Beard,Navy,Red,Tie,Bull Horns,,
4039,Pale Blue,Lemon,Long Side,Brown,Teal,Brown - Flat,Smile,Forest,Red,Tie,Headset,Whale,
4040,Bloomberg Orange,Human,Long Side,Blonde,Slate Gray,Light Brown - Flat,Smirk,Navy,Purple,Tie,Banded Frameless,Insider,
4041,Trading Floor Green,Alien,Wide Top,Light Brown,Violet,Light Brown - Flat,Gray Beard,Purple,Gold,Tie,Bull Horns,,
4042,Bloomberg Orange,Devil,Short Crop,Blonde,Teal,Taupe - Flat,Neutral,Charcoal,Purple,Bow Tie,,,
4043,Tan,Human,Bald,,Violet,Dark Brown - Flat,Neutral,Forest,Red,Tie,Devil Horns,,
4044,Tan,Human,Tall,Brown,Navy,Light Brown - Flat,Neutral,Purple,Purple,Tie,Rimless Glasses,,
4045,Bloomberg Orange,Human,Tall,Brown,Brown,Dark Brown - Flat,Open,Forest,Green,Tie,Headset,,
4046,Pale Blue,Alien,Wide Top,Charcoal,Brown,Brown - Flat,Smile,Pink,Green,Tie,Bluetooth Headset,,
4047,Slate,Human,Classic Side,Light Brown,Green,Dark Brown - Flat,Smirk,Slate,Teal,Bow Tie,Crown,Insider,
4048,Tan,Human,Wavy,Light Brown,Amber,Pink - Flat,Neutral,Purple,Green,Tie,3D Glasses,Whale,
4049,Pale Blue,Zombie,Tall,Charcoal,Violet,Taupe - Flat,Blonde Mustache,Rainbow,Blue,Tie,Bluetooth Headset,Whale,
4050,Light Blue,Human,Wide Top,Blonde,Green,Taupe - Wide,Open,Navy,Red,Bow Tie,Golden Devil Horns,Insider,
4051,Bloomberg Orange,Human,Long Side,Jet Black,Amber,Dark Brown - Wide,Smile,Forest,Green,Tie,,,
4052,Bloomberg Orange,Human,Tall,Blonde,Green,Dark Brown - Flat,Open,Slate,Green,Bow Tie,3D Glasses,,
4053,Slate,Human,Short Crop,Light Brown,Violet,Dark Brown - Flat,Mustache,Slate,Teal,Tie,Devil Horns,Diamond Hands,
4054,Steel,Human,Long Side,Brown,Violet,Brown - Wide,Neutral,Forest,Red,Tie,Devil Horns,,
4055,Bloomberg Orange,Zombie,Tall,Brown,Brown,Dark Brown - Wide,Blonde Mustache,Navy,Gold,Tie,3D Glasses,Diamond Hands,
4056,Pale Blue,Shadow,Tall,Gray Brown,Navy,Taupe - Flat,Neutral,Steel,Blue,Tie,Bull Horns,Insider,
4057,Steel,Human,Wavy,Gray Brown,Navy,Light Brown - Flat,Smile,Rainbow,Purple,Tie,Devil Horns,,
4058,Slate,Devil,Short Crop,Jet Black,Slate Gray,Light Brown - Flat,Beard,Slate,Green,Tie,Rimless Glasses,,
4059,Light Blue,Alien,Bald,,Violet,,Smirk,Navy,Red,Tie,,,
4060,Steel,Human,Short Crop,Dark Brown,Slate Gray,Taupe - Flat,Beard,Slate,Blue,Tie,Rimless Glasses,Whale,
4061,Trading Floor Green,Lemon,Wide Top,Gray Brown,Blue,Light Brown - Flat,Smirk,Slate,Gold,Tie,Crown,Diamond Hands,
4062,Sky Blue,Robot,Short Crop,Gray Brown,Teal,Brown - Wide,Beard,Steel,Green,Bow Tie,Banded Frameless,,
4063,Slate,Marshmallow,Bald,,Green,Dark Brown - Wide,Smile,Charcoal,Blue,Tie,Sunglasses,,
4064,Steel,Human,Classic Side,Dark Brown,Teal,,Neutral,Navy,Gold,Bow Tie,Crown,,
4065,Slate,Human,Classic Side,Gray Brown,Brown,Light Brown - Wide,Mustache,Forest,Blue,Tie,3D Glasses,,
4066,Sky Blue,Devil,Long Side,Blonde,Violet,Pink - Wide,Open,Forest,Blue,Tie,Headset,Diamond Hands,
4067,Sky Blue,Human,Bald,,Violet,Dark Brown - Flat,Beard,Forest,Gold,Tie,Sunglasses,,
4068,Sky Blue,Shadow,Classic Side,Jet Black,Green,Dark Brown - Wide,Open,Navy,Purple,Bow Tie,Headset,,
4069,Sky Blue,Human,Classic Side,Light Brown,Amber,Pink - Flat,Beard,Steel,Purple,Bow Tie,Banded Frameless,Diamond Hands,
4070,Pale Blue,Human,Bald,,Green,Brown - Wide,Neutral,Charcoal,Gold,Tie,Banded Frameless,,
4071,Pale Blue,Alien,Short Crop,Jet Black,Navy,Dark Brown - Wide,Gray Beard,Purple,Gold,Tie,Gold Banded Frameless,,
4072,Sky Blue,Zombie,Long Side,Light Brown,Blue,,Mustache,Rainbow,Red,Tie,3D Glasses,Whale,
4073,Sky Blue,Human,Tall,Dark Brown,Teal,Brown - Flat,Gold Tooth,Forest,Blue,Tie,Crown,,
4074,Trading Floor Green,Human,Classic Side,Charcoal,Green,Taupe - Wide,Neutral,Navy,Red,Tie,Eye Patch,,
4075,Pale Blue,Human,Long Side,Gray Brown,Teal,Light Brown - Flat,Smirk,Purple,Red,Tie,Headset,Insider,
4076,Pale Blue,Marshmallow,Tall,Brown,Brown,Pink - Flat,Open,Steel,Purple,Tie,Banded Frameless,,
4077,Steel,Human,Short Crop,Charcoal,Blue,Light Brown - Wide,Smile,Charcoal,Gold,Tie,Bull Horns,Whale,
4078,Trading Floor Green,Zombie,Wide Top,Gray Brown,Violet,Pink - Wide,Open,Forest,Teal,Tie,Blue Boom Headset,Diamond Hands,
4079,Trading Floor Green,Robot,Wide Top,Jet Black,Blue,Taupe - Wide,Smile,Purple,Red,Tie,Bull Horns,Whale,
4080,Trading Floor Green,Robot,Bald,,Violet,Brown - Flat,Smirk,Steel,Red,Tie,Headset,,
4081,Slate,Devil,Wide Top,Dark Brown,Green,Pink - Flat,Smile,Rainbow,Purple,Tie,Gold Headset,Diamond Hands,
4082,Steel,Human,Wide Top,Charcoal,Teal,Brown - Flat,Mustache,Navy,Teal,Tie,Sunglasses,Diamond Hands,
4083,Sky Blue,Human,Classic Side,Jet Black,Brown,Pink - Flat,Smile,Purple,Gold,Tie,Blue Boom Headset,,
4084,Light Blue,Human,Tall,Jet Black,Violet,Pink - Flat,Smirk,Charcoal,Blue,Bow Tie,Sunglasses,,
4085,Steel,Shadow,Tall,Gray Brown,Navy,Pink - Wide,Neutral,Navy,Red,Tie,Devil Horns,Diamond Hands,
4086,Trading Floor Green,Human,Long Side,Brown,Slate Gray,Taupe - Wide,Open,Red,Red,Tie,Bluetooth Headset,,
4087,Tan,Human,Tall,Jet Black,Teal,Taupe - Flat,Blonde Mustache,Forest,Blue,Bow Tie,Crown,Diamond Hands,
4088,Tan,Shadow,Bald,,Teal,Taupe - Wide,Mustache,Charcoal,Red,Tie,Bluetooth Headset,,
4089,Tan,Zombie,Classic Side,Dark Brown,Brown,,Neutral,Slate,Gold,Tie,Banded Frameless,Insider,
4090,Tan,Devil,Long Side,Gray Brown,Amber,Pink - Wide,Neutral,Slate,Purple,Bow Tie,Bluetooth Headset,,
4091,Sky Blue,Human,Short Crop,Blonde,Slate Gray,Brown - Wide,Mustache,Navy,Gold,Bow Tie,Bluetooth Headset,,
4092,Tan,Devil,Short Crop,Light Brown,Amber,Brown - Flat,Neutral,Purple,Blue,Tie,,,
4093,Slate,Alien,Wavy,Blonde,Navy,Taupe - Flat,Open,Purple,Blue,Bow Tie,Devil Horns,,
4094,Tan,Shadow,Wide Top,Charcoal,Navy,,Mustache,Rainbow,Green,Tie,Eye Patch,,
4095,Steel,Lemon,Wavy,Jet Black,Teal,Light Brown - Wide,Beard,Forest,Red,Tie,Bull Horns,,
4096,Pale Blue,Human,Bald,,Navy,Light Brown - Flat,Gray Beard,Steel,Red,Tie,Bluetooth Headset,Whale,
4097,Sky Blue,Alien,Short Crop,Blonde,Teal,Brown - Flat,Beard,Steel,Gold,Tie,3D Glasses,,
4098,Pale Blue,Devil,Wavy,Jet Black,Blue,,Smirk,Steel,Teal,Bow Tie,3D Glasses,,
4099,Trading Floor Green,Lemon,Bald,,Amber,Brown - Wide,Smirk,Charcoal,Blue,Tie,Eye Patch,,
4100,Pale Blue,Human,Long Side,Dark Brown,Teal,Taupe - Wide,Mustache,Navy,Purple,Tie,Crown,Insider,
4101,Trading Floor Green,Marshmallow,Wide Top,Gray Brown,Amber,Dark Brown - Wide,Neutral,Forest,Red,Tie,Banded Frameless,Insider,
4102,Pale Blue,Human,Classic Side,Light Brown,Blue,Pink - Wide,Mustache,Purple,Gold,Bow Tie,Monocle,,
4103,Bloomberg Orange,Human,Wavy,Light Brown,Navy,Brown - Flat,Beard,Rainbow,Blue,Bow Tie,Banded Frameless,Insider,
4104,Steel,Human,Short Crop,Brown,Teal,Pink - Flat,Beard,Charcoal,Teal,Bow Tie,Sunglasses,,
4105,Pale Blue,Lemon,Wide Top,Jet Black,Teal,,Beard,Slate,Purple,Tie,Banded Frameless,,
4106,Steel,Human,Long Side,Jet Black,Blue,Pink - Flat,Smile,Navy,Red,Tie,Devil Horns,,
4107,Tan,Marshmallow,Classic Side,Brown,Violet,Brown - Wide,Smile,Charcoal,Green,Bow Tie,Headset,Insider,
4108,Bloomberg Orange,Shadow,Wide Top,Brown,Blue,Dark Brown - Flat,Neutral,Purple,Green,Tie,Sunglasses,Insider,
4109,Tan,Shadow,Tall,Light Brown,Slate Gray,Dark Brown - Flat,Beard,Navy,Teal,Tie,Banded Frameless,Whale,
4110,Light Blue,Human,Bald,,Teal,Taupe - Wide,Smile,Charcoal,Green,Bow Tie,Golden Bull Horns,Whale,
4111,Steel,Zombie,Tall,Dark Brown,Navy,Pink - Flat,Open,Slate,Red,Bow Tie,,,
4112,Tan,Human,Wide Top,Gray Brown,Blue,Taupe - Flat,Neutral,Charcoal,Gold,Tie,Blue Boom Headset,,
4113,Steel,Shadow,Classic Side,Charcoal,Violet,Taupe - Wide,Smirk,Rainbow,Purple,Tie,Golden Devil Horns,Whale,
4114,Sky Blue,Human,Short Crop,Jet Black,Violet,Light Brown - Wide,Neutral,Charcoal,Teal,Tie,Bluetooth Headset,,
4115,Slate,Robot,Short Crop,Dark Brown,Slate Gray,Light Brown - Wide,Smirk,Charcoal,Gold,Tie,Rimless Glasses,Diamond Hands,
4116,Steel,Human,Wide Top,Charcoal,Teal,Light Brown - Flat,Smirk,Navy,Red,Bow Tie,,,
4117,Bloomberg Orange,Lemon,Tall,Gray Brown,Slate Gray,Taupe - Flat,Smile,Charcoal,Green,Tie,Crown,,
4118,Steel,Robot,Short Crop,Jet Black,Brown,Brown - Wide,Blond Beard,Navy,Gold,Tie,Headset,,
4119,Steel,Robot,Short Crop,Blonde,Blue,Brown - Wide,Gray Beard,Charcoal,Blue,Bow Tie,Bull Horns,,
4120,Pale Blue,Human,Classic Side,Dark Brown,Slate Gray,Taupe - Flat,Beard,Forest,Gold,Tie,Rimless Glasses,,
4121,Slate,Devil,Tall,Dark Brown,Amber,Taupe - Flat,Beard,Forest,Red,Tie,Headset,,
4122,Sky Blue,Shadow,Tall,Jet Black,Slate Gray,Brown - Flat,Smile,Steel,Green,Tie,Crown,,
4123,Slate,Marshmallow,Long Side,Brown,Teal,Dark Brown - Wide,Neutral,Purple,Blue,Bow Tie,Crown,,
4124,Bloomberg Orange,Human,Tall,Blonde,Brown,Pink - Wide,Smile,Charcoal,Green,Tie,,Diamond Hands,
4125,Sky Blue,Human,Classic Side,Jet Black,Blue,Brown - Flat,Open,Forest,Gold,Bow Tie,Headset,Insider,
4126,Steel,Human,Wide Top,Jet Black,Teal,Pink - Wide,Mustache,Steel,Green,Tie,Rimless Glasses,Diamond Hands,
4127,Pale Blue,Human,Long Side,Charcoal,Teal,Dark Brown - Wide,Neutral,Navy,Red,Tie,Bull Horns,,
4128,Light Blue,Human,Short Crop,Blonde,Green,Light Brown - Flat,Mustache,Charcoal,Blue,Tie,,,
4129,Slate,Devil,Classic Side,Gray Brown,Brown,,Mustache,Navy,Gold,Tie,Bluetooth Headset,,
4130,Slate,Human,Long Side,Jet Black,Violet,Taupe - Wide,Gray Beard,Navy,Red,Tie,Sunglasses,,
4131,Sky Blue,Zombie,Wide Top,Blonde,Green,Dark Brown - Wide,Open,Slate,Teal,Bow Tie,Crown,,
4132,Sky Blue,Devil,Tall,Blonde,Navy,Brown - Flat,Mustache,Navy,Red,Tie,Rimless Glasses,Diamond Hands,
4133,Sky Blue,Marshmallow,Tall,Charcoal,Amber,Light Brown - Wide,Neutral,Purple,Purple,Tie,Banded Frameless,,
4134,Pale Blue,Human,Classic Side,Blonde,Violet,Light Brown - Wide,Open,Steel,Blue,Tie,Bluetooth Headset,,
4135,Slate,Lemon,Classic Side,Charcoal,Navy,Pink - Flat,Mustache,Charcoal,Teal,Tie,Headset,,
4136,Bloomberg Orange,Shadow,Short Crop,Brown,Teal,Taupe - Flat,Smile,Purple,Purple,Tie,3D Glasses,Insider,
4137,Bloomberg Orange,Shadow,Short Crop,Gray Brown,Violet,Light Brown - Flat,Beard,Forest,Gold,Tie,,,
4138,Trading Floor Green,Alien,Classic Side,Brown,Blue,Brown - Flat,Open,Slate,Teal,Bow Tie,,,
4139,Steel,Human,Long Side,Light Brown,Green,Taupe - Flat,Beard,Slate,Green,Tie,Bluetooth Headset,,
4140,Slate,Devil,Long Side,Charcoal,Brown,,Neutral,Navy,Green,Tie,Sunglasses,,
4141,Steel,Robot,Long Side,Blonde,Violet,Light Brown - Flat,Smile,Purple,Teal,Tie,Rimless Glasses,,
4142,Light Blue,Alien,Bald,,Brown,Dark Brown - Flat,Smirk,Navy,Green,Tie,Banded Frameless,,
4143,Tan,Robot,Long Side,Charcoal,Violet,Dark Brown - Wide,Beard,Purple,Purple,Tie,Headset,,
4144,Trading Floor Green,Human,Wide Top,Brown,Teal,Pink - Flat,Open,Slate,Red,Bow Tie,Bluetooth Headset,Whale,
4145,Sky Blue,Shadow,Short Crop,Light Brown,Amber,Dark Brown - Flat,Open,Steel,Blue,Tie,Bull Horns,,
4146,Tan,Human,Long Side,Dark Brown,Green,,Smirk,Steel,Purple,Tie,3D Glasses,,
4147,Tan,Alien,Bald,,Navy,Light Brown - Flat,Open,Purple,Blue,Bow Tie,Gold Banded Frameless,,
4148,Trading Floor Green,Human,Bald,,Green,Taupe - Wide,Open,Charcoal,Gold,Tie,Crown,,
4149,Trading Floor Green,Human,Short Crop,Gray Brown,Amber,Dark Brown - Wide,Neutral,Steel,Green,Tie,Bluetooth Headset,,
4150,Trading Floor Green,Devil,Short Crop,Charcoal,Slate Gray,,Neutral,Slate,Blue,Tie,Bluetooth Headset,,
4151,Pale Blue,Shadow,Classic Side,Gray Brown,Blue,Taupe - Wide,Smirk,Charcoal,Gold,Bow Tie,Crown,,
4152,Light Blue,Robot,Long Side,Jet Black,Slate Gray,Pink - Wide,Mustache,Forest,Red,Tie,3D Glasses,Whale,
4153,Light Blue,Human,Bald,,Teal,Dark Brown - Flat,Mustache,Slate,Green,Tie,3D Glasses,Insider,
4154,Light Blue,Lemon,Bald,,Teal,Pink - Flat,Open,Steel,Gold,Tie,Golden Devil Horns,,
4155,Light Blue,Lemon,Long Side,Charcoal,Teal,Taupe - Wide,Smile,Charcoal,Green,Tie,Bluetooth Headset,Insider,
4156,Slate,Zombie,Bald,,Brown,Dark Brown - Wide,Open,Charcoal,Blue,Tie,Headset,Whale,
4157,Pale Blue,Human,Wavy,Gray Brown,Violet,,Smirk,Steel,Gold,Tie,3D Glasses,,
4158,Sky Blue,Zombie,Classic Side,Blonde,Blue,,Smile,Charcoal,Purple,Tie,Crown,Diamond Hands,
4159,Pale Blue,Lemon,Long Side,Light Brown,Navy,Taupe - Flat,Open,Forest,Teal,Bow Tie,Bluetooth Headset,,
4160,Tan,Human,Bald,,Teal,Pink - Wide,Smirk,Charcoal,Blue,Tie,Devil Horns,,
4161,Slate,Lemon,Tall,Gray Brown,Violet,Pink - Flat,Smirk,Charcoal,Red,Tie,Sunglasses,Diamond Hands,
4162,Tan,Zombie,Long Side,Light Brown,Amber,Dark Brown - Flat,Open,Steel,Green,Tie,,,
4163,Slate,Human,Wide Top,Dark Brown,Green,Brown - Wide,Gray Beard,Charcoal,Blue,Tie,Crown,Whale,
4164,Slate,Robot,Bald,,Teal,Light Brown - Flat,Beard,Steel,Gold,Tie,Headset,Diamond Hands,
4165,Steel,Human,Short Crop,Brown,Navy,Light Brown - Flat,Open,Slate,Red,Tie,3D Glasses,,
4166,Pale Blue,Human,Wavy,Dark Brown,Blue,Taupe - Flat,Open,Slate,Gold,Tie,Banded Frameless,Insider,
4167,Pale Blue,Marshmallow,Long Side,Dark Brown,Slate Gray,Brown - Flat,Gray Beard,Charcoal,Teal,Tie,Banded Frameless,Insider,
4168,Tan,Robot,Tall,Jet Black,Violet,Taupe - Flat,Neutral,Charcoal,Blue,Bow Tie,Crown,,
4169,Bloomberg Orange,Zombie,Long Side,Light Brown,Slate Gray,Dark Brown - Wide,Gold Tooth,Steel,Green,Tie,Headset,Whale,
4170,Light Blue,Human,Classic Side,Gray Brown,Violet,Dark Brown - Flat,Smirk,Purple,Blue,Tie,Rimless Glasses,,
4171,Slate,Devil,Bald,,Amber,Dark Brown - Flat,Neutral,Steel,Blue,Bow Tie,Headset,,
4172,Light Blue,Alien,Wide Top,Dark Brown,Green,,Gray Beard,Steel,Blue,Bow Tie,Bluetooth Headset,Insider,
4173,Tan,Human,Short Crop,Brown,Violet,Brown - Flat,Beard,Forest,Blue,Tie,,Insider,
4174,Trading Floor Green,Devil,Wide Top,Gray Brown,Amber,Pink - Flat,Mustache,Forest,Gold,Bow Tie,Eye Patch,,
4175,Light Blue,Shadow,Wide Top,Brown,Violet,Dark Brown - Wide,Blond Beard,Slate,Red,Bow Tie,Bluetooth Headset,Whale,
4176,Steel,Shadow,Short Crop,Charcoal,Violet,Light Brown - Wide,Smile,Slate,Teal,Tie,Eye Patch,,
4177,Pale Blue,Robot,Bald,,Amber,Dark Brown - Flat,Mustache,Purple,Teal,Tie,Rimless Glasses,,
4178,Steel,Human,Short Crop,Dark Brown,Green,Taupe - Wide,Smirk,Red,Green,Tie,Devil Horns,,
4179,Tan,Shadow,Wide Top,Blonde,Violet,Dark Brown - Wide,Neutral,Steel,Green,Tie,Golden Devil Horns,,
4180,Trading Floor Green,Human,Tall,Gray Brown,Brown,,Neutral,Charcoal,Red,Tie,Sunglasses,Diamond Hands,
4181,Bloomberg Orange,Devil,Bald,,Teal,,Smile,Navy,Blue,Tie,Bull Horns,,
4182,Sky Blue,Human,Classic Side,Blonde,Slate Gray,Light Brown - Wide,Open,Purple,Purple,Tie,Rimless Glasses,,
4183,Light Blue,Lemon,Long Side,Brown,Teal,Light Brown - Wide,Beard,Steel,Red,Bow Tie,3D Glasses,Whale,
4184,Trading Floor Green,Human,Long Side,Gray Brown,Blue,Dark Brown - Flat,Mustache,Slate,Teal,Tie,Sunglasses,,
4185,Steel,Alien,Classic Side,Charcoal,Navy,Pink - Wide,Gray Beard,Slate,Teal,Bow Tie,3D Glasses,,
4186,Light Blue,Human,Wavy,Light Brown,Blue,Light Brown - Flat,Gray Beard,Charcoal,Teal,Tie,Crown,,
4187,Light Blue,Robot,Short Crop,Dark Brown,Green,Brown - Wide,Smile,Slate,Gold,Bow Tie,,,
4188,Slate,Alien,Bald,,Green,Brown - Flat,Beard,Forest,Purple,Tie,3D Glasses,,
4189,Trading Floor Green,Human,Wavy,Light Brown,Violet,Light Brown - Flat,Open,Steel,Gold,Bow Tie,3D Glasses,,
4190,Bloomberg Orange,Human,Bald,,Navy,Light Brown - Wide,Smile,Purple,Gold,Bow Tie,Sunglasses,Diamond Hands,
4191,Pale Blue,Human,Long Side,Light Brown,Green,Dark Brown - Wide,Smile,Charcoal,Blue,Bow Tie,3D Glasses,Diamond Hands,
4192,Slate,Robot,Bald,,Slate Gray,Light Brown - Wide,Mustache,Forest,Gold,Tie,3D Glasses,,
4193,Light Blue,Marshmallow,Wavy,Jet Black,Bull Candle,Brown - Wide,Smirk,Purple,Teal,Tie,Sunglasses,,
4194,Steel,Human,Wavy,Dark Brown,Blue,Taupe - Wide,Mustache,Navy,Teal,Bow Tie,,,
4195,Bloomberg Orange,Human,Classic Side,Gray Brown,Amber,Light Brown - Flat,Smirk,Steel,Green,Tie,,,
4196,Bloomberg Orange,Lemon,Short Crop,Gray Brown,Amber,Dark Brown - Wide,Open,Slate,Blue,Tie,Headset,,
4197,Slate,Robot,Wavy,Dark Brown,Teal,Taupe - Wide,Neutral,Slate,Teal,Tie,Banded Frameless,Whale,
4198,Sky Blue,Human,Wavy,Dark Brown,Violet,Brown - Wide,Mustache,Purple,Gold,Tie,Crown,,
4199,Light Blue,Shadow,Wavy,Light Brown,Violet,Pink - Flat,Open,Purple,Red,Bow Tie,Crown,,
4200,Light Blue,Human,Long Side,Dark Brown,Green,Taupe - Flat,Neutral,Forest,Blue,Tie,Headset,,
4201,Light Blue,Human,Wavy,Dark Brown,Navy,,Beard,Steel,Blue,Tie,Bluetooth Headset,,
4202,Trading Floor Green,Alien,Long Side,Light Brown,Slate Gray,Dark Brown - Flat,Mustache,Navy,Gold,Bow Tie,Sunglasses,,
4203,Pale Blue,Human,Bald,,Blue,Pink - Flat,Smile,Charcoal,Gold,Tie,Crown,Insider,
4204,Slate,Shadow,Short Crop,Light Brown,Violet,Dark Brown - Flat,Smile,Slate,Red,Tie,Banded Frameless,,
4205,Trading Floor Green,Human,Short Crop,Charcoal,Slate Gray,Brown - Wide,Mustache,Forest,Blue,Tie,Rimless Glasses,Diamond Hands,
4206,Tan,Human,Short Crop,Dark Brown,Amber,Brown - Wide,Open,Slate,Teal,Tie,Sunglasses,,
4207,Sky Blue,Human,Classic Side,Charcoal,Teal,Taupe - Wide,Neutral,Navy,Green,Tie,Gold Headset,Whale,
4208,Tan,Human,Wavy,Brown,Navy,Dark Brown - Wide,Beard,Slate,Purple,Tie,Rimless Glasses,Whale,
4209,Sky Blue,Human,Wide Top,Jet Black,Violet,Light Brown - Wide,Smirk,Charcoal,Blue,Tie,Golden Bull Horns,Whale,
4210,Pale Blue,Robot,Bald,,Teal,Pink - Flat,Smile,Slate,Red,Tie,Golden Bull Horns,Whale,
4211,Pale Blue,Human,Wide Top,Light Brown,Brown,Dark Brown - Flat,Mustache,Navy,Red,Tie,Banded Frameless,Insider,
4212,Sky Blue,Robot,Long Side,Dark Brown,Blue,Dark Brown - Flat,Mustache,Slate,Red,Tie,Blue Boom Headset,,
4213,Tan,Robot,Wide Top,Gray Brown,Navy,Dark Brown - Wide,Beard,Purple,Gold,Tie,Golden Devil Horns,,
4214,Trading Floor Green,Robot,Classic Side,Light Brown,Slate Gray,Taupe - Flat,Blonde Mustache,Steel,Teal,Tie,Crown,Insider,
4215,Pale Blue,Shadow,Short Crop,Dark Brown,Teal,Brown - Flat,Mustache,Forest,Teal,Tie,Bluetooth Headset,,
4216,Sky Blue,Human,Long Side,Gray Brown,Brown,Light Brown - Flat,Mustache,Steel,Blue,Bow Tie,Blue Boom Headset,,
4217,Trading Floor Green,Human,Long Side,Blonde,Navy,Dark Brown - Wide,Neutral,Charcoal,Green,Tie,Rimless Glasses,,
4218,Bloomberg Orange,Shadow,Bald,,Violet,Taupe - Wide,Neutral,Charcoal,Green,Tie,Banded Frameless,,
4219,Bloomberg Orange,Shadow,Classic Side,Charcoal,Bull Candle,Brown - Flat,Open,Forest,Purple,Tie,Blue Boom Headset,Diamond Hands,
4220,Sky Blue,Human,Long Side,Gray Brown,Amber,Pink - Wide,Smirk,Rainbow,Gold,Bow Tie,3D Glasses,Diamond Hands,
4221,Tan,Devil,Wavy,Brown,Brown,Light Brown - Wide,Neutral,Charcoal,Purple,Tie,Banded Frameless,,
4222,Sky Blue,Alien,Short Crop,Charcoal,Teal,Dark Brown - Flat,Open,Purple,Blue,Tie,Headset,Insider,
4223,Trading Floor Green,Human,Classic Side,Dark Brown,Teal,Dark Brown - Wide,Beard,Charcoal,Green,Tie,Sunglasses,Insider,
4224,Light Blue,Alien,Bald,,Amber,Pink - Flat,Smile,Navy,Red,Tie,Bluetooth Headset,Whale,
4225,Steel,Lemon,Tall,Brown,Violet,Pink - Wide,Neutral,Charcoal,Gold,Tie,Sunglasses,Whale,
4226,Pale Blue,Human,Bald,,Violet,Light Brown - Wide,Gray Beard,Purple,Red,Tie,Rimless Glasses,,
4227,Bloomberg Orange,Shadow,Tall,Brown,Blue,Pink - Flat,Open,Steel,Blue,Tie,Headset,Whale,
4228,Steel,Human,Tall,Gray Brown,Navy,Dark Brown - Flat,Beard,Purple,Teal,Tie,Sunglasses,,
4229,Tan,Shadow,Bald,,Navy,Pink - Wide,Open,Charcoal,Teal,Tie,Headset,,
4230,Sky Blue,Devil,Wide Top,Brown,Teal,Light Brown - Wide,Mustache,Forest,Red,Tie,Banded Frameless,,
4231,Steel,Alien,Classic Side,Brown,Navy,Brown - Wide,Smile,Slate,Green,Bow Tie,3D Glasses,,
4232,Slate,Human,Wavy,Gray Brown,Violet,,Neutral,Navy,Teal,Tie,Eye Patch,,
4233,Sky Blue,Devil,Bald,,Slate Gray,Dark Brown - Wide,Mustache,Slate,Purple,Tie,Blue Boom Headset,,
4234,Bloomberg Orange,Human,Bald,,Amber,Light Brown - Wide,Mustache,Steel,Blue,Bow Tie,Rimless Glasses,,
4235,Bloomberg Orange,Human,Classic Side,Blonde,Amber,Taupe - Wide,Smirk,Forest,Red,Tie,Sunglasses,Insider,
4236,Trading Floor Green,Human,Short Crop,Blonde,Blue,Taupe - Flat,Smile,Steel,Blue,Tie,Rimless Glasses,Whale,
4237,Light Blue,Human,Tall,Brown,Amber,Brown - Flat,Neutral,Navy,Green,Bow Tie,Bull Horns,,
4238,Bloomberg Orange,Zombie,Bald,,Violet,Light Brown - Flat,Beard,Forest,Teal,Tie,Crown,,
4239,Trading Floor Green,Human,Tall,Blonde,Brown,Brown - Flat,Neutral,Charcoal,Red,Tie,Monocle,,
4240,Slate,Zombie,Classic Side,Dark Brown,Brown,Pink - Wide,Open,Navy,Teal,Tie,Sunglasses,Insider,
4241,Trading Floor Green,Lemon,Classic Side,Jet Black,Slate Gray,Brown - Wide,Smile,Steel,Red,Bow Tie,,Insider,
4242,Light Blue,Robot,Short Crop,Dark Brown,Brown,Brown - Wide,Smile,Forest,Gold,Tie,Golden Devil Horns,,
4243,Slate,Robot,Bald,,Violet,Light Brown - Flat,Smirk,Slate,Purple,Tie,Headset,Diamond Hands,
4244,Sky Blue,Lemon,Classic Side,Charcoal,Navy,Light Brown - Flat,Neutral,Purple,Red,Tie,Bull Horns,Whale,
4245,Slate,Devil,Short Crop,Dark Brown,Navy,Light Brown - Flat,Mustache,Charcoal,Gold,Tie,Blue Boom Headset,Insider,
4246,Pale Blue,Human,Bald,,Brown,Brown - Flat,Open,Navy,Blue,Bow Tie,3D Glasses,,
4247,Steel,Human,Wavy,Dark Brown,Blue,Light Brown - Flat,Neutral,Charcoal,Purple,Tie,Bluetooth Headset,Insider,
4248,Steel,Human,Wide Top,Light Brown,Teal,Light Brown - Wide,Neutral,Navy,Gold,Bow Tie,Rimless Glasses,,
4249,Steel,Alien,Short Crop,Blonde,Amber,Light Brown - Wide,Beard,Forest,Green,Bow Tie,Banded Frameless,Diamond Hands,
4250,Light Blue,Alien,Wide Top,Gray Brown,Blue,,Open,Slate,Teal,Tie,Banded Frameless,,
4251,Tan,Human,Classic Side,Dark Brown,Navy,Light Brown - Wide,Open,Slate,Green,Bow Tie,Crown,,
4252,Pale Blue,Human,Short Crop,Blonde,Slate Gray,Pink - Wide,Smirk,Forest,Green,Tie,Blue Boom Headset,Insider,
4253,Slate,Alien,Long Side,Charcoal,Violet,Taupe - Wide,Mustache,Forest,Red,Tie,Headset,,
4254,Steel,Marshmallow,Bald,,Violet,Dark Brown - Wide,Open,Purple,Blue,Tie,3D Glasses,Insider,
4255,Pale Blue,Human,Wavy,Gray Brown,Slate Gray,Brown - Wide,Blond Beard,Slate,Blue,Bow Tie,Headset,Insider,
4256,Slate,Robot,Tall,Charcoal,Teal,Brown - Flat,Smile,Steel,Green,Tie,Bluetooth Headset,,
4257,Trading Floor Green,Human,Wavy,Dark Brown,Violet,Pink - Wide,Mustache,Purple,Blue,Tie,Bluetooth Headset,Diamond Hands,
4258,Pale Blue,Zombie,Short Crop,Brown,Navy,Brown - Wide,Smirk,Forest,Purple,Tie,Headset,,
4259,Steel,Human,Wavy,Dark Brown,Violet,Taupe - Flat,Neutral,Steel,Green,Tie,Sunglasses,,
4260,Bloomberg Orange,Human,Tall,Light Brown,Navy,Pink - Flat,Beard,Slate,Teal,Tie,,,
4261,Light Blue,Lemon,Long Side,Dark Brown,Blue,Dark Brown - Wide,Neutral,Charcoal,Teal,Tie,Rimless Glasses,,
4262,Trading Floor Green,Human,Long Side,Charcoal,Teal,Dark Brown - Flat,Blonde Mustache,Navy,Blue,Bow Tie,Gold Banded Frameless,Whale,
4263,Slate,Lemon,Short Crop,Gray Brown,Blue,Taupe - Flat,Neutral,Slate,Purple,Tie,Gold Banded Frameless,Whale,
4264,Bloomberg Orange,Human,Classic Side,Light Brown,Green,Light Brown - Flat,Smirk,Forest,Purple,Bow Tie,,,
4265,Pale Blue,Lemon,Tall,Blonde,Blue,Pink - Wide,Smirk,Charcoal,Red,Tie,Headset,,
4266,Slate,Shadow,Wavy,Dark Brown,Teal,Light Brown - Flat,Neutral,Steel,Red,Tie,,,
4267,Light Blue,Alien,Classic Side,Jet Black,Navy,Brown - Wide,Beard,Slate,Blue,Bow Tie,Bull Horns,,
4268,Bloomberg Orange,Robot,Long Side,Gray Brown,Green,Dark Brown - Wide,Beard,Slate,Blue,Tie,Bull Horns,,
4269,Sky Blue,Marshmallow,Long Side,Charcoal,Brown,Taupe - Flat,Smile,Navy,Green,Tie,,,
4270,Steel,Human,Wide Top,Gray Brown,Navy,Brown - Wide,Open,Forest,Blue,Bow Tie,Bull Horns,,
4271,Trading Floor Green,Devil,Long Side,Charcoal,Amber,Brown - Flat,Gray Beard,Forest,Teal,Tie,Rimless Glasses,,
4272,Tan,Human,Wide Top,Light Brown,Violet,Pink - Flat,Smile,Charcoal,Teal,Tie,Rimless Glasses,Diamond Hands,
4273,Light Blue,Human,Short Crop,Blonde,Blue,Pink - Flat,Neutral,Forest,Purple,Tie,Sunglasses,,
4274,Slate,Shadow,Wide Top,Gray Brown,Blue,Pink - Flat,Mustache,Steel,Purple,Tie,Eye Patch,,
4275,Tan,Human,Wavy,Brown,Teal,Brown - Wide,Smile,Purple,Purple,Tie,Golden Devil Horns,Insider,
4276,Sky Blue,Human,Long Side,Jet Black,Brown,Pink - Wide,Mustache,Purple,Purple,Tie,Crown,Whale,
4277,Bloomberg Orange,Alien,Tall,Gray Brown,Slate Gray,Taupe - Wide,Smirk,Purple,Teal,Tie,Bluetooth Headset,,
4278,Light Blue,Zombie,Bald,,Teal,Pink - Wide,Beard,Navy,Red,Tie,,,
4279,Sky Blue,Human,Wavy,Dark Brown,Blue,Brown - Flat,Beard,Navy,Purple,Bow Tie,Bluetooth Headset,,
4280,Pale Blue,Zombie,Wide Top,Blonde,Blue,Taupe - Wide,Mustache,Charcoal,Blue,Bow Tie,Golden Devil Horns,,
4281,Trading Floor Green,Devil,Bald,,Green,Brown - Wide,Smirk,Navy,Teal,Tie,Golden Bull Horns,,
4282,Bloomberg Orange,Human,Classic Side,Jet Black,Blue,Taupe - Flat,Smirk,Charcoal,Gold,Tie,Headset,,
4283,Trading Floor Green,Human,Tall,Light Brown,Teal,Taupe - Flat,Smirk,Navy,Gold,Tie,Headset,,
4284,Trading Floor Green,Marshmallow,Long Side,Brown,Bull Candle,Clown Red - Wide,Open,Slate,Green,Tie,Bull Horns,,
4285,Light Blue,Human,Classic Side,Dark Brown,Slate Gray,Taupe - Wide,Neutral,Slate,Blue,Tie,3D Glasses,,
4286,Light Blue,Robot,Wavy,Charcoal,Green,Brown - Flat,Mustache,Navy,Red,Tie,Bluetooth Headset,Insider,
4287,Slate,Human,Tall,Gray Brown,Green,Dark Brown - Flat,Beard,Purple,Gold,Tie,Crown,,
4288,Tan,Human,Short Crop,Dark Brown,Blue,Dark Brown - Wide,Blonde Mustache,Purple,Teal,Bow Tie,Bluetooth Headset,,
4289,Sky Blue,Alien,Classic Side,Blonde,Violet,Light Brown - Wide,Smile,Steel,Green,Tie,Gold Headset,,
4290,Trading Floor Green,Lemon,Classic Side,Charcoal,Green,Taupe - Wide,Smile,Forest,Purple,Bow Tie,Sunglasses,,
4291,Trading Floor Green,Devil,Bald,,Violet,Taupe - Flat,Smirk,Charcoal,Red,Tie,3D Glasses,,
4292,Steel,Human,Classic Side,Blonde,Violet,Taupe - Wide,Open,Forest,Purple,Tie,Bluetooth Headset,,
4293,Pale Blue,Human,Wavy,Blonde,Brown,Pink - Flat,Beard,Slate,Blue,Bow Tie,Banded Frameless,,White
4294,Steel,Marshmallow,Tall,Jet Black,Slate Gray,,Smirk,Forest,Green,Tie,Sunglasses,Whale,
4295,Trading Floor Green,Lemon,Bald,,Slate Gray,Taupe - Flat,Neutral,Forest,Purple,Tie,Headset,,
4296,Bloomberg Orange,Human,Tall,Light Brown,Amber,Light Brown - Flat,Neutral,Forest,Blue,Tie,Gold Banded Frameless,Diamond Hands,
4297,Tan,Robot,Tall,Brown,Navy,Pink - Flat,Mustache,Navy,Blue,Tie,Sunglasses,Whale,
4298,Sky Blue,Marshmallow,Short Crop,Gray Brown,Slate Gray,Taupe - Flat,Smirk,Charcoal,Blue,Tie,3D Glasses,Insider,
4299,Sky Blue,Shadow,Tall,Charcoal,Green,Dark Brown - Wide,Open,Forest,Teal,Bow Tie,Headset,Diamond Hands,
4300,Steel,Human,Wide Top,Light Brown,Blue,Light Brown - Flat,Smirk,Forest,Gold,Tie,Sunglasses,Whale,
4301,Light Blue,Robot,Wavy,Charcoal,Green,Dark Brown - Flat,Beard,Purple,Purple,Tie,3D Glasses,,
4302,Trading Floor Green,Marshmallow,Wide Top,Dark Brown,Teal,Pink - Wide,Smile,Slate,Green,Tie,Monocle,Whale,
4303,Trading Floor Green,Lemon,Wide Top,Blonde,Violet,Taupe - Flat,Smirk,Navy,Teal,Tie,Monocle,,
4304,Tan,Devil,Long Side,Charcoal,Teal,Light Brown - Flat,Smirk,Navy,Red,Tie,,Whale,
4305,Pale Blue,Lemon,Tall,Gray Brown,Blue,Dark Brown - Flat,Neutral,Steel,Red,Tie,3D Glasses,Whale,
4306,Light Blue,Zombie,Long Side,Brown,Green,Taupe - Wide,Smirk,Steel,Red,Bow Tie,Crown,,
4307,Pale Blue,Human,Tall,Dark Brown,Violet,,Mustache,Steel,Teal,Tie,Sunglasses,,
4308,Pale Blue,Alien,Short Crop,Dark Brown,Brown,Light Brown - Flat,Mustache,Purple,Purple,Tie,,Diamond Hands,
4309,Trading Floor Green,Human,Wavy,Jet Black,Navy,Dark Brown - Wide,Beard,Steel,Red,Tie,Monocle,,
4310,Pale Blue,Human,Short Crop,Gray Brown,Blue,Pink - Flat,Mustache,Charcoal,Red,Tie,Eye Patch,,
4311,Steel,Shadow,Bald,,Teal,Taupe - Wide,Mustache,Purple,Gold,Tie,Rimless Glasses,,
4312,Slate,Shadow,Bald,,Teal,Brown - Flat,Blonde Mustache,Charcoal,Red,Bow Tie,Gold Headset,Insider,
4313,Sky Blue,Human,Classic Side,Brown,Green,Brown - Flat,Neutral,Navy,Red,Tie,Bluetooth Headset,Whale,
4314,Tan,Human,Bald,,Green,Taupe - Flat,Mustache,Forest,Blue,Tie,Bluetooth Headset,,
4315,Steel,Human,Wide Top,Dark Brown,Violet,Dark Brown - Flat,Blond Beard,Purple,Green,Tie,Headset,Diamond Hands,
4316,Slate,Marshmallow,Long Side,Dark Brown,Teal,Dark Brown - Wide,Smile,Navy,Purple,Tie,Gold Headset,,
4317,Trading Floor Green,Lemon,Classic Side,Gray Brown,Green,Brown - Wide,Open,Navy,Purple,Tie,Gold Headset,,
4318,Trading Floor Green,Human,Tall,Charcoal,Navy,Light Brown - Flat,Smile,Slate,Green,Tie,Rimless Glasses,Diamond Hands,
4319,Steel,Lemon,Wavy,Blonde,Brown,Taupe - Flat,Smile,Charcoal,Green,Tie,Crown,Whale,
4320,Slate,Marshmallow,Long Side,Dark Brown,Amber,Taupe - Flat,Beard,Forest,Gold,Tie,Sunglasses,,
4321,Steel,Devil,Bald,,Blue,Light Brown - Flat,Smile,Purple,Gold,Tie,Banded Frameless,,
4322,Slate,Robot,Bald,,Amber,Pink - Flat,Mustache,Slate,Green,Bow Tie,Bull Horns,,
4323,Bloomberg Orange,Shadow,Wide Top,Charcoal,Violet,Dark Brown - Flat,Neutral,Steel,Red,Tie,Monocle,,
4324,Trading Floor Green,Zombie,Wavy,Brown,Blue,Dark Brown - Flat,Smile,Purple,Blue,Tie,,Diamond Hands,
4325,Trading Floor Green,Marshmallow,Classic Side,Jet Black,Green,Taupe - Flat,Open,Steel,Purple,Bow Tie,,,
4326,Tan,Human,Wide Top,Jet Black,Green,Pink - Flat,Open,Purple,Teal,Bow Tie,Bluetooth Headset,,
4327,Trading Floor Green,Human,Wide Top,Jet Black,Navy,Light Brown - Flat,Neutral,Charcoal,Blue,Bow Tie,Rimless Glasses,Whale,
4328,Light Blue,Robot,Wavy,Gray Brown,Violet,Light Brown - Wide,Smirk,Steel,Green,Tie,Banded Frameless,Insider,
4329,Sky Blue,Robot,Long Side,Jet Black,Slate Gray,Pink - Flat,Gray Beard,Slate,Red,Tie,Banded Frameless,,
4330,Sky Blue,Alien,Tall,Blonde,Teal,Taupe - Flat,Neutral,Charcoal,Gold,Bow Tie,,,
4331,Trading Floor Green,Zombie,Short Crop,Dark Brown,Amber,Light Brown - Wide,Gray Beard,Charcoal,Teal,Tie,Blue Boom Headset,,
4332,Tan,Zombie,Short Crop,Dark Brown,Slate Gray,Light Brown - Flat,Neutral,Steel,Red,Tie,Crown,,White
4333,Steel,Lemon,Wavy,Charcoal,Amber,Light Brown - Wide,Smile,Steel,Blue,Tie,Headset,,
4334,Trading Floor Green,Zombie,Classic Side,Light Brown,Violet,Light Brown - Wide,Beard,Navy,Teal,Bow Tie,3D Glasses,,
4335,Steel,Human,Tall,Light Brown,Amber,Pink - Flat,Mustache,Steel,Purple,Tie,3D Glasses,Insider,
4336,Pale Blue,Robot,Bald,,Navy,Taupe - Flat,Gold Tooth,Purple,Green,Bow Tie,Sunglasses,Diamond Hands,
4337,Trading Floor Green,Human,Bald,,Slate Gray,Dark Brown - Flat,Open,Steel,Gold,Tie,Headset,Whale,
4338,Steel,Devil,Wavy,Brown,Violet,Taupe - Flat,Smirk,Charcoal,Teal,Tie,Bluetooth Headset,Insider,
4339,Slate,Zombie,Classic Side,Dark Brown,Brown,Pink - Flat,Beard,Navy,Teal,Tie,,,
4340,Pale Blue,Human,Tall,Blonde,Navy,Dark Brown - Wide,Open,Forest,Red,Tie,Banded Frameless,,
4341,Pale Blue,Devil,Bald,,Violet,Taupe - Flat,Open,Purple,Red,Bow Tie,3D Glasses,,
4342,Trading Floor Green,Shadow,Tall,Brown,Brown,Dark Brown - Wide,Neutral,Purple,Gold,Tie,Crown,Whale,
4343,Tan,Shadow,Bald,,Blue,Taupe - Flat,Neutral,Forest,Purple,Tie,,Insider,
4344,Pale Blue,Shadow,Short Crop,Charcoal,Slate Gray,Dark Brown - Wide,Open,Slate,Red,Bow Tie,Eye Patch,Whale,
4345,Sky Blue,Human,Classic Side,Light Brown,Green,Taupe - Wide,Beard,Navy,Blue,Tie,Bluetooth Headset,Whale,
4346,Tan,Human,Short Crop,Brown,Amber,Dark Brown - Wide,Mustache,Navy,Green,Tie,Headset,Whale,
4347,Pale Blue,Lemon,Tall,Gray Brown,Navy,Dark Brown - Wide,Smile,Charcoal,Gold,Tie,Banded Frameless,Diamond Hands,White
4348,Sky Blue,Lemon,Bald,,Violet,Pink - Flat,Neutral,Slate,Blue,Tie,Sunglasses,,
4349,Bloomberg Orange,Human,Short Crop,Blonde,Amber,Light Brown - Wide,Gold Tooth,Purple,Teal,Tie,Sunglasses,,
4350,Slate,Devil,Wavy,Charcoal,Slate Gray,Brown - Flat,Mustache,Navy,Blue,Tie,3D Glasses,,
4351,Pale Blue,Alien,Bald,,Brown,Brown - Wide,Mustache,Steel,Red,Tie,Rimless Glasses,,
4352,Bloomberg Orange,Marshmallow,Tall,Gray Brown,Teal,Taupe - Flat,Smirk,Navy,Red,Tie,Bluetooth Headset,Diamond Hands,
4353,Steel,Lemon,Wavy,Blonde,Green,Brown - Wide,Gold Tooth,Purple,Purple,Bow Tie,Banded Frameless,Insider,
4354,Sky Blue,Devil,Wavy,Dark Brown,Brown,Brown - Flat,Mustache,Rainbow,Blue,Bow Tie,Banded Frameless,,
4355,Slate,Human,Tall,Charcoal,Amber,Dark Brown - Wide,Open,Navy,Red,Tie,Crown,Whale,
4356,Pale Blue,Robot,Bald,,Blue,Taupe - Flat,Neutral,Charcoal,Purple,Bow Tie,3D Glasses,,
4357,Trading Floor Green,Lemon,Short Crop,Brown,Amber,Dark Brown - Flat,Smile,Slate,Red,Tie,Monocle,Whale,
4358,Tan,Human,Long Side,Brown,Violet,Taupe - Flat,Mustache,Navy,Blue,Bow Tie,Golden Devil Horns,,
4359,Bloomberg Orange,Human,Classic Side,Dark Brown,Violet,Dark Brown - Flat,Smile,Navy,Red,Bow Tie,Blue Boom Headset,Insider,
4360,Sky Blue,Human,Bald,,Teal,Taupe - Flat,Open,Steel,Green,Tie,Bull Horns,,
4361,Sky Blue,Marshmallow,Bald,,Green,Light Brown - Flat,Open,Slate,Teal,Tie,3D Glasses,,
4362,Light Blue,Human,Tall,Dark Brown,Slate Gray,Light Brown - Wide,Smirk,Slate,Green,Bow Tie,Bull Horns,,
4363,Tan,Robot,Tall,Blonde,Blue,Pink - Flat,Smile,Navy,Green,Bow Tie,3D Glasses,,
4364,Bloomberg Orange,Human,Tall,Brown,Violet,Dark Brown - Wide,Smirk,Purple,Green,Bow Tie,Banded Frameless,Whale,
4365,Light Blue,Human,Tall,Brown,Violet,Brown - Flat,Mustache,Slate,Blue,Tie,Gold Banded Frameless,,
4366,Trading Floor Green,Human,Tall,Dark Brown,Green,Brown - Wide,Smirk,Charcoal,Teal,Tie,3D Glasses,Insider,
4367,Bloomberg Orange,Robot,Short Crop,Jet Black,Brown,Taupe - Wide,Neutral,Purple,Purple,Bow Tie,Bluetooth Headset,,
4368,Pale Blue,Devil,Classic Side,Charcoal,Navy,,Beard,Navy,Red,Tie,Monocle,,
4369,Sky Blue,Human,Wavy,Jet Black,Brown,Brown - Wide,Open,Forest,Blue,Tie,Rimless Glasses,,
4370,Bloomberg Orange,Human,Tall,Light Brown,Teal,Light Brown - Flat,Smile,Slate,Teal,Tie,Gold Headset,,
4371,Steel,Alien,Wide Top,Gray Brown,Navy,Dark Brown - Wide,Gray Beard,Slate,Blue,Tie,Headset,,
4372,Tan,Human,Tall,Dark Brown,Teal,,Gold Tooth,Slate,Green,Tie,Blue Boom Headset,,
4373,Slate,Zombie,Wavy,Jet Black,Green,Light Brown - Wide,Open,Purple,Teal,Tie,Golden Devil Horns,,
4374,Bloomberg Orange,Human,Short Crop,Jet Black,Teal,Taupe - Wide,Beard,Slate,Red,Tie,Sunglasses,,
4375,Bloomberg Orange,Human,Short Crop,Brown,Amber,Brown - Wide,Blond Beard,Charcoal,Blue,Tie,Golden Devil Horns,Insider,
4376,Sky Blue,Robot,Tall,Brown,Amber,Pink - Flat,Beard,Charcoal,Blue,Bow Tie,Monocle,Whale,
4377,Tan,Human,Long Side,Brown,Green,,Smile,Charcoal,Blue,Tie,Sunglasses,,
4378,Trading Floor Green,Human,Long Side,Light Brown,Teal,Dark Brown - Wide,Neutral,Charcoal,Gold,Bow Tie,Bluetooth Headset,Whale,
4379,Bloomberg Orange,Devil,Bald,,Green,Taupe - Wide,Mustache,Purple,Green,Tie,Bluetooth Headset,,
4380,Light Blue,Alien,Tall,Gray Brown,Slate Gray,Light Brown - Wide,Beard,Purple,Gold,Tie,Banded Frameless,Insider,
4381,Bloomberg Orange,Robot,Tall,Gray Brown,Teal,Dark Brown - Flat,Blond Beard,Forest,Teal,Tie,,,
4382,Slate,Lemon,Bald,,Violet,Dark Brown - Flat,Beard,Forest,Gold,Tie,Banded Frameless,,
4383,Tan,Human,Tall,Charcoal,Teal,Dark Brown - Wide,Beard,Purple,Blue,Bow Tie,Rimless Glasses,Whale,
4384,Sky Blue,Human,Wavy,Gray Brown,Green,Pink - Wide,Smile,Forest,Blue,Bow Tie,Sunglasses,Whale,
4385,Slate,Human,Classic Side,Gray Brown,Brown,Brown - Flat,Blonde Mustache,Navy,Teal,Tie,Gold Banded Frameless,,
4386,Light Blue,Devil,Tall,Jet Black,Slate Gray,Dark Brown - Flat,Gold Tooth,Navy,Gold,Tie,Devil Horns,Insider,
4387,Sky Blue,Alien,Long Side,Gray Brown,Green,Dark Brown - Flat,Neutral,Charcoal,Green,Tie,Golden Devil Horns,,
4388,Light Blue,Zombie,Short Crop,Light Brown,Brown,Brown - Wide,Smile,Navy,Teal,Tie,Crown,Insider,
4389,Sky Blue,Human,Short Crop,Gray Brown,Green,Light Brown - Wide,Neutral,Forest,Purple,Tie,Sunglasses,Whale,
4390,Bloomberg Orange,Human,Tall,Brown,Brown,Brown - Flat,Open,Navy,Purple,Tie,,,
4391,Steel,Zombie,Wavy,Blonde,Amber,Light Brown - Wide,Blond Beard,Forest,Teal,Tie,Headset,,
4392,Bloomberg Orange,Human,Wide Top,Blonde,Amber,Light Brown - Flat,Mustache,Purple,Purple,Tie,Sunglasses,,
4393,Tan,Lemon,Tall,Gray Brown,Amber,Pink - Flat,Gray Beard,Slate,Purple,Tie,3D Glasses,,
4394,Tan,Devil,Classic Side,Brown,Green,Taupe - Flat,Beard,Charcoal,Purple,Tie,Headset,,
4395,Pale Blue,Marshmallow,Classic Side,Jet Black,Blue,Brown - Flat,Smile,Slate,Gold,Bow Tie,Bluetooth Headset,Insider,
4396,Light Blue,Marshmallow,Long Side,Blonde,Blue,Taupe - Flat,Beard,Navy,Teal,Tie,3D Glasses,Whale,
4397,Steel,Devil,Wavy,Jet Black,Slate Gray,Dark Brown - Wide,Beard,Forest,Red,Tie,3D Glasses,,
4398,Pale Blue,Lemon,Classic Side,Light Brown,Amber,Dark Brown - Flat,Smile,Navy,Blue,Bow Tie,Devil Horns,Whale,
4399,Pale Blue,Alien,Classic Side,Light Brown,Amber,Light Brown - Flat,Smirk,Purple,Purple,Tie,Bull Horns,,
4400,Tan,Human,Bald,,Amber,Taupe - Flat,Mustache,Steel,Blue,Tie,3D Glasses,,
4401,Bloomberg Orange,Robot,Classic Side,Jet Black,Teal,Pink - Wide,Beard,Navy,Green,Bow Tie,,Whale,
4402,Sky Blue,Alien,Short Crop,Dark Brown,Slate Gray,Pink - Wide,Neutral,Forest,Teal,Bow Tie,Headset,,
4403,Sky Blue,Human,Long Side,Gray Brown,Green,Brown - Wide,Gold Tooth,Charcoal,Teal,Tie,Banded Frameless,,
4404,Slate,Lemon,Long Side,Brown,Amber,Pink - Wide,Smile,Purple,Teal,Bow Tie,Bluetooth Headset,,
4405,Pale Blue,Shadow,Long Side,Light Brown,Amber,Taupe - Wide,Beard,Purple,Teal,Tie,Crown,,
4406,Slate,Robot,Tall,Brown,Green,Light Brown - Wide,Smirk,Steel,Red,Tie,Sunglasses,Diamond Hands,
4407,Trading Floor Green,Devil,Classic Side,Light Brown,Brown,Taupe - Wide,Beard,Purple,Teal,Tie,,,
4408,Light Blue,Lemon,Long Side,Charcoal,Brown,,Neutral,Slate,Green,Tie,Headset,,
4409,Tan,Human,Long Side,Brown,Navy,Dark Brown - Wide,Smile,Charcoal,Teal,Tie,3D Glasses,Diamond Hands,
4410,Bloomberg Orange,Human,Long Side,Brown,Blue,Dark Brown - Wide,Open,Forest,Green,Tie,,,
4411,Sky Blue,Lemon,Wavy,Brown,Blue,Dark Brown - Flat,Open,Slate,Green,Bow Tie,Golden Devil Horns,Whale,
4412,Tan,Zombie,Bald,,Violet,,Neutral,Steel,Purple,Tie,Crown,,
4413,Bloomberg Orange,Human,Wavy,Jet Black,Slate Gray,Brown - Wide,Neutral,Purple,Blue,Tie,Headset,Insider,
4414,Steel,Lemon,Wide Top,Charcoal,Amber,Brown - Flat,Beard,Purple,Red,Tie,Crown,Diamond Hands,
4415,Trading Floor Green,Zombie,Classic Side,Jet Black,Brown,Dark Brown - Flat,Neutral,Slate,Red,Tie,Eye Patch,,
4416,Steel,Human,Tall,Brown,Green,Taupe - Wide,Open,Steel,Blue,Tie,Bluetooth Headset,Insider,
4417,Pale Blue,Alien,Tall,Jet Black,Navy,Taupe - Flat,Smirk,Steel,Teal,Tie,3D Glasses,,
4418,Light Blue,Human,Long Side,Gray Brown,Slate Gray,Taupe - Flat,Smile,Purple,Gold,Tie,3D Glasses,Whale,
4419,Sky Blue,Marshmallow,Bald,,Amber,Light Brown - Flat,Smirk,Slate,Purple,Bow Tie,3D Glasses,,
4420,Steel,Alien,Classic Side,Blonde,Navy,Taupe - Wide,Beard,Steel,Purple,Tie,Headset,,
4421,Sky Blue,Shadow,Long Side,Charcoal,Amber,Light Brown - Flat,Neutral,Charcoal,Purple,Tie,Sunglasses,,
4422,Pale Blue,Devil,Classic Side,Dark Brown,Amber,Brown - Wide,Smile,Purple,Teal,Tie,Headset,,
4423,Trading Floor Green,Lemon,Short Crop,Gray Brown,Amber,Brown - Flat,Neutral,Charcoal,Gold,Tie,Headset,,
4424,Bloomberg Orange,Human,Classic Side,Dark Brown,Green,Light Brown - Flat,Smile,Forest,Blue,Tie,Banded Frameless,,
4425,Tan,Devil,Wide Top,Light Brown,Blue,Dark Brown - Flat,Mustache,Charcoal,Teal,Tie,,,
4426,Sky Blue,Marshmallow,Short Crop,Charcoal,Teal,Taupe - Wide,Neutral,Navy,Purple,Bow Tie,Golden Devil Horns,Insider,
4427,Steel,Human,Bald,,Teal,Light Brown - Flat,Smile,Slate,Teal,Bow Tie,Rimless Glasses,Insider,
4428,Slate,Lemon,Tall,Dark Brown,Blue,Light Brown - Wide,Beard,Slate,Teal,Bow Tie,Sunglasses,Whale,
4429,Trading Floor Green,Human,Long Side,Gray Brown,Navy,,Smile,Steel,Green,Tie,Banded Frameless,,
4430,Sky Blue,Robot,Classic Side,Charcoal,Teal,Light Brown - Wide,Neutral,Navy,Purple,Tie,Banded Frameless,,
4431,Bloomberg Orange,Devil,Wide Top,Gray Brown,Green,Dark Brown - Wide,Smile,Steel,Blue,Tie,Bluetooth Headset,,
4432,Trading Floor Green,Robot,Tall,Charcoal,Navy,,Beard,Charcoal,Gold,Bow Tie,Gold Headset,,
4433,Bloomberg Orange,Shadow,Tall,Blonde,Slate Gray,Brown - Wide,Open,Slate,Teal,Tie,Rimless Glasses,,
4434,Tan,Marshmallow,Short Crop,Dark Brown,Violet,Dark Brown - Flat,Blonde Mustache,Slate,Blue,Tie,Bluetooth Headset,,
4435,Bloomberg Orange,Alien,Long Side,Jet Black,Teal,Brown - Wide,Neutral,Charcoal,Gold,Tie,Banded Frameless,,
4436,Light Blue,Devil,Short Crop,Gray Brown,Navy,Taupe - Wide,Beard,Charcoal,Blue,Tie,Headset,Insider,
4437,Steel,Human,Classic Side,Jet Black,Amber,Taupe - Flat,Smirk,Slate,Green,Bow Tie,Banded Frameless,,
4438,Steel,Robot,Wide Top,Dark Brown,Amber,Brown - Wide,Smirk,Forest,Purple,Bow Tie,Bluetooth Headset,,
4439,Steel,Alien,Long Side,Light Brown,Teal,Light Brown - Flat,Open,Navy,Green,Tie,Headset,Insider,
4440,Slate,Devil,Wide Top,Jet Black,Navy,Taupe - Wide,Mustache,Steel,Red,Tie,Crown,,
4441,Steel,Shadow,Bald,,Amber,Light Brown - Wide,Open,Slate,Gold,Tie,Rimless Glasses,,
4442,Tan,Robot,Short Crop,Gray Brown,Navy,Taupe - Flat,Mustache,Purple,Green,Tie,3D Glasses,,
4443,Pale Blue,Marshmallow,Short Crop,Jet Black,Navy,Brown - Flat,Beard,Forest,Gold,Tie,Banded Frameless,Insider,
4444,Tan,Lemon,Bald,,Teal,Brown - Flat,Beard,Navy,Purple,Tie,Crown,,
